{
"type": "FeatureCollection",
"name": "maharashtra_jurisdictions",
"crs": { "type": "name", "properties": { "name": "urn:ogc:def:crs:OGC:1.3:CRS84" } },
"features": [
{ "type": "Feature", "properties": { "jurisdiction": "Ahmadnagar", "total_segments": 270.0, "flagged_segments": 8.0, "mean_sss": 48.4, "flagged_pct": 3.0 }, "geometry": { "type": "MultiPolygon", "coordinates": [ [ [ [ 74.9212, 18.8311 ], [ 74.971, 18.8249 ], [ 74.9909, 18.7978 ], [ 75.0122, 18.8045 ], [ 75.0062, 18.7886 ], [ 75.0113, 18.7793 ], [ 75.0406, 18.7634 ], [ 75.0772, 18.7177 ], [ 75.1057, 18.7031 ], [ 75.1469, 18.6529 ], [ 75.1779, 18.6327 ], [ 75.1872, 18.6125 ], [ 75.1772, 18.6037 ], [ 75.1833, 18.5958 ], [ 75.1726, 18.5811 ], [ 75.2184, 18.5543 ], [ 75.2004, 18.5284 ], [ 75.1627, 18.5198 ], [ 75.1382, 18.5261 ], [ 75.129, 18.4937 ], [ 75.109, 18.4891 ], [ 75.0961, 18.4336 ], [ 75.0822, 18.4203 ], [ 75.0626, 18.4198 ], [ 75.0539, 18.4295 ], [ 75.02, 18.4365 ], [ 75.0079, 18.4027 ], [ 74.9875, 18.3995 ], [ 74.9693, 18.3849 ], [ 74.9199, 18.3769 ], [ 74.9115, 18.3559 ], [ 74.8755, 18.3526 ], [ 74.8682, 18.3345 ], [ 74.8562, 18.3305 ], [ 74.8005, 18.3508 ], [ 74.813, 18.3858 ], [ 74.7845, 18.4082 ], [ 74.7597, 18.3962 ], [ 74.7394, 18.3977 ], [ 74.7196, 18.4301 ], [ 74.7317, 18.4795 ], [ 74.7098, 18.504 ], [ 74.6645, 18.4852 ], [ 74.6629, 18.4736 ], [ 74.6796, 18.4611 ], [ 74.6487, 18.4496 ], [ 74.6174, 18.4673 ], [ 74.5858, 18.4731 ], [ 74.5593, 18.4987 ], [ 74.5552, 18.5137 ], [ 74.5784, 18.5321 ], [ 74.5766, 18.5446 ], [ 74.5869, 18.5477 ], [ 74.5492, 18.5833 ], [ 74.5561, 18.6139 ], [ 74.5163, 18.6158 ], [ 74.4803, 18.6411 ], [ 74.5171, 18.6674 ], [ 74.5129, 18.6774 ], [ 74.4922, 18.6746 ], [ 74.4847, 18.6815 ], [ 74.4828, 18.7222 ], [ 74.4569, 18.7194 ], [ 74.4467, 18.7386 ], [ 74.4308, 18.7489 ], [ 74.4055, 18.7413 ], [ 74.4056, 18.7773 ], [ 74.3915, 18.8032 ], [ 74.4034, 18.8305 ], [ 74.3578, 18.8437 ], [ 74.3383, 18.8374 ], [ 74.3278, 18.8434 ], [ 74.3176, 18.8535 ], [ 74.3007, 18.9033 ], [ 74.2772, 18.921 ], [ 74.2568, 18.9529 ], [ 74.2464, 18.9535 ], [ 74.2461, 18.9643 ], [ 74.2296, 18.9761 ], [ 74.2309, 18.9923 ], [ 74.2193, 18.9954 ], [ 74.2213, 19.007 ], [ 74.1818, 19.036 ], [ 74.207, 19.0877 ], [ 74.204, 19.106 ], [ 74.2171, 19.1252 ], [ 74.2312, 19.1299 ], [ 74.2424, 19.1235 ], [ 74.2713, 19.1628 ], [ 74.2744, 19.1848 ], [ 74.3104, 19.189 ], [ 74.3225, 19.2083 ], [ 74.2711, 19.2243 ], [ 74.2281, 19.2017 ], [ 74.1752, 19.2199 ], [ 74.1656, 19.2029 ], [ 74.1595, 19.222 ], [ 74.1351, 19.2203 ], [ 74.0961, 19.2351 ], [ 74.1008, 19.2264 ], [ 74.0604, 19.2439 ], [ 74.0545, 19.2584 ], [ 74.0417, 19.2504 ], [ 74.034, 19.269 ], [ 74.039, 19.2839 ], [ 74.0213, 19.2958 ], [ 74.0347, 19.3007 ], [ 74.0354, 19.3105 ], [ 74.0202, 19.3258 ], [ 74.0072, 19.3577 ], [ 73.9384, 19.3407 ], [ 73.9224, 19.3654 ], [ 73.9038, 19.3744 ], [ 73.892, 19.3764 ], [ 73.8855, 19.3631 ], [ 73.8705, 19.358 ], [ 73.8216, 19.393 ], [ 73.8049, 19.3946 ], [ 73.7897, 19.3861 ], [ 73.7635, 19.397 ], [ 73.7611, 19.4095 ], [ 73.7382, 19.4145 ], [ 73.7373, 19.4303 ], [ 73.7158, 19.4316 ], [ 73.6953, 19.4438 ], [ 73.6842, 19.4626 ], [ 73.7156, 19.4831 ], [ 73.7175, 19.4964 ], [ 73.6949, 19.5162 ], [ 73.6768, 19.5143 ], [ 73.6649, 19.5348 ], [ 73.6436, 19.5328 ], [ 73.6348, 19.5428 ], [ 73.6372, 19.5726 ], [ 73.6288, 19.5871 ], [ 73.6469, 19.5975 ], [ 73.672, 19.5864 ], [ 73.6916, 19.5891 ], [ 73.7178, 19.5998 ], [ 73.7209, 19.6141 ], [ 73.7305, 19.6195 ], [ 73.786, 19.632 ], [ 73.7872, 19.6426 ], [ 73.8016, 19.646 ], [ 73.7892, 19.6505 ], [ 73.7915, 19.661 ], [ 73.8136, 19.6788 ], [ 73.8029, 19.6879 ], [ 73.8212, 19.6859 ], [ 73.827, 19.7088 ], [ 73.843, 19.7177 ], [ 73.8503, 19.7413 ], [ 73.8752, 19.7499 ], [ 73.8772, 19.7428 ], [ 73.8906, 19.7422 ], [ 73.8986, 19.7529 ], [ 73.9089, 19.7469 ], [ 73.904, 19.7194 ], [ 73.92, 19.7054 ], [ 73.9135, 19.6966 ], [ 73.923, 19.6819 ], [ 73.9657, 19.6704 ], [ 73.9873, 19.6767 ], [ 73.9984, 19.6705 ], [ 74.0263, 19.6727 ], [ 74.0773, 19.6605 ], [ 74.1034, 19.6402 ], [ 74.1077, 19.6474 ], [ 74.128, 19.6442 ], [ 74.1501, 19.6738 ], [ 74.1424, 19.6954 ], [ 74.1599, 19.6911 ], [ 74.1739, 19.7286 ], [ 74.252, 19.7445 ], [ 74.2841, 19.779 ], [ 74.3248, 19.768 ], [ 74.3394, 19.7997 ], [ 74.3836, 19.8066 ], [ 74.3776, 19.8365 ], [ 74.3692, 19.8368 ], [ 74.3702, 19.8713 ], [ 74.3464, 19.8741 ], [ 74.3439, 19.8868 ], [ 74.2835, 19.9089 ], [ 74.2787, 19.9337 ], [ 74.2561, 19.9375 ], [ 74.2575, 19.9648 ], [ 74.2892, 19.9597 ], [ 74.2957, 19.9875 ], [ 74.3152, 19.9678 ], [ 74.3253, 19.9862 ], [ 74.3536, 19.9845 ], [ 74.357, 19.9671 ], [ 74.3713, 19.9663 ], [ 74.3721, 19.9749 ], [ 74.3837, 19.9724 ], [ 74.3913, 19.9813 ], [ 74.4507, 19.975 ], [ 74.4743, 19.9886 ], [ 74.4904, 19.9808 ], [ 74.4852, 19.9671 ], [ 74.501, 19.9644 ], [ 74.5023, 19.9703 ], [ 74.5363, 19.9763 ], [ 74.5782, 19.9554 ], [ 74.6777, 19.9476 ], [ 74.6863, 19.9259 ], [ 74.6604, 19.9231 ], [ 74.6536, 19.9107 ], [ 74.6526, 19.8621 ], [ 74.6678, 19.862 ], [ 74.6653, 19.8399 ], [ 74.6113, 19.8505 ], [ 74.6061, 19.8024 ], [ 74.5967, 19.7878 ], [ 74.6025, 19.7738 ], [ 74.6202, 19.7731 ], [ 74.6407, 19.7951 ], [ 74.661, 19.7793 ], [ 74.6963, 19.7693 ], [ 74.6998, 19.7602 ], [ 74.7118, 19.7631 ], [ 74.7074, 19.773 ], [ 74.7173, 19.7831 ], [ 74.728, 19.7534 ], [ 74.711, 19.7226 ], [ 74.7342, 19.7243 ], [ 74.7343, 19.7 ], [ 74.7555, 19.6915 ], [ 74.7916, 19.7174 ], [ 74.8107, 19.7038 ], [ 74.7922, 19.6884 ], [ 74.7863, 19.6725 ], [ 74.7847, 19.6531 ], [ 74.793, 19.6503 ], [ 74.8288, 19.6731 ], [ 74.8569, 19.6487 ], [ 74.8924, 19.6571 ], [ 74.9024, 19.6447 ], [ 74.9311, 19.6502 ], [ 74.9418, 19.6411 ], [ 74.97, 19.6479 ], [ 75.0035, 19.6225 ], [ 75.0414, 19.6248 ], [ 75.048, 19.6113 ], [ 75.065, 19.6041 ], [ 75.0955, 19.6102 ], [ 75.1583, 19.5883 ], [ 75.1749, 19.5969 ], [ 75.1973, 19.594 ], [ 75.2093, 19.5791 ], [ 75.2096, 19.5626 ], [ 75.2602, 19.5241 ], [ 75.2663, 19.5245 ], [ 75.2735, 19.5517 ], [ 75.2839, 19.5497 ], [ 75.2794, 19.5136 ], [ 75.3083, 19.5084 ], [ 75.317, 19.4947 ], [ 75.3292, 19.4948 ], [ 75.3353, 19.5037 ], [ 75.3329, 19.4799 ], [ 75.3405, 19.4792 ], [ 75.345, 19.4974 ], [ 75.3583, 19.5013 ], [ 75.3638, 19.4803 ], [ 75.3522, 19.4817 ], [ 75.3438, 19.4641 ], [ 75.3288, 19.4638 ], [ 75.3272, 19.4546 ], [ 75.3345, 19.4376 ], [ 75.3517, 19.4485 ], [ 75.3584, 19.4418 ], [ 75.3455, 19.4063 ], [ 75.3685, 19.398 ], [ 75.3981, 19.4153 ], [ 75.4324, 19.4166 ], [ 75.4462, 19.4281 ], [ 75.4549, 19.4124 ], [ 75.48, 19.422 ], [ 75.4914, 19.4168 ], [ 75.4908, 19.3796 ], [ 75.5193, 19.3845 ], [ 75.5373, 19.3755 ], [ 75.5212, 19.3302 ], [ 75.546, 19.3263 ], [ 75.5435, 19.309 ], [ 75.5193, 19.277 ], [ 75.4947, 19.2598 ], [ 75.4662, 19.2527 ], [ 75.4476, 19.2174 ], [ 75.4267, 19.2191 ], [ 75.4075, 19.1994 ], [ 75.4081, 19.1902 ], [ 75.4305, 19.1716 ], [ 75.451, 19.1704 ], [ 75.4566, 19.1424 ], [ 75.4295, 19.1368 ], [ 75.436, 19.1168 ], [ 75.4559, 19.1261 ], [ 75.4872, 19.1261 ], [ 75.4893, 19.104 ], [ 75.4591, 19.0846 ], [ 75.4521, 19.0836 ], [ 75.45, 19.0918 ], [ 75.3867, 19.0781 ], [ 75.3713, 19.0894 ], [ 75.4129, 19.1343 ], [ 75.4018, 19.1391 ], [ 75.3574, 19.1255 ], [ 75.3545, 19.1477 ], [ 75.3349, 19.1504 ], [ 75.337, 19.1296 ], [ 75.3644, 19.1081 ], [ 75.367, 19.0765 ], [ 75.3382, 19.0815 ], [ 75.3231, 19.0936 ], [ 75.2864, 19.0835 ], [ 75.2968, 19.0689 ], [ 75.2901, 19.0324 ], [ 75.333, 19.0323 ], [ 75.3496, 19.0231 ], [ 75.3443, 18.9899 ], [ 75.3241, 18.9807 ], [ 75.2958, 18.9785 ], [ 75.276, 18.9927 ], [ 75.2749, 19.0142 ], [ 75.2642, 19.0253 ], [ 75.2733, 19.0532 ], [ 75.2663, 19.07 ], [ 75.243, 19.062 ], [ 75.2295, 19.066 ], [ 75.2255, 19.1106 ], [ 75.1932, 19.0931 ], [ 75.2001, 19.0656 ], [ 75.192, 19.0503 ], [ 75.2093, 19.0376 ], [ 75.2129, 19.0231 ], [ 75.1844, 19.013 ], [ 75.1717, 19.0361 ], [ 75.1041, 19.0444 ], [ 75.075, 19.0579 ], [ 75.0796, 19.0667 ], [ 75.0935, 19.0691 ], [ 75.0844, 19.0807 ], [ 75.1004, 19.0797 ], [ 75.1133, 19.1241 ], [ 75.0825, 19.1201 ], [ 75.0774, 19.1042 ], [ 75.0577, 19.0991 ], [ 75.0573, 19.1064 ], [ 75.0316, 19.104 ], [ 75.0292, 19.1136 ], [ 75.0146, 19.1046 ], [ 74.9843, 19.1176 ], [ 74.9843, 19.1115 ], [ 74.9463, 19.1302 ], [ 74.9257, 19.0883 ], [ 74.9203, 19.0402 ], [ 74.9562, 19.0332 ], [ 74.9529, 19.0058 ], [ 74.9645, 18.9964 ], [ 74.9569, 18.9687 ], [ 74.9432, 18.9767 ], [ 74.9211, 18.9603 ], [ 74.9037, 18.9794 ], [ 74.8824, 18.9832 ], [ 74.8471, 18.9685 ], [ 74.8311, 18.9883 ], [ 74.8168, 18.9731 ], [ 74.8218, 18.964 ], [ 74.8397, 18.9588 ], [ 74.843, 18.9463 ], [ 74.8328, 18.9385 ], [ 74.8528, 18.9247 ], [ 74.8624, 18.9046 ], [ 74.8727, 18.8992 ], [ 74.883, 18.9114 ], [ 74.8906, 18.9097 ], [ 74.9032, 18.8475 ], [ 74.9257, 18.852 ], [ 74.9212, 18.8311 ] ] ] ] } },
{ "type": "Feature", "properties": { "jurisdiction": "Akola", "total_segments": 65.0, "flagged_segments": 5.0, "mean_sss": 55.2, "flagged_pct": 7.7 }, "geometry": { "type": "MultiPolygon", "coordinates": [ [ [ [ 77.0225, 20.4515 ], [ 77.0154, 20.4139 ], [ 76.9917, 20.4097 ], [ 76.9957, 20.3959 ], [ 76.9747, 20.3837 ], [ 76.9775, 20.3731 ], [ 76.9497, 20.3656 ], [ 76.9326, 20.3715 ], [ 76.9285, 20.3604 ], [ 76.9188, 20.3612 ], [ 76.8984, 20.3417 ], [ 76.8903, 20.3192 ], [ 76.9068, 20.3151 ], [ 76.8829, 20.2987 ], [ 76.8744, 20.2793 ], [ 76.8617, 20.2988 ], [ 76.8381, 20.3025 ], [ 76.8202, 20.2815 ], [ 76.7904, 20.2872 ], [ 76.7843, 20.2992 ], [ 76.7911, 20.3165 ], [ 76.7682, 20.3236 ], [ 76.7678, 20.3151 ], [ 76.7426, 20.3274 ], [ 76.7454, 20.3393 ], [ 76.7252, 20.3396 ], [ 76.7264, 20.3451 ], [ 76.6981, 20.3546 ], [ 76.7073, 20.3867 ], [ 76.7235, 20.3907 ], [ 76.7261, 20.4028 ], [ 76.7185, 20.42 ], [ 76.7123, 20.4196 ], [ 76.7131, 20.4384 ], [ 76.6924, 20.4598 ], [ 76.6973, 20.4734 ], [ 76.7074, 20.4722 ], [ 76.7034, 20.485 ], [ 76.715, 20.515 ], [ 76.7374, 20.5121 ], [ 76.7355, 20.4932 ], [ 76.749, 20.4994 ], [ 76.761, 20.5421 ], [ 76.7553, 20.6012 ], [ 76.7153, 20.6526 ], [ 76.7153, 20.7002 ], [ 76.7343, 20.7212 ], [ 76.7438, 20.8012 ], [ 76.6981, 20.8775 ], [ 76.6623, 20.9189 ], [ 76.671, 20.921 ], [ 76.6634, 20.9276 ], [ 76.6791, 20.931 ], [ 76.6868, 20.9184 ], [ 76.7448, 20.9298 ], [ 76.7713, 20.924 ], [ 76.773, 20.9113 ], [ 76.7838, 20.9103 ], [ 76.7847, 20.9288 ], [ 76.7739, 20.9336 ], [ 76.7851, 20.9438 ], [ 76.7864, 20.9638 ], [ 76.806, 20.9594 ], [ 76.8042, 20.9732 ], [ 76.7819, 20.9731 ], [ 76.7806, 20.9921 ], [ 76.7743, 20.9919 ], [ 76.7765, 21.005 ], [ 76.7871, 21.0051 ], [ 76.7872, 21.0337 ], [ 76.7765, 21.0302 ], [ 76.7636, 21.0406 ], [ 76.7807, 21.0634 ], [ 76.7724, 21.0908 ], [ 76.7867, 21.1123 ], [ 76.7747, 21.1453 ], [ 76.7733, 21.191 ], [ 76.7908, 21.1868 ], [ 76.9194, 21.2043 ], [ 76.9968, 21.2061 ], [ 77.0036, 21.2091 ], [ 77.0018, 21.2309 ], [ 77.0214, 21.248 ], [ 77.0413, 21.2455 ], [ 77.0773, 21.2191 ], [ 77.0901, 21.2273 ], [ 77.1135, 21.2211 ], [ 77.1189, 21.2281 ], [ 77.1445, 21.2287 ], [ 77.1581, 21.24 ], [ 77.18, 21.2056 ], [ 77.1625, 21.1847 ], [ 77.1564, 21.1475 ], [ 77.1612, 21.1381 ], [ 77.1942, 21.1405 ], [ 77.1931, 21.1236 ], [ 77.1699, 21.1218 ], [ 77.1734, 21.0766 ], [ 77.1466, 21.0745 ], [ 77.1483, 21.0386 ], [ 77.1707, 21.0247 ], [ 77.1711, 21.0094 ], [ 77.1667, 20.9916 ], [ 77.1332, 20.989 ], [ 77.1336, 20.9761 ], [ 77.1603, 20.9734 ], [ 77.1342, 20.9178 ], [ 77.1316, 20.865 ], [ 77.1516, 20.8623 ], [ 77.1578, 20.8706 ], [ 77.1798, 20.8538 ], [ 77.2353, 20.8596 ], [ 77.2577, 20.8478 ], [ 77.2689, 20.8551 ], [ 77.2844, 20.8479 ], [ 77.3249, 20.8585 ], [ 77.3345, 20.8474 ], [ 77.393, 20.8451 ], [ 77.4082, 20.8516 ], [ 77.4306, 20.8463 ], [ 77.4369, 20.854 ], [ 77.461, 20.8568 ], [ 77.4529, 20.8621 ], [ 77.4591, 20.8805 ], [ 77.4764, 20.8807 ], [ 77.4739, 20.8639 ], [ 77.5262, 20.8494 ], [ 77.5478, 20.8545 ], [ 77.5515, 20.8257 ], [ 77.5676, 20.8096 ], [ 77.6074, 20.7995 ], [ 77.6161, 20.7701 ], [ 77.6127, 20.7611 ], [ 77.5878, 20.7584 ], [ 77.5854, 20.7491 ], [ 77.5686, 20.7424 ], [ 77.5625, 20.7223 ], [ 77.5154, 20.7298 ], [ 77.5048, 20.7113 ], [ 77.5124, 20.6993 ], [ 77.5216, 20.702 ], [ 77.5202, 20.6962 ], [ 77.5361, 20.6898 ], [ 77.5403, 20.6767 ], [ 77.5097, 20.6843 ], [ 77.5143, 20.6742 ], [ 77.5012, 20.6657 ], [ 77.4931, 20.6813 ], [ 77.4681, 20.6893 ], [ 77.4536, 20.6551 ], [ 77.4309, 20.6626 ], [ 77.4314, 20.6488 ], [ 77.4664, 20.6184 ], [ 77.4637, 20.6113 ], [ 77.4146, 20.6096 ], [ 77.4009, 20.5799 ], [ 77.3627, 20.5825 ], [ 77.3595, 20.5687 ], [ 77.3375, 20.5779 ], [ 77.3348, 20.5512 ], [ 77.3412, 20.5483 ], [ 77.3334, 20.5277 ], [ 77.3638, 20.5209 ], [ 77.3681, 20.5287 ], [ 77.395, 20.527 ], [ 77.3781, 20.4841 ], [ 77.3645, 20.4808 ], [ 77.3684, 20.4989 ], [ 77.3262, 20.4997 ], [ 77.3243, 20.4863 ], [ 77.3435, 20.4801 ], [ 77.3397, 20.4706 ], [ 77.3458, 20.466 ], [ 77.3304, 20.452 ], [ 77.2984, 20.4485 ], [ 77.2927, 20.4208 ], [ 77.2479, 20.4385 ], [ 77.2457, 20.4275 ], [ 77.2387, 20.4295 ], [ 77.2225, 20.4491 ], [ 77.1842, 20.4499 ], [ 77.1822, 20.4307 ], [ 77.1945, 20.4216 ], [ 77.19, 20.4081 ], [ 77.1497, 20.402 ], [ 77.1386, 20.3836 ], [ 77.1213, 20.4109 ], [ 77.0833, 20.4224 ], [ 77.076, 20.4387 ], [ 77.057, 20.4397 ], [ 77.0528, 20.4497 ], [ 77.0401, 20.4519 ], [ 77.0225, 20.4515 ] ] ] ] } },
{ "type": "Feature", "properties": { "jurisdiction": "Amravati", "total_segments": 151.0, "flagged_segments": 17.0, "mean_sss": 62.6, "flagged_pct": 11.3 }, "geometry": { "type": "MultiPolygon", "coordinates": [ [ [ [ 77.6157, 20.7813 ], [ 77.6089, 20.7796 ], [ 77.6074, 20.7995 ], [ 77.5676, 20.8096 ], [ 77.5515, 20.8257 ], [ 77.5478, 20.8545 ], [ 77.5262, 20.8494 ], [ 77.4739, 20.8639 ], [ 77.4764, 20.8807 ], [ 77.4591, 20.8805 ], [ 77.4529, 20.8621 ], [ 77.461, 20.8568 ], [ 77.4369, 20.854 ], [ 77.4306, 20.8463 ], [ 77.4082, 20.8516 ], [ 77.393, 20.8451 ], [ 77.3345, 20.8474 ], [ 77.3249, 20.8585 ], [ 77.2844, 20.8479 ], [ 77.2689, 20.8551 ], [ 77.2577, 20.8478 ], [ 77.2353, 20.8596 ], [ 77.1798, 20.8538 ], [ 77.1578, 20.8706 ], [ 77.1516, 20.8623 ], [ 77.1316, 20.865 ], [ 77.1342, 20.9178 ], [ 77.1603, 20.9734 ], [ 77.1336, 20.9761 ], [ 77.1332, 20.989 ], [ 77.1667, 20.9916 ], [ 77.1711, 21.0094 ], [ 77.1707, 21.0247 ], [ 77.1483, 21.0386 ], [ 77.1466, 21.0745 ], [ 77.1734, 21.0766 ], [ 77.1699, 21.1218 ], [ 77.1931, 21.1236 ], [ 77.1942, 21.1405 ], [ 77.1612, 21.1381 ], [ 77.1564, 21.1475 ], [ 77.1625, 21.1847 ], [ 77.18, 21.2056 ], [ 77.162, 21.2391 ], [ 77.1135, 21.2211 ], [ 77.0901, 21.2273 ], [ 77.0773, 21.2191 ], [ 77.0413, 21.2455 ], [ 77.0214, 21.248 ], [ 77.0018, 21.2309 ], [ 77.0036, 21.2091 ], [ 76.9968, 21.2061 ], [ 76.9194, 21.2043 ], [ 76.7908, 21.1868 ], [ 76.7641, 21.1961 ], [ 76.7586, 21.2233 ], [ 76.7465, 21.2242 ], [ 76.7471, 21.2554 ], [ 76.7222, 21.2913 ], [ 76.6611, 21.2824 ], [ 76.6245, 21.3351 ], [ 76.7321, 21.4088 ], [ 76.7434, 21.4431 ], [ 76.7842, 21.4665 ], [ 76.7918, 21.4899 ], [ 76.7629, 21.5226 ], [ 76.7878, 21.5401 ], [ 76.7802, 21.5625 ], [ 76.7953, 21.5975 ], [ 76.8335, 21.5931 ], [ 76.8521, 21.615 ], [ 76.9011, 21.6008 ], [ 76.9973, 21.6816 ], [ 77.0595, 21.7094 ], [ 77.0723, 21.7229 ], [ 77.1211, 21.7253 ], [ 77.1578, 21.7134 ], [ 77.1714, 21.7273 ], [ 77.188, 21.7226 ], [ 77.1843, 21.7045 ], [ 77.2074, 21.694 ], [ 77.2216, 21.7001 ], [ 77.2246, 21.7179 ], [ 77.258, 21.7158 ], [ 77.2674, 21.7291 ], [ 77.2831, 21.7242 ], [ 77.28, 21.7613 ], [ 77.4011, 21.7562 ], [ 77.4755, 21.7714 ], [ 77.4759, 21.7579 ], [ 77.4969, 21.7492 ], [ 77.521, 21.7141 ], [ 77.5334, 21.7127 ], [ 77.5422, 21.701 ], [ 77.5713, 21.627 ], [ 77.571, 21.5626 ], [ 77.5907, 21.5616 ], [ 77.6071, 21.5428 ], [ 77.5892, 21.5303 ], [ 77.567, 21.5298 ], [ 77.5044, 21.5547 ], [ 77.4575, 21.5566 ], [ 77.4466, 21.5456 ], [ 77.4199, 21.5387 ], [ 77.4188, 21.5208 ], [ 77.4392, 21.4893 ], [ 77.4383, 21.4729 ], [ 77.4693, 21.4569 ], [ 77.487, 21.3778 ], [ 77.5484, 21.3812 ], [ 77.5844, 21.3645 ], [ 77.6015, 21.3653 ], [ 77.5992, 21.3925 ], [ 77.6392, 21.3879 ], [ 77.651, 21.3934 ], [ 77.6621, 21.388 ], [ 77.6672, 21.3715 ], [ 77.6911, 21.3971 ], [ 77.6926, 21.3806 ], [ 77.7043, 21.3777 ], [ 77.7052, 21.3591 ], [ 77.7383, 21.3666 ], [ 77.7499, 21.3857 ], [ 77.7934, 21.3907 ], [ 77.7994, 21.4123 ], [ 77.8834, 21.3855 ], [ 77.8819, 21.3777 ], [ 77.9388, 21.3869 ], [ 77.9411, 21.399 ], [ 77.9803, 21.4028 ], [ 78.0637, 21.4389 ], [ 78.1693, 21.4985 ], [ 78.1776, 21.5143 ], [ 78.168, 21.526 ], [ 78.1727, 21.5533 ], [ 78.1809, 21.5587 ], [ 78.2155, 21.5537 ], [ 78.2693, 21.5707 ], [ 78.2554, 21.5852 ], [ 78.2661, 21.5943 ], [ 78.3, 21.5851 ], [ 78.3041, 21.5714 ], [ 78.3368, 21.5905 ], [ 78.3477, 21.5789 ], [ 78.361, 21.5783 ], [ 78.3776, 21.5956 ], [ 78.3717, 21.615 ], [ 78.3795, 21.6187 ], [ 78.4226, 21.6019 ], [ 78.4135, 21.5777 ], [ 78.4322, 21.5199 ], [ 78.4256, 21.4813 ], [ 78.4396, 21.447 ], [ 78.4438, 21.406 ], [ 78.4185, 21.3984 ], [ 78.4046, 21.3852 ], [ 78.369, 21.3961 ], [ 78.3623, 21.3851 ], [ 78.3438, 21.3864 ], [ 78.3062, 21.3585 ], [ 78.2714, 21.3523 ], [ 78.2477, 21.3385 ], [ 78.2467, 21.3301 ], [ 78.1536, 21.3314 ], [ 78.1459, 21.3429 ], [ 78.1009, 21.3564 ], [ 78.0708, 21.355 ], [ 78.0755, 21.3297 ], [ 78.0637, 21.3004 ], [ 78.0774, 21.2794 ], [ 78.0569, 21.2758 ], [ 78.0517, 21.2552 ], [ 78.0544, 21.2418 ], [ 78.0675, 21.2369 ], [ 78.0696, 21.2211 ], [ 78.0945, 21.2007 ], [ 78.0903, 21.1784 ], [ 78.141, 21.1385 ], [ 78.1279, 21.1143 ], [ 78.1433, 21.1009 ], [ 78.1496, 21.0762 ], [ 78.1469, 21.0456 ], [ 78.136, 21.0362 ], [ 78.1429, 21.0239 ], [ 78.1332, 21.0053 ], [ 78.1452, 20.9871 ], [ 78.1418, 20.9533 ], [ 78.1652, 20.9421 ], [ 78.18, 20.9057 ], [ 78.2003, 20.9005 ], [ 78.2116, 20.9093 ], [ 78.2512, 20.8874 ], [ 78.2755, 20.8448 ], [ 78.2877, 20.8406 ], [ 78.2893, 20.8285 ], [ 78.3047, 20.8353 ], [ 78.3133, 20.8239 ], [ 78.291, 20.8033 ], [ 78.2897, 20.7787 ], [ 78.3038, 20.7642 ], [ 78.3068, 20.7357 ], [ 78.2921, 20.6975 ], [ 78.2552, 20.6964 ], [ 78.2496, 20.6846 ], [ 78.209, 20.6901 ], [ 78.2046, 20.6772 ], [ 78.1785, 20.678 ], [ 78.1768, 20.6713 ], [ 78.1546, 20.668 ], [ 78.1547, 20.6599 ], [ 78.128, 20.6651 ], [ 78.1208, 20.6616 ], [ 78.1271, 20.6488 ], [ 78.108, 20.6497 ], [ 78.1077, 20.6409 ], [ 78.0891, 20.6417 ], [ 78.0961, 20.6668 ], [ 78.0848, 20.6729 ], [ 78.0729, 20.6646 ], [ 78.0595, 20.6735 ], [ 78.0345, 20.6673 ], [ 78.0172, 20.6431 ], [ 78.0225, 20.6336 ], [ 77.992, 20.6237 ], [ 77.9698, 20.5909 ], [ 77.9471, 20.5761 ], [ 77.9302, 20.5779 ], [ 77.9204, 20.5593 ], [ 77.9084, 20.5662 ], [ 77.9151, 20.6054 ], [ 77.8892, 20.6244 ], [ 77.8735, 20.6103 ], [ 77.8623, 20.6102 ], [ 77.8619, 20.5958 ], [ 77.8429, 20.5885 ], [ 77.843, 20.5713 ], [ 77.8338, 20.5664 ], [ 77.8078, 20.5881 ], [ 77.8032, 20.5677 ], [ 77.768, 20.5408 ], [ 77.7469, 20.5488 ], [ 77.7383, 20.5623 ], [ 77.6993, 20.5684 ], [ 77.6839, 20.5807 ], [ 77.6633, 20.5814 ], [ 77.6522, 20.5652 ], [ 77.6273, 20.5678 ], [ 77.6461, 20.6096 ], [ 77.6523, 20.6483 ], [ 77.6494, 20.6637 ], [ 77.6336, 20.6585 ], [ 77.637, 20.6917 ], [ 77.6301, 20.7127 ], [ 77.6108, 20.7202 ], [ 77.6293, 20.7393 ], [ 77.633, 20.7563 ], [ 77.6127, 20.7611 ], [ 77.6157, 20.7813 ] ] ] ] } },
{ "type": "Feature", "properties": { "jurisdiction": "Aurangabad", "total_segments": 85.0, "flagged_segments": 3.0, "mean_sss": 42.4, "flagged_pct": 3.5 }, "geometry": { "type": "MultiPolygon", "coordinates": [ [ [ [ 75.2113, 19.5725 ], [ 75.1909, 19.5966 ], [ 75.1583, 19.5883 ], [ 75.0955, 19.6102 ], [ 75.065, 19.6041 ], [ 75.048, 19.6113 ], [ 75.0414, 19.6248 ], [ 75.0035, 19.6225 ], [ 74.97, 19.6479 ], [ 74.9418, 19.6411 ], [ 74.9311, 19.6502 ], [ 74.9024, 19.6447 ], [ 74.8924, 19.6571 ], [ 74.8569, 19.6487 ], [ 74.8288, 19.6731 ], [ 74.793, 19.6503 ], [ 74.7847, 19.6531 ], [ 74.7863, 19.6725 ], [ 74.7922, 19.6884 ], [ 74.8107, 19.7038 ], [ 74.7916, 19.7174 ], [ 74.7555, 19.6915 ], [ 74.7343, 19.7 ], [ 74.7342, 19.7243 ], [ 74.711, 19.7226 ], [ 74.728, 19.7534 ], [ 74.7173, 19.7831 ], [ 74.7074, 19.773 ], [ 74.7118, 19.7631 ], [ 74.6998, 19.7602 ], [ 74.6963, 19.7693 ], [ 74.661, 19.7793 ], [ 74.6407, 19.7951 ], [ 74.6202, 19.7731 ], [ 74.5981, 19.7773 ], [ 74.6113, 19.8505 ], [ 74.6653, 19.8399 ], [ 74.6678, 19.862 ], [ 74.6526, 19.8621 ], [ 74.6536, 19.9107 ], [ 74.6604, 19.9231 ], [ 74.6863, 19.9259 ], [ 74.6783, 19.936 ], [ 74.6795, 19.9641 ], [ 74.6938, 19.9724 ], [ 74.6896, 19.9902 ], [ 74.6962, 20.0073 ], [ 74.7051, 20.0192 ], [ 74.7244, 20.0221 ], [ 74.7145, 20.0413 ], [ 74.7271, 20.0558 ], [ 74.715, 20.0794 ], [ 74.7423, 20.0833 ], [ 74.7346, 20.1125 ], [ 74.7095, 20.1157 ], [ 74.728, 20.1915 ], [ 74.7425, 20.1958 ], [ 74.7457, 20.1871 ], [ 74.768, 20.1839 ], [ 74.7639, 20.2007 ], [ 74.7882, 20.2051 ], [ 74.8078, 20.2323 ], [ 74.7885, 20.2266 ], [ 74.7877, 20.2316 ], [ 74.8325, 20.2443 ], [ 74.8341, 20.2348 ], [ 74.8622, 20.2283 ], [ 74.8597, 20.1782 ], [ 74.9025, 20.178 ], [ 74.9144, 20.1538 ], [ 74.9339, 20.1537 ], [ 74.9279, 20.1718 ], [ 74.9355, 20.1825 ], [ 74.9348, 20.2149 ], [ 74.9145, 20.2169 ], [ 74.9118, 20.2446 ], [ 74.9375, 20.2479 ], [ 74.9382, 20.271 ], [ 74.9523, 20.2744 ], [ 74.9476, 20.2811 ], [ 74.9569, 20.2911 ], [ 74.9742, 20.3054 ], [ 74.9906, 20.3037 ], [ 74.9885, 20.3187 ], [ 74.9985, 20.3372 ], [ 75.0594, 20.3086 ], [ 75.0623, 20.3354 ], [ 75.0951, 20.336 ], [ 75.1281, 20.3508 ], [ 75.1111, 20.4133 ], [ 75.1321, 20.4329 ], [ 75.164, 20.438 ], [ 75.1659, 20.4774 ], [ 75.2037, 20.4778 ], [ 75.2046, 20.4933 ], [ 75.2154, 20.4943 ], [ 75.214, 20.4998 ], [ 75.2334, 20.4946 ], [ 75.2296, 20.516 ], [ 75.2418, 20.5231 ], [ 75.2471, 20.5532 ], [ 75.2621, 20.5805 ], [ 75.2689, 20.5727 ], [ 75.295, 20.5707 ], [ 75.3201, 20.5783 ], [ 75.3233, 20.5931 ], [ 75.355, 20.5912 ], [ 75.3644, 20.5985 ], [ 75.3721, 20.5785 ], [ 75.3959, 20.576 ], [ 75.3991, 20.5257 ], [ 75.4359, 20.5148 ], [ 75.4289, 20.5307 ], [ 75.4409, 20.5396 ], [ 75.4526, 20.5419 ], [ 75.4642, 20.5205 ], [ 75.4625, 20.5545 ], [ 75.4862, 20.5447 ], [ 75.4972, 20.5294 ], [ 75.5101, 20.556 ], [ 75.5276, 20.5623 ], [ 75.5239, 20.592 ], [ 75.535, 20.5981 ], [ 75.5381, 20.6113 ], [ 75.5569, 20.6059 ], [ 75.5662, 20.6144 ], [ 75.5915, 20.6043 ], [ 75.6161, 20.6109 ], [ 75.6101, 20.6236 ], [ 75.6161, 20.6258 ], [ 75.6494, 20.6217 ], [ 75.661, 20.6283 ], [ 75.6572, 20.6542 ], [ 75.6676, 20.6716 ], [ 75.7067, 20.6632 ], [ 75.704, 20.6194 ], [ 75.7252, 20.6222 ], [ 75.7342, 20.6118 ], [ 75.7594, 20.6159 ], [ 75.7605, 20.5816 ], [ 75.7904, 20.5882 ], [ 75.7899, 20.567 ], [ 75.8063, 20.5716 ], [ 75.827, 20.5624 ], [ 75.8464, 20.5692 ], [ 75.8302, 20.576 ], [ 75.8345, 20.5969 ], [ 75.8459, 20.5972 ], [ 75.8413, 20.6182 ], [ 75.8696, 20.6252 ], [ 75.8722, 20.6025 ], [ 75.8878, 20.5985 ], [ 75.8899, 20.565 ], [ 75.8654, 20.5634 ], [ 75.8876, 20.5276 ], [ 75.8641, 20.5292 ], [ 75.8522, 20.4918 ], [ 75.8782, 20.4554 ], [ 75.8948, 20.4486 ], [ 75.8657, 20.4427 ], [ 75.8695, 20.4497 ], [ 75.8599, 20.4635 ], [ 75.8444, 20.4616 ], [ 75.8262, 20.4758 ], [ 75.8003, 20.4648 ], [ 75.7997, 20.4545 ], [ 75.7663, 20.4522 ], [ 75.7605, 20.4287 ], [ 75.7437, 20.4249 ], [ 75.7382, 20.4158 ], [ 75.7533, 20.4053 ], [ 75.7526, 20.3748 ], [ 75.7703, 20.355 ], [ 75.7742, 20.3382 ], [ 75.7567, 20.3292 ], [ 75.7416, 20.3394 ], [ 75.7198, 20.3333 ], [ 75.7129, 20.3185 ], [ 75.6868, 20.3108 ], [ 75.6977, 20.2875 ], [ 75.6772, 20.2415 ], [ 75.6853, 20.2056 ], [ 75.6803, 20.1923 ], [ 75.6499, 20.1926 ], [ 75.6285, 20.1066 ], [ 75.5908, 20.1032 ], [ 75.5957, 20.0625 ], [ 75.6088, 20.053 ], [ 75.5951, 20.0245 ], [ 75.6064, 20.007 ], [ 75.6399, 20.0049 ], [ 75.6313, 20.0017 ], [ 75.6376, 19.9958 ], [ 75.6387, 19.9562 ], [ 75.6693, 19.9408 ], [ 75.6689, 19.9215 ], [ 75.655, 19.9115 ], [ 75.6488, 19.8749 ], [ 75.6539, 19.816 ], [ 75.638, 19.8146 ], [ 75.6468, 19.7858 ], [ 75.6293, 19.7768 ], [ 75.6294, 19.7468 ], [ 75.6377, 19.7353 ], [ 75.6315, 19.7022 ], [ 75.6349, 19.6562 ], [ 75.6119, 19.657 ], [ 75.6087, 19.6422 ], [ 75.5925, 19.6384 ], [ 75.6024, 19.603 ], [ 75.6533, 19.5956 ], [ 75.6585, 19.5674 ], [ 75.6363, 19.4651 ], [ 75.6209, 19.4685 ], [ 75.6129, 19.454 ], [ 75.6112, 19.431 ], [ 75.62, 19.4255 ], [ 75.6115, 19.382 ], [ 75.5737, 19.3802 ], [ 75.5249, 19.4013 ], [ 75.5111, 19.4291 ], [ 75.4939, 19.4406 ], [ 75.4708, 19.4137 ], [ 75.451, 19.4137 ], [ 75.4462, 19.4281 ], [ 75.4324, 19.4166 ], [ 75.3981, 19.4153 ], [ 75.3685, 19.398 ], [ 75.3455, 19.4063 ], [ 75.3584, 19.4418 ], [ 75.3517, 19.4485 ], [ 75.3345, 19.4376 ], [ 75.3272, 19.4546 ], [ 75.3288, 19.4638 ], [ 75.3438, 19.4641 ], [ 75.3522, 19.4817 ], [ 75.3638, 19.4803 ], [ 75.3583, 19.5013 ], [ 75.345, 19.4974 ], [ 75.3405, 19.4792 ], [ 75.3329, 19.4799 ], [ 75.3353, 19.5037 ], [ 75.3292, 19.4948 ], [ 75.317, 19.4947 ], [ 75.3083, 19.5084 ], [ 75.2794, 19.5136 ], [ 75.2839, 19.5497 ], [ 75.2735, 19.5517 ], [ 75.2663, 19.5245 ], [ 75.2602, 19.5241 ], [ 75.2096, 19.5626 ], [ 75.2113, 19.5725 ] ] ] ] } },
{ "type": "Feature", "properties": { "jurisdiction": "Bhandara", "total_segments": 43.0, "flagged_segments": 3.0, "mean_sss": 59.0, "flagged_pct": 7.0 }, "geometry": { "type": "MultiPolygon", "coordinates": [ [ [ [ 79.8261, 21.2296 ], [ 79.8626, 21.2289 ], [ 79.861, 21.2473 ], [ 79.881, 21.2525 ], [ 79.8992, 21.2405 ], [ 79.9165, 21.2533 ], [ 79.9355, 21.2522 ], [ 79.9505, 21.2351 ], [ 79.9852, 21.2298 ], [ 80.0015, 21.2159 ], [ 80.0166, 21.2254 ], [ 80.0518, 21.1995 ], [ 80.056, 21.1741 ], [ 80.0772, 21.1431 ], [ 80.0548, 21.105 ], [ 80.0744, 21.0998 ], [ 80.0709, 21.0568 ], [ 80.0792, 21.0455 ], [ 80.0411, 21.0025 ], [ 80.0208, 21.0076 ], [ 80.0129, 21.0007 ], [ 79.9936, 21.0217 ], [ 79.9811, 21.0074 ], [ 79.9429, 21.0114 ], [ 79.9483, 20.9878 ], [ 79.9354, 20.9588 ], [ 79.9414, 20.9256 ], [ 79.9046, 20.8972 ], [ 79.899, 20.8831 ], [ 79.8833, 20.8751 ], [ 79.8674, 20.8823 ], [ 79.8589, 20.8757 ], [ 79.8571, 20.8143 ], [ 79.8503, 20.8097 ], [ 79.8607, 20.8076 ], [ 79.8596, 20.7807 ], [ 79.8787, 20.7893 ], [ 79.8824, 20.7656 ], [ 79.9036, 20.7808 ], [ 79.9339, 20.7846 ], [ 79.9193, 20.7649 ], [ 79.9197, 20.7457 ], [ 79.9107, 20.7454 ], [ 79.9095, 20.7374 ], [ 79.9224, 20.7385 ], [ 79.928, 20.7111 ], [ 79.964, 20.7131 ], [ 79.9655, 20.7004 ], [ 79.958, 20.689 ], [ 79.928, 20.6753 ], [ 79.9266, 20.6656 ], [ 79.8879, 20.6823 ], [ 79.8435, 20.6768 ], [ 79.7966, 20.6835 ], [ 79.783, 20.7168 ], [ 79.7555, 20.7305 ], [ 79.7463, 20.6851 ], [ 79.7073, 20.6847 ], [ 79.6873, 20.6681 ], [ 79.6953, 20.6441 ], [ 79.6894, 20.6397 ], [ 79.6654, 20.6477 ], [ 79.6472, 20.667 ], [ 79.617, 20.6724 ], [ 79.607, 20.6907 ], [ 79.5748, 20.6906 ], [ 79.5617, 20.6937 ], [ 79.5599, 20.7011 ], [ 79.5147, 20.7083 ], [ 79.503, 20.7036 ], [ 79.5294, 20.7396 ], [ 79.5295, 20.7725 ], [ 79.5544, 20.8026 ], [ 79.5355, 20.8476 ], [ 79.5537, 20.8531 ], [ 79.5769, 20.8422 ], [ 79.5981, 20.864 ], [ 79.613, 20.8645 ], [ 79.6052, 20.8782 ], [ 79.6105, 20.9023 ], [ 79.6454, 20.9264 ], [ 79.6535, 20.9693 ], [ 79.6314, 20.9908 ], [ 79.5935, 21.0725 ], [ 79.5826, 21.0762 ], [ 79.567, 21.0673 ], [ 79.5459, 21.0865 ], [ 79.5234, 21.0755 ], [ 79.517, 21.0878 ], [ 79.5271, 21.0958 ], [ 79.5215, 21.1177 ], [ 79.4867, 21.1396 ], [ 79.5002, 21.1461 ], [ 79.5045, 21.163 ], [ 79.4921, 21.172 ], [ 79.4956, 21.1836 ], [ 79.5265, 21.1748 ], [ 79.5283, 21.1563 ], [ 79.5557, 21.1557 ], [ 79.5485, 21.1724 ], [ 79.5569, 21.1873 ], [ 79.5471, 21.2064 ], [ 79.5706, 21.2778 ], [ 79.562, 21.2994 ], [ 79.5499, 21.3067 ], [ 79.5508, 21.3308 ], [ 79.5204, 21.3552 ], [ 79.4943, 21.3982 ], [ 79.4819, 21.3993 ], [ 79.4772, 21.428 ], [ 79.4492, 21.4297 ], [ 79.4433, 21.4573 ], [ 79.4533, 21.4614 ], [ 79.5082, 21.5349 ], [ 79.6475, 21.5572 ], [ 79.6581, 21.5773 ], [ 79.6848, 21.5807 ], [ 79.6938, 21.591 ], [ 79.7138, 21.5911 ], [ 79.7326, 21.6025 ], [ 79.7918, 21.5814 ], [ 79.825, 21.5467 ], [ 79.8571, 21.5309 ], [ 79.9158, 21.5245 ], [ 79.9236, 21.5043 ], [ 79.9195, 21.4868 ], [ 79.8778, 21.441 ], [ 79.8766, 21.4248 ], [ 79.7932, 21.3771 ], [ 79.7954, 21.3583 ], [ 79.8067, 21.3528 ], [ 79.8091, 21.3161 ], [ 79.8324, 21.3104 ], [ 79.8222, 21.2898 ], [ 79.8312, 21.2833 ], [ 79.8197, 21.2704 ], [ 79.8269, 21.2599 ], [ 79.859, 21.2583 ], [ 79.8591, 21.2509 ], [ 79.8505, 21.249 ], [ 79.8363, 21.2552 ], [ 79.842, 21.2451 ], [ 79.8261, 21.2296 ] ] ], [ [ [ 80.6624, 21.3261 ], [ 80.673, 21.2983 ], [ 80.6548, 21.2895 ], [ 80.6353, 21.2501 ], [ 80.5578, 21.2039 ], [ 80.5207, 21.2035 ], [ 80.5076, 21.1824 ], [ 80.4573, 21.1728 ], [ 80.4387, 21.1214 ], [ 80.4492, 21.1119 ], [ 80.4264, 21.0986 ], [ 80.3818, 21.1393 ], [ 80.3872, 21.1647 ], [ 80.4022, 21.1842 ], [ 80.3613, 21.1839 ], [ 80.3384, 21.1726 ], [ 80.3349, 21.188 ], [ 80.3458, 21.212 ], [ 80.3252, 21.2331 ], [ 80.3233, 21.2618 ], [ 80.3137, 21.2763 ], [ 80.3201, 21.3059 ], [ 80.3084, 21.3214 ], [ 80.2852, 21.3194 ], [ 80.2807, 21.3318 ], [ 80.2881, 21.3503 ], [ 80.2608, 21.3533 ], [ 80.2611, 21.3653 ], [ 80.3069, 21.3767 ], [ 80.319, 21.3974 ], [ 80.3559, 21.4056 ], [ 80.3514, 21.4239 ], [ 80.316, 21.4208 ], [ 80.2916, 21.4322 ], [ 80.2745, 21.4533 ], [ 80.2746, 21.4891 ], [ 80.3239, 21.4961 ], [ 80.3297, 21.4839 ], [ 80.3434, 21.4915 ], [ 80.3463, 21.4791 ], [ 80.3777, 21.4901 ], [ 80.4037, 21.4613 ], [ 80.4113, 21.4382 ], [ 80.3891, 21.4074 ], [ 80.4044, 21.3758 ], [ 80.4404, 21.3721 ], [ 80.4483, 21.4023 ], [ 80.4855, 21.3976 ], [ 80.5194, 21.3896 ], [ 80.5369, 21.3691 ], [ 80.5642, 21.3579 ], [ 80.5614, 21.3433 ], [ 80.5816, 21.3416 ], [ 80.5932, 21.3248 ], [ 80.6178, 21.3192 ], [ 80.6518, 21.3312 ], [ 80.6624, 21.3261 ] ] ] ] } },
{ "type": "Feature", "properties": { "jurisdiction": "Bid", "total_segments": 77.0, "flagged_segments": 1.0, "mean_sss": 46.6, "flagged_pct": 1.3 }, "geometry": { "type": "MultiPolygon", "coordinates": [ [ [ [ 76.4782, 18.975 ], [ 76.478, 18.9563 ], [ 76.5002, 18.9508 ], [ 76.5219, 18.917 ], [ 76.5359, 18.917 ], [ 76.5387, 18.9492 ], [ 76.5829, 18.9446 ], [ 76.587, 18.8738 ], [ 76.6218, 18.8687 ], [ 76.6312, 18.8481 ], [ 76.6423, 18.8462 ], [ 76.6469, 18.8215 ], [ 76.666, 18.8186 ], [ 76.6814, 18.7792 ], [ 76.6746, 18.7608 ], [ 76.7256, 18.7487 ], [ 76.7348, 18.6992 ], [ 76.6844, 18.6913 ], [ 76.6725, 18.6695 ], [ 76.6275, 18.677 ], [ 76.6047, 18.6604 ], [ 76.5702, 18.6791 ], [ 76.5467, 18.648 ], [ 76.5377, 18.5982 ], [ 76.5156, 18.6065 ], [ 76.4714, 18.6438 ], [ 76.4416, 18.6431 ], [ 76.4119, 18.6114 ], [ 76.4099, 18.5554 ], [ 76.3871, 18.5409 ], [ 76.3677, 18.5448 ], [ 76.3516, 18.5639 ], [ 76.292, 18.5748 ], [ 76.2797, 18.5738 ], [ 76.2766, 18.5565 ], [ 76.2544, 18.5657 ], [ 76.2541, 18.5764 ], [ 76.1709, 18.5846 ], [ 76.1677, 18.5631 ], [ 76.159, 18.5576 ], [ 76.1514, 18.5827 ], [ 76.099, 18.5874 ], [ 76.0584, 18.573 ], [ 76.0287, 18.6015 ], [ 76.0107, 18.6063 ], [ 76.0005, 18.585 ], [ 75.987, 18.5954 ], [ 75.9973, 18.6184 ], [ 75.9504, 18.6082 ], [ 75.9501, 18.6367 ], [ 75.942, 18.645 ], [ 75.8637, 18.6497 ], [ 75.8597, 18.6614 ], [ 75.8474, 18.659 ], [ 75.8121, 18.6735 ], [ 75.8025, 18.6732 ], [ 75.7975, 18.6556 ], [ 75.7775, 18.6727 ], [ 75.754, 18.6802 ], [ 75.7322, 18.6752 ], [ 75.6743, 18.6903 ], [ 75.6679, 18.6499 ], [ 75.6551, 18.6468 ], [ 75.6229, 18.6612 ], [ 75.6101, 18.6861 ], [ 75.5891, 18.697 ], [ 75.5906, 18.6876 ], [ 75.5506, 18.6823 ], [ 75.5461, 18.6588 ], [ 75.5558, 18.6558 ], [ 75.5532, 18.6439 ], [ 75.5278, 18.6384 ], [ 75.5097, 18.6217 ], [ 75.493, 18.626 ], [ 75.47, 18.6066 ], [ 75.4547, 18.5886 ], [ 75.4416, 18.5522 ], [ 75.4214, 18.5329 ], [ 75.3484, 18.5615 ], [ 75.3382, 18.5247 ], [ 75.2642, 18.5087 ], [ 75.2429, 18.5434 ], [ 75.2307, 18.5432 ], [ 75.1726, 18.5811 ], [ 75.1833, 18.5958 ], [ 75.1772, 18.6037 ], [ 75.1872, 18.6125 ], [ 75.1788, 18.6315 ], [ 75.1469, 18.6529 ], [ 75.1057, 18.7031 ], [ 75.0772, 18.7177 ], [ 75.0406, 18.7634 ], [ 75.0113, 18.7793 ], [ 75.0062, 18.7886 ], [ 75.0122, 18.8045 ], [ 74.9909, 18.7978 ], [ 74.971, 18.8249 ], [ 74.9212, 18.8311 ], [ 74.9257, 18.852 ], [ 74.9032, 18.8475 ], [ 74.8906, 18.9097 ], [ 74.883, 18.9114 ], [ 74.8727, 18.8992 ], [ 74.8624, 18.9046 ], [ 74.8528, 18.9247 ], [ 74.8328, 18.9385 ], [ 74.843, 18.9463 ], [ 74.8397, 18.9588 ], [ 74.8218, 18.964 ], [ 74.8168, 18.9731 ], [ 74.8311, 18.9883 ], [ 74.8471, 18.9685 ], [ 74.8824, 18.9832 ], [ 74.9037, 18.9794 ], [ 74.9211, 18.9603 ], [ 74.9432, 18.9767 ], [ 74.9569, 18.9687 ], [ 74.9645, 18.9964 ], [ 74.9529, 19.0058 ], [ 74.9562, 19.0332 ], [ 74.9203, 19.0402 ], [ 74.9257, 19.0883 ], [ 74.9463, 19.1302 ], [ 74.9843, 19.1115 ], [ 74.9843, 19.1176 ], [ 75.0146, 19.1046 ], [ 75.0292, 19.1136 ], [ 75.0316, 19.104 ], [ 75.0573, 19.1064 ], [ 75.0577, 19.0991 ], [ 75.0774, 19.1042 ], [ 75.0825, 19.1201 ], [ 75.1133, 19.1241 ], [ 75.1004, 19.0797 ], [ 75.0844, 19.0807 ], [ 75.0935, 19.0691 ], [ 75.0796, 19.0667 ], [ 75.075, 19.0579 ], [ 75.1041, 19.0444 ], [ 75.1717, 19.0361 ], [ 75.1844, 19.013 ], [ 75.2129, 19.0231 ], [ 75.2093, 19.0376 ], [ 75.192, 19.0503 ], [ 75.2001, 19.0656 ], [ 75.1932, 19.0931 ], [ 75.2255, 19.1106 ], [ 75.2295, 19.066 ], [ 75.243, 19.062 ], [ 75.2663, 19.07 ], [ 75.2733, 19.0532 ], [ 75.2642, 19.0253 ], [ 75.2749, 19.0142 ], [ 75.276, 18.9927 ], [ 75.3006, 18.978 ], [ 75.3443, 18.9899 ], [ 75.3496, 19.0231 ], [ 75.333, 19.0323 ], [ 75.2901, 19.0324 ], [ 75.2968, 19.0689 ], [ 75.2863, 19.0789 ], [ 75.3179, 19.094 ], [ 75.367, 19.0765 ], [ 75.3644, 19.1081 ], [ 75.337, 19.1296 ], [ 75.3349, 19.1504 ], [ 75.3545, 19.1477 ], [ 75.3574, 19.1255 ], [ 75.4018, 19.1391 ], [ 75.4129, 19.1343 ], [ 75.3713, 19.0894 ], [ 75.3867, 19.0781 ], [ 75.45, 19.0918 ], [ 75.4521, 19.0836 ], [ 75.4591, 19.0846 ], [ 75.4893, 19.104 ], [ 75.4872, 19.1261 ], [ 75.4559, 19.1261 ], [ 75.436, 19.1168 ], [ 75.4295, 19.1368 ], [ 75.4566, 19.1424 ], [ 75.451, 19.1704 ], [ 75.4305, 19.1716 ], [ 75.4068, 19.194 ], [ 75.4267, 19.2191 ], [ 75.4476, 19.2174 ], [ 75.4662, 19.2527 ], [ 75.4947, 19.2598 ], [ 75.5193, 19.277 ], [ 75.5435, 19.309 ], [ 75.546, 19.3263 ], [ 75.5212, 19.3302 ], [ 75.5373, 19.3755 ], [ 75.5193, 19.3845 ], [ 75.4995, 19.3774 ], [ 75.4891, 19.3829 ], [ 75.4928, 19.413 ], [ 75.4794, 19.4255 ], [ 75.4939, 19.4406 ], [ 75.5111, 19.4291 ], [ 75.5249, 19.4013 ], [ 75.5737, 19.3802 ], [ 75.6132, 19.3827 ], [ 75.6237, 19.3744 ], [ 75.6431, 19.3816 ], [ 75.6518, 19.3693 ], [ 75.6754, 19.3673 ], [ 75.6894, 19.3558 ], [ 75.7556, 19.3592 ], [ 75.7632, 19.3722 ], [ 75.7593, 19.3899 ], [ 75.7731, 19.3958 ], [ 75.7975, 19.3972 ], [ 75.8406, 19.3711 ], [ 75.9187, 19.3883 ], [ 75.9236, 19.3768 ], [ 75.9072, 19.3436 ], [ 75.9078, 19.3196 ], [ 75.9211, 19.3011 ], [ 75.9389, 19.2928 ], [ 75.9714, 19.2997 ], [ 76.0198, 19.3398 ], [ 76.0256, 19.3372 ], [ 76.0284, 19.2974 ], [ 76.0396, 19.2863 ], [ 76.0838, 19.28 ], [ 76.1015, 19.3085 ], [ 76.1159, 19.2967 ], [ 76.1281, 19.3039 ], [ 76.1422, 19.291 ], [ 76.1583, 19.2976 ], [ 76.1671, 19.2824 ], [ 76.1851, 19.2894 ], [ 76.1989, 19.285 ], [ 76.2151, 19.26 ], [ 76.2283, 19.2555 ], [ 76.2264, 19.2417 ], [ 76.2557, 19.2402 ], [ 76.2689, 19.2561 ], [ 76.2911, 19.2625 ], [ 76.3464, 19.2496 ], [ 76.3646, 19.2341 ], [ 76.3641, 19.2113 ], [ 76.3522, 19.1928 ], [ 76.3604, 19.1523 ], [ 76.336, 19.1381 ], [ 76.3206, 19.1142 ], [ 76.3274, 19.1041 ], [ 76.3495, 19.1008 ], [ 76.3777, 19.1311 ], [ 76.4111, 19.0925 ], [ 76.4365, 19.0957 ], [ 76.4351, 19.0715 ], [ 76.4511, 19.051 ], [ 76.4414, 19.0382 ], [ 76.4556, 19.0075 ], [ 76.4781, 19.0006 ], [ 76.4703, 18.9816 ], [ 76.4782, 18.975 ] ] ] ] } },
{ "type": "Feature", "properties": { "jurisdiction": "Buldana", "total_segments": 78.0, "flagged_segments": 3.0, "mean_sss": 54.3, "flagged_pct": 3.8 }, "geometry": { "type": "MultiPolygon", "coordinates": [ [ [ [ 76.3896, 19.9051 ], [ 76.3656, 19.9257 ], [ 76.3525, 19.8946 ], [ 76.339, 19.8828 ], [ 76.3082, 19.8796 ], [ 76.2978, 19.8705 ], [ 76.2563, 19.8742 ], [ 76.2143, 19.8668 ], [ 76.1877, 19.8519 ], [ 76.1519, 19.8568 ], [ 76.1497, 19.8462 ], [ 76.1401, 19.8454 ], [ 76.1293, 19.8638 ], [ 76.1003, 19.8568 ], [ 76.0817, 19.8855 ], [ 76.0807, 19.9125 ], [ 76.0615, 19.9191 ], [ 76.0488, 19.9483 ], [ 76.0143, 19.9543 ], [ 76.0169, 19.975 ], [ 75.9974, 19.9764 ], [ 76.0822, 20.1216 ], [ 76.1513, 20.1786 ], [ 76.1546, 20.2236 ], [ 76.1776, 20.2795 ], [ 76.1776, 20.2982 ], [ 76.1524, 20.3289 ], [ 76.0986, 20.353 ], [ 76.0295, 20.3026 ], [ 75.9813, 20.3223 ], [ 75.9396, 20.2927 ], [ 75.9206, 20.2981 ], [ 75.9333, 20.3054 ], [ 75.927, 20.3247 ], [ 75.945, 20.353 ], [ 75.9425, 20.3727 ], [ 75.9684, 20.3751 ], [ 75.9509, 20.3959 ], [ 75.9425, 20.427 ], [ 75.9579, 20.4583 ], [ 75.9427, 20.4972 ], [ 75.9508, 20.5211 ], [ 75.9588, 20.529 ], [ 75.971, 20.5246 ], [ 75.9742, 20.5351 ], [ 75.999, 20.5315 ], [ 76.0117, 20.5386 ], [ 76.0185, 20.5319 ], [ 76.0186, 20.5519 ], [ 76.0403, 20.5566 ], [ 76.0328, 20.6402 ], [ 76.0111, 20.6447 ], [ 75.9982, 20.6691 ], [ 76.0039, 20.6855 ], [ 75.9988, 20.7144 ], [ 76.0174, 20.7258 ], [ 76.016, 20.7332 ], [ 75.987, 20.7606 ], [ 75.998, 20.7798 ], [ 76.0123, 20.7873 ], [ 76.0498, 20.7901 ], [ 76.0574, 20.8054 ], [ 76.051, 20.8183 ], [ 76.0738, 20.8354 ], [ 76.0826, 20.856 ], [ 76.1114, 20.8836 ], [ 76.1151, 20.8952 ], [ 76.0805, 20.91 ], [ 76.0839, 20.9295 ], [ 76.0919, 20.9454 ], [ 76.113, 20.9545 ], [ 76.1243, 20.9792 ], [ 76.159, 21.0023 ], [ 76.166, 21.042 ], [ 76.1999, 21.0169 ], [ 76.2252, 21.0139 ], [ 76.2389, 20.9927 ], [ 76.2756, 20.9738 ], [ 76.2798, 20.9601 ], [ 76.346, 20.9517 ], [ 76.367, 20.9798 ], [ 76.3823, 20.9795 ], [ 76.3934, 21.0161 ], [ 76.397, 21.0345 ], [ 76.3825, 21.0793 ], [ 76.4094, 21.0941 ], [ 76.4118, 21.1073 ], [ 76.4527, 21.1149 ], [ 76.4575, 21.1383 ], [ 76.477, 21.1553 ], [ 76.4874, 21.1961 ], [ 76.5292, 21.1893 ], [ 76.5594, 21.2058 ], [ 76.6234, 21.1927 ], [ 76.6426, 21.2477 ], [ 76.6585, 21.2478 ], [ 76.6611, 21.2824 ], [ 76.7222, 21.2913 ], [ 76.7471, 21.2554 ], [ 76.7465, 21.2242 ], [ 76.7586, 21.2233 ], [ 76.7661, 21.194 ], [ 76.7818, 21.191 ], [ 76.7703, 21.183 ], [ 76.7867, 21.1123 ], [ 76.7724, 21.0908 ], [ 76.7807, 21.0634 ], [ 76.7636, 21.0406 ], [ 76.7765, 21.0302 ], [ 76.7872, 21.0337 ], [ 76.7871, 21.0051 ], [ 76.7765, 21.005 ], [ 76.7743, 20.9919 ], [ 76.7806, 20.9921 ], [ 76.7819, 20.9731 ], [ 76.8042, 20.9732 ], [ 76.806, 20.9594 ], [ 76.7864, 20.9638 ], [ 76.7851, 20.9438 ], [ 76.7739, 20.9336 ], [ 76.7847, 20.9288 ], [ 76.7838, 20.9103 ], [ 76.773, 20.9113 ], [ 76.7713, 20.924 ], [ 76.7448, 20.9298 ], [ 76.6868, 20.9184 ], [ 76.6791, 20.931 ], [ 76.6634, 20.9276 ], [ 76.671, 20.921 ], [ 76.6623, 20.9189 ], [ 76.6981, 20.8775 ], [ 76.7438, 20.8012 ], [ 76.7343, 20.7212 ], [ 76.7153, 20.7002 ], [ 76.7153, 20.6526 ], [ 76.7553, 20.6012 ], [ 76.761, 20.5421 ], [ 76.749, 20.4994 ], [ 76.7355, 20.4932 ], [ 76.7374, 20.5121 ], [ 76.715, 20.515 ], [ 76.7034, 20.485 ], [ 76.7074, 20.4722 ], [ 76.6973, 20.4734 ], [ 76.6924, 20.4598 ], [ 76.7131, 20.4384 ], [ 76.7123, 20.4196 ], [ 76.7185, 20.42 ], [ 76.7261, 20.4028 ], [ 76.7235, 20.3907 ], [ 76.7073, 20.3867 ], [ 76.6981, 20.3546 ], [ 76.7264, 20.3451 ], [ 76.7252, 20.3396 ], [ 76.7454, 20.3393 ], [ 76.7426, 20.3274 ], [ 76.7678, 20.3151 ], [ 76.7682, 20.3236 ], [ 76.7911, 20.3165 ], [ 76.7869, 20.2913 ], [ 76.8202, 20.2815 ], [ 76.828, 20.2681 ], [ 76.8214, 20.2645 ], [ 76.8252, 20.247 ], [ 76.8098, 20.2206 ], [ 76.795, 20.2203 ], [ 76.7852, 20.2041 ], [ 76.7456, 20.2058 ], [ 76.7479, 20.1673 ], [ 76.7604, 20.1627 ], [ 76.7571, 20.1317 ], [ 76.7048, 20.1234 ], [ 76.6695, 20.1274 ], [ 76.6574, 20.1139 ], [ 76.6595, 20.0985 ], [ 76.6478, 20.0847 ], [ 76.6464, 20.0694 ], [ 76.6355, 20.0704 ], [ 76.6291, 20.0833 ], [ 76.6236, 20.0507 ], [ 76.6612, 20.0489 ], [ 76.6575, 20.0016 ], [ 76.6442, 19.9826 ], [ 76.6585, 19.9771 ], [ 76.6581, 19.9638 ], [ 76.6368, 19.9593 ], [ 76.6322, 19.9273 ], [ 76.6055, 19.9218 ], [ 76.6137, 19.9079 ], [ 76.6105, 19.8912 ], [ 76.6462, 19.9007 ], [ 76.6578, 19.8928 ], [ 76.6456, 19.8663 ], [ 76.6322, 19.867 ], [ 76.6221, 19.8433 ], [ 76.568, 19.8452 ], [ 76.5679, 19.8391 ], [ 76.5394, 19.8455 ], [ 76.532, 19.8512 ], [ 76.5326, 19.8651 ], [ 76.4993, 19.8843 ], [ 76.4897, 19.9189 ], [ 76.4075, 19.9206 ], [ 76.3896, 19.9051 ] ] ] ] } },
{ "type": "Feature", "properties": { "jurisdiction": "Chandrapur", "total_segments": 59.0, "flagged_segments": 3.0, "mean_sss": 58.0, "flagged_pct": 5.1 }, "geometry": { "type": "MultiPolygon", "coordinates": [ [ [ [ 79.5158, 19.5224 ], [ 79.4704, 19.4975 ], [ 79.4413, 19.5335 ], [ 79.4136, 19.5335 ], [ 79.3712, 19.5615 ], [ 79.369, 19.5712 ], [ 79.3297, 19.5737 ], [ 79.3143, 19.5655 ], [ 79.3048, 19.5902 ], [ 79.2439, 19.6126 ], [ 79.2377, 19.5995 ], [ 79.2501, 19.5777 ], [ 79.2398, 19.5595 ], [ 79.2366, 19.5268 ], [ 79.2157, 19.5106 ], [ 79.2068, 19.4917 ], [ 79.2229, 19.4678 ], [ 79.1778, 19.4607 ], [ 79.1403, 19.5011 ], [ 79.1047, 19.5127 ], [ 79.1029, 19.528 ], [ 79.0634, 19.5313 ], [ 79.0515, 19.5453 ], [ 79.0184, 19.54 ], [ 78.9929, 19.562 ], [ 78.9785, 19.5509 ], [ 78.9546, 19.5518 ], [ 78.9496, 19.5575 ], [ 78.9805, 19.5851 ], [ 78.9629, 19.6173 ], [ 78.969, 19.6492 ], [ 78.9542, 19.6634 ], [ 78.9159, 19.6677 ], [ 78.891, 19.6553 ], [ 78.8588, 19.6563 ], [ 78.8635, 19.6968 ], [ 78.8443, 19.759 ], [ 78.8483, 19.7653 ], [ 78.8696, 19.7665 ], [ 78.8776, 19.7448 ], [ 78.8974, 19.7359 ], [ 78.9434, 19.7474 ], [ 78.9349, 19.7771 ], [ 78.9531, 19.802 ], [ 79.0148, 19.7979 ], [ 79.0373, 19.8159 ], [ 79.06, 19.8135 ], [ 79.1301, 19.8643 ], [ 79.1459, 19.8918 ], [ 79.0892, 19.9135 ], [ 79.0879, 19.9446 ], [ 79.1048, 19.9636 ], [ 79.0881, 19.9761 ], [ 79.1095, 19.9874 ], [ 79.1029, 20.007 ], [ 79.0776, 20.0276 ], [ 79.0651, 20.0629 ], [ 79.0385, 20.0705 ], [ 79.0427, 20.0833 ], [ 79.0111, 20.112 ], [ 78.965, 20.1225 ], [ 78.9649, 20.137 ], [ 78.9759, 20.148 ], [ 78.9496, 20.1677 ], [ 78.9572, 20.2021 ], [ 78.9163, 20.2367 ], [ 78.9159, 20.2519 ], [ 78.8149, 20.2465 ], [ 78.8073, 20.2535 ], [ 78.8145, 20.2702 ], [ 78.796, 20.3011 ], [ 78.8284, 20.3278 ], [ 78.8185, 20.3491 ], [ 78.8227, 20.3619 ], [ 78.8141, 20.3927 ], [ 78.8212, 20.4018 ], [ 78.8504, 20.4088 ], [ 78.8372, 20.4244 ], [ 78.841, 20.4333 ], [ 78.8662, 20.4215 ], [ 78.8939, 20.437 ], [ 78.9454, 20.4282 ], [ 78.9583, 20.4358 ], [ 78.9631, 20.4583 ], [ 78.9785, 20.4561 ], [ 78.9843, 20.4626 ], [ 78.9964, 20.4474 ], [ 79.0184, 20.4782 ], [ 79.0412, 20.4732 ], [ 79.0463, 20.4637 ], [ 79.0908, 20.4596 ], [ 79.108, 20.4497 ], [ 79.125, 20.4537 ], [ 79.1337, 20.4772 ], [ 79.1509, 20.4763 ], [ 79.166, 20.5121 ], [ 79.1737, 20.5103 ], [ 79.1861, 20.5324 ], [ 79.2086, 20.5461 ], [ 79.2206, 20.5831 ], [ 79.2867, 20.5884 ], [ 79.3159, 20.5829 ], [ 79.3415, 20.6337 ], [ 79.34, 20.6439 ], [ 79.3515, 20.655 ], [ 79.347, 20.671 ], [ 79.3696, 20.677 ], [ 79.3835, 20.672 ], [ 79.3931, 20.657 ], [ 79.4289, 20.6584 ], [ 79.4614, 20.674 ], [ 79.4855, 20.7037 ], [ 79.4996, 20.6995 ], [ 79.5147, 20.7083 ], [ 79.5599, 20.7011 ], [ 79.5617, 20.6937 ], [ 79.5748, 20.6906 ], [ 79.607, 20.6907 ], [ 79.617, 20.6724 ], [ 79.6472, 20.667 ], [ 79.6654, 20.6477 ], [ 79.6894, 20.6397 ], [ 79.6953, 20.6441 ], [ 79.6873, 20.6681 ], [ 79.7073, 20.6847 ], [ 79.7463, 20.6851 ], [ 79.7555, 20.7305 ], [ 79.783, 20.7168 ], [ 79.7966, 20.6835 ], [ 79.8435, 20.6768 ], [ 79.8879, 20.6823 ], [ 79.9266, 20.6656 ], [ 79.9346, 20.6479 ], [ 79.9347, 20.6006 ], [ 79.9212, 20.5511 ], [ 79.9463, 20.5271 ], [ 79.9349, 20.4455 ], [ 79.9366, 20.4336 ], [ 79.9556, 20.4137 ], [ 79.9538, 20.3822 ], [ 79.9673, 20.3486 ], [ 79.9435, 20.3255 ], [ 79.9389, 20.2926 ], [ 79.9789, 20.2469 ], [ 79.9893, 20.2181 ], [ 79.983, 20.2051 ], [ 79.9277, 20.1853 ], [ 79.9057, 20.1439 ], [ 79.9658, 20.111 ], [ 79.985, 20.0434 ], [ 79.944, 19.9828 ], [ 79.906, 19.9657 ], [ 79.8647, 19.9821 ], [ 79.8642, 19.9993 ], [ 79.8422, 20.0307 ], [ 79.8078, 20.0271 ], [ 79.7743, 19.9986 ], [ 79.7658, 19.9702 ], [ 79.7705, 19.9482 ], [ 79.7987, 19.8917 ], [ 79.7521, 19.8448 ], [ 79.7374, 19.8145 ], [ 79.7486, 19.7583 ], [ 79.7803, 19.7152 ], [ 79.7854, 19.5936 ], [ 79.7403, 19.6031 ], [ 79.7129, 19.5833 ], [ 79.6397, 19.575 ], [ 79.6158, 19.5586 ], [ 79.6009, 19.508 ], [ 79.5913, 19.5017 ], [ 79.5525, 19.52 ], [ 79.5427, 19.5485 ], [ 79.515, 19.542 ], [ 79.5158, 19.5224 ] ] ] ] } },
{ "type": "Feature", "properties": { "jurisdiction": "Dhule", "total_segments": 114.0, "flagged_segments": 9.0, "mean_sss": 50.7, "flagged_pct": 7.9 }, "geometry": { "type": "MultiPolygon", "coordinates": [ [ [ [ 74.8625, 21.0672 ], [ 74.8679, 21.053 ], [ 74.894, 21.0542 ], [ 74.9241, 21.0123 ], [ 74.9195, 20.9917 ], [ 74.9326, 20.9794 ], [ 74.9331, 20.9627 ], [ 74.9155, 20.9638 ], [ 74.9171, 20.9285 ], [ 74.938, 20.9276 ], [ 74.9375, 20.919 ], [ 74.9528, 20.9133 ], [ 74.9588, 20.9019 ], [ 74.9648, 20.9068 ], [ 74.9636, 20.8889 ], [ 74.9731, 20.879 ], [ 74.9704, 20.8532 ], [ 74.9847, 20.8449 ], [ 74.9893, 20.8239 ], [ 74.9712, 20.8209 ], [ 74.9648, 20.8065 ], [ 74.9913, 20.7747 ], [ 74.9971, 20.7503 ], [ 74.9919, 20.7352 ], [ 74.954, 20.722 ], [ 74.9632, 20.7172 ], [ 74.9565, 20.7134 ], [ 74.9589, 20.6958 ], [ 74.9325, 20.659 ], [ 74.9041, 20.6595 ], [ 74.8906, 20.6457 ], [ 74.8321, 20.6335 ], [ 74.807, 20.6377 ], [ 74.8091, 20.6581 ], [ 74.802, 20.6612 ], [ 74.7418, 20.6691 ], [ 74.7346, 20.6812 ], [ 74.7139, 20.6907 ], [ 74.6548, 20.6963 ], [ 74.6651, 20.738 ], [ 74.6589, 20.7587 ], [ 74.6689, 20.7757 ], [ 74.641, 20.7829 ], [ 74.6165, 20.8071 ], [ 74.5865, 20.8155 ], [ 74.5767, 20.8342 ], [ 74.5717, 20.8246 ], [ 74.5437, 20.836 ], [ 74.5166, 20.8093 ], [ 74.5113, 20.8189 ], [ 74.4889, 20.8193 ], [ 74.4827, 20.8326 ], [ 74.4547, 20.8031 ], [ 74.4426, 20.8027 ], [ 74.4267, 20.8067 ], [ 74.3923, 20.836 ], [ 74.4099, 20.8371 ], [ 74.4014, 20.8607 ], [ 74.3899, 20.8546 ], [ 74.39, 20.8416 ], [ 74.363, 20.8443 ], [ 74.362, 20.8582 ], [ 74.3536, 20.8605 ], [ 74.3535, 20.8492 ], [ 74.3443, 20.8527 ], [ 74.3409, 20.8397 ], [ 74.3311, 20.8493 ], [ 74.3207, 20.8433 ], [ 74.2959, 20.8565 ], [ 74.2702, 20.8518 ], [ 74.2592, 20.8597 ], [ 74.2406, 20.8509 ], [ 74.2269, 20.8594 ], [ 74.1996, 20.8556 ], [ 74.1731, 20.864 ], [ 74.1651, 20.8635 ], [ 74.1634, 20.8534 ], [ 74.1503, 20.8533 ], [ 74.1319, 20.8662 ], [ 74.1067, 20.8553 ], [ 74.103, 20.8423 ], [ 74.0664, 20.8493 ], [ 74.0472, 20.8364 ], [ 74.0315, 20.8519 ], [ 74.0242, 20.8457 ], [ 74.0275, 20.8368 ], [ 74.006, 20.8366 ], [ 73.9743, 20.8524 ], [ 73.9692, 20.8433 ], [ 73.9359, 20.8434 ], [ 73.9273, 20.8991 ], [ 73.895, 20.9401 ], [ 73.9018, 20.9617 ], [ 73.9154, 20.9648 ], [ 73.914, 20.97 ], [ 73.9064, 20.9832 ], [ 73.8572, 20.9977 ], [ 73.8627, 21.031 ], [ 73.89, 21.0291 ], [ 73.9154, 21.0414 ], [ 73.9606, 21.0328 ], [ 73.966, 21.0453 ], [ 73.9567, 21.0614 ], [ 73.9632, 21.0736 ], [ 73.9563, 21.0847 ], [ 73.9813, 21.1122 ], [ 74.0086, 21.1209 ], [ 74.0163, 21.1012 ], [ 74.023, 21.104 ], [ 74.0183, 21.1321 ], [ 74.0253, 21.1451 ], [ 74.0463, 21.1456 ], [ 74.0572, 21.1391 ], [ 74.0565, 21.1287 ], [ 74.0749, 21.1286 ], [ 74.0896, 21.1423 ], [ 74.0636, 21.1725 ], [ 74.1257, 21.2152 ], [ 74.1511, 21.21 ], [ 74.1477, 21.2209 ], [ 74.1617, 21.2332 ], [ 74.1668, 21.2168 ], [ 74.1857, 21.2102 ], [ 74.1904, 21.2227 ], [ 74.2157, 21.2232 ], [ 74.227, 21.2423 ], [ 74.2602, 21.2505 ], [ 74.2769, 21.2507 ], [ 74.2934, 21.2399 ], [ 74.3185, 21.2487 ], [ 74.3213, 21.2355 ], [ 74.3465, 21.2304 ], [ 74.3604, 21.2342 ], [ 74.3595, 21.2532 ], [ 74.4137, 21.2686 ], [ 74.4128, 21.2594 ], [ 74.4367, 21.2645 ], [ 74.4454, 21.2499 ], [ 74.4413, 21.2389 ], [ 74.4958, 21.2411 ], [ 74.4922, 21.2579 ], [ 74.503, 21.2673 ], [ 74.5017, 21.2919 ], [ 74.4806, 21.2976 ], [ 74.4795, 21.3076 ], [ 74.4859, 21.3105 ], [ 74.483, 21.3548 ], [ 74.4926, 21.3547 ], [ 74.4953, 21.3752 ], [ 74.5124, 21.3913 ], [ 74.5043, 21.399 ], [ 74.4985, 21.3936 ], [ 74.5018, 21.4291 ], [ 74.5245, 21.4312 ], [ 74.5764, 21.4053 ], [ 74.6119, 21.4172 ], [ 74.6419, 21.4013 ], [ 74.689, 21.4044 ], [ 74.7001, 21.4244 ], [ 74.7017, 21.4724 ], [ 74.7342, 21.4745 ], [ 74.7377, 21.4825 ], [ 74.757, 21.4775 ], [ 74.7634, 21.5188 ], [ 74.7553, 21.5287 ], [ 74.7619, 21.5418 ], [ 74.7598, 21.5783 ], [ 74.775, 21.6155 ], [ 74.8316, 21.6106 ], [ 74.8649, 21.634 ], [ 74.9019, 21.6302 ], [ 74.9204, 21.6128 ], [ 74.9947, 21.5911 ], [ 75.0178, 21.5726 ], [ 75.0577, 21.5649 ], [ 75.1151, 21.4596 ], [ 75.2075, 21.4158 ], [ 75.1629, 21.4049 ], [ 75.1435, 21.3863 ], [ 75.138, 21.3677 ], [ 75.1502, 21.3512 ], [ 75.1235, 21.3459 ], [ 75.1539, 21.3251 ], [ 75.1387, 21.3188 ], [ 75.1416, 21.2958 ], [ 75.1308, 21.2835 ], [ 75.1323, 21.2719 ], [ 75.1065, 21.238 ], [ 75.0443, 21.2131 ], [ 75.0353, 21.194 ], [ 75.0017, 21.1893 ], [ 74.9762, 21.2228 ], [ 74.9464, 21.2269 ], [ 74.9616, 21.2136 ], [ 74.9545, 21.2028 ], [ 74.9653, 21.2012 ], [ 74.966, 21.1937 ], [ 74.9348, 21.1688 ], [ 74.9162, 21.1679 ], [ 74.8958, 21.1532 ], [ 74.8896, 21.1151 ], [ 74.8738, 21.1032 ], [ 74.8771, 21.09 ], [ 74.8625, 21.0672 ] ] ] ] } },
{ "type": "Feature", "properties": { "jurisdiction": "Garhchiroli", "total_segments": 25.0, "flagged_segments": 0.0, "mean_sss": 46.4, "flagged_pct": 0.0 }, "geometry": { "type": "MultiPolygon", "coordinates": [ [ [ [ 80.2641, 18.9405 ], [ 80.2705, 18.9249 ], [ 80.3357, 18.8561 ], [ 80.3478, 18.8159 ], [ 80.3187, 18.796 ], [ 80.2942, 18.7906 ], [ 80.2718, 18.7622 ], [ 80.2546, 18.766 ], [ 80.2422, 18.7597 ], [ 80.2408, 18.7487 ], [ 80.2675, 18.718 ], [ 80.2467, 18.7013 ], [ 80.2019, 18.6974 ], [ 80.189, 18.6756 ], [ 80.171, 18.6773 ], [ 80.1581, 18.6959 ], [ 80.1066, 18.6775 ], [ 80.0844, 18.7008 ], [ 80.0464, 18.7209 ], [ 80.0124, 18.7668 ], [ 79.932, 18.7844 ], [ 79.894, 18.8308 ], [ 79.9255, 18.8375 ], [ 79.939, 18.8589 ], [ 79.9345, 19.0217 ], [ 79.926, 19.0425 ], [ 79.9161, 19.0474 ], [ 79.8596, 19.0346 ], [ 79.858, 19.1041 ], [ 79.8712, 19.1227 ], [ 79.9432, 19.1706 ], [ 79.9225, 19.2034 ], [ 79.9202, 19.2264 ], [ 79.9452, 19.2841 ], [ 79.9618, 19.2975 ], [ 79.9572, 19.3346 ], [ 79.9731, 19.401 ], [ 79.9458, 19.4408 ], [ 79.9402, 19.4645 ], [ 79.911, 19.4923 ], [ 79.8702, 19.505 ], [ 79.8282, 19.537 ], [ 79.8166, 19.569 ], [ 79.7863, 19.5897 ], [ 79.7803, 19.7152 ], [ 79.741, 19.777 ], [ 79.7377, 19.8214 ], [ 79.7987, 19.8917 ], [ 79.7658, 19.9702 ], [ 79.7743, 19.9986 ], [ 79.7923, 20.0186 ], [ 79.8422, 20.0307 ], [ 79.8642, 19.9993 ], [ 79.8647, 19.9821 ], [ 79.906, 19.9657 ], [ 79.944, 19.9828 ], [ 79.985, 20.0434 ], [ 79.9658, 20.111 ], [ 79.9057, 20.1439 ], [ 79.9277, 20.1853 ], [ 79.983, 20.2051 ], [ 79.9893, 20.2181 ], [ 79.9789, 20.2469 ], [ 79.9389, 20.2926 ], [ 79.9391, 20.3152 ], [ 79.9673, 20.3486 ], [ 79.967, 20.3593 ], [ 79.9538, 20.3822 ], [ 79.9556, 20.4137 ], [ 79.9366, 20.4336 ], [ 79.9349, 20.4455 ], [ 79.9463, 20.5271 ], [ 79.9212, 20.5511 ], [ 79.9364, 20.6232 ], [ 79.928, 20.6753 ], [ 79.955, 20.6898 ], [ 80.012, 20.6653 ], [ 80.0304, 20.6967 ], [ 80.0519, 20.7068 ], [ 80.0805, 20.6877 ], [ 80.1051, 20.689 ], [ 80.129, 20.6834 ], [ 80.1305, 20.6766 ], [ 80.155, 20.6859 ], [ 80.2022, 20.6577 ], [ 80.2349, 20.6518 ], [ 80.2417, 20.6706 ], [ 80.2668, 20.6705 ], [ 80.2766, 20.7011 ], [ 80.2919, 20.7028 ], [ 80.2978, 20.7125 ], [ 80.3152, 20.7516 ], [ 80.3103, 20.7743 ], [ 80.3251, 20.8186 ], [ 80.3741, 20.8038 ], [ 80.3941, 20.8079 ], [ 80.4086, 20.8224 ], [ 80.4494, 20.8186 ], [ 80.5122, 20.8297 ], [ 80.5559, 20.8197 ], [ 80.5433, 20.7918 ], [ 80.5455, 20.7654 ], [ 80.5602, 20.7118 ], [ 80.5801, 20.6836 ], [ 80.5728, 20.6743 ], [ 80.5076, 20.6546 ], [ 80.4848, 20.6352 ], [ 80.4816, 20.6171 ], [ 80.5001, 20.5869 ], [ 80.5119, 20.5851 ], [ 80.5673, 20.6124 ], [ 80.6223, 20.6039 ], [ 80.6129, 20.5906 ], [ 80.6197, 20.5673 ], [ 80.6099, 20.5563 ], [ 80.6033, 20.4624 ], [ 80.5947, 20.4464 ], [ 80.6034, 20.4333 ], [ 80.586, 20.3956 ], [ 80.6022, 20.3764 ], [ 80.6178, 20.3337 ], [ 80.6054, 20.3202 ], [ 80.542, 20.3068 ], [ 80.5108, 20.2696 ], [ 80.4654, 20.2716 ], [ 80.383, 20.2417 ], [ 80.414, 20.1902 ], [ 80.3946, 20.1816 ], [ 80.386, 20.1628 ], [ 80.3938, 20.144 ], [ 80.4396, 20.1291 ], [ 80.4513, 20.1449 ], [ 80.498, 20.1389 ], [ 80.5036, 20.1288 ], [ 80.5236, 20.1245 ], [ 80.5404, 20.1098 ], [ 80.535, 20.0854 ], [ 80.5462, 20.0657 ], [ 80.5325, 20.0039 ], [ 80.5455, 19.9872 ], [ 80.5204, 19.9309 ], [ 80.4805, 19.9278 ], [ 80.4645, 19.9463 ], [ 80.4437, 19.9527 ], [ 80.4063, 19.9325 ], [ 80.4077, 19.9059 ], [ 80.4444, 19.8936 ], [ 80.4612, 19.9034 ], [ 80.4827, 19.8989 ], [ 80.4975, 19.8687 ], [ 80.475, 19.8571 ], [ 80.4603, 19.828 ], [ 80.4317, 19.8103 ], [ 80.3975, 19.8162 ], [ 80.3947, 19.7946 ], [ 80.4524, 19.7929 ], [ 80.4781, 19.7724 ], [ 80.4802, 19.7954 ], [ 80.4595, 19.8113 ], [ 80.4692, 19.8247 ], [ 80.5075, 19.8299 ], [ 80.5424, 19.8193 ], [ 80.5397, 19.7746 ], [ 80.5705, 19.7547 ], [ 80.5821, 19.7381 ], [ 80.6335, 19.7185 ], [ 80.6658, 19.6922 ], [ 80.6569, 19.6123 ], [ 80.721, 19.6084 ], [ 80.7643, 19.5848 ], [ 80.7664, 19.5683 ], [ 80.7852, 19.5604 ], [ 80.8276, 19.5627 ], [ 80.8454, 19.5292 ], [ 80.8791, 19.519 ], [ 80.8897, 19.4993 ], [ 80.8921, 19.4657 ], [ 80.8675, 19.4435 ], [ 80.8351, 19.4424 ], [ 80.7879, 19.4267 ], [ 80.8127, 19.3827 ], [ 80.845, 19.3609 ], [ 80.7993, 19.3252 ], [ 80.7781, 19.3185 ], [ 80.7492, 19.2867 ], [ 80.6886, 19.2835 ], [ 80.6818, 19.2958 ], [ 80.6842, 19.32 ], [ 80.6719, 19.3264 ], [ 80.6102, 19.3071 ], [ 80.5678, 19.4009 ], [ 80.5315, 19.3743 ], [ 80.5138, 19.3482 ], [ 80.4756, 19.335 ], [ 80.4454, 19.2699 ], [ 80.4281, 19.2544 ], [ 80.3885, 19.2433 ], [ 80.3792, 19.2326 ], [ 80.3867, 19.189 ], [ 80.3811, 19.1807 ], [ 80.3455, 19.1629 ], [ 80.3249, 19.1415 ], [ 80.3209, 19.1245 ], [ 80.3315, 19.1011 ], [ 80.3199, 19.0882 ], [ 80.32, 19.0694 ], [ 80.2888, 19.0463 ], [ 80.2953, 19.0287 ], [ 80.2677, 18.9873 ], [ 80.2641, 18.9405 ] ] ] ] } },
{ "type": "Feature", "properties": { "jurisdiction": "Gondiya", "total_segments": 34.0, "flagged_segments": 2.0, "mean_sss": 59.4, "flagged_pct": 5.9 }, "geometry": { "type": "MultiPolygon", "coordinates": [ [ [ [ 80.4364, 21.0927 ], [ 80.4473, 21.0366 ], [ 80.4238, 21.0096 ], [ 80.4381, 20.9921 ], [ 80.4488, 20.9453 ], [ 80.4653, 20.9273 ], [ 80.5418, 20.9339 ], [ 80.5559, 20.8197 ], [ 80.4993, 20.8303 ], [ 80.4494, 20.8186 ], [ 80.4086, 20.8224 ], [ 80.3941, 20.8079 ], [ 80.3741, 20.8038 ], [ 80.3251, 20.8186 ], [ 80.3103, 20.7743 ], [ 80.3152, 20.7516 ], [ 80.2978, 20.7125 ], [ 80.2919, 20.7028 ], [ 80.2766, 20.7011 ], [ 80.2668, 20.6705 ], [ 80.2417, 20.6706 ], [ 80.2349, 20.6518 ], [ 80.2022, 20.6577 ], [ 80.155, 20.6859 ], [ 80.1305, 20.6766 ], [ 80.129, 20.6834 ], [ 80.1051, 20.689 ], [ 80.0805, 20.6877 ], [ 80.0519, 20.7068 ], [ 80.0304, 20.6967 ], [ 80.012, 20.6653 ], [ 80.0076, 20.6718 ], [ 80.0017, 20.6663 ], [ 79.9827, 20.6726 ], [ 79.958, 20.689 ], [ 79.964, 20.7131 ], [ 79.928, 20.7111 ], [ 79.9224, 20.7385 ], [ 79.9095, 20.7374 ], [ 79.9107, 20.7454 ], [ 79.9197, 20.7457 ], [ 79.9193, 20.7649 ], [ 79.9339, 20.7846 ], [ 79.9036, 20.7808 ], [ 79.8824, 20.7656 ], [ 79.8787, 20.7893 ], [ 79.8596, 20.7807 ], [ 79.8607, 20.8076 ], [ 79.8503, 20.8097 ], [ 79.8571, 20.8143 ], [ 79.8589, 20.8757 ], [ 79.8674, 20.8823 ], [ 79.8833, 20.8751 ], [ 79.899, 20.8831 ], [ 79.9046, 20.8972 ], [ 79.9414, 20.9256 ], [ 79.9354, 20.9588 ], [ 79.9483, 20.9878 ], [ 79.9429, 21.0114 ], [ 79.9811, 21.0074 ], [ 79.9936, 21.0217 ], [ 80.0129, 21.0007 ], [ 80.0208, 21.0076 ], [ 80.0411, 21.0025 ], [ 80.0792, 21.0455 ], [ 80.0709, 21.0568 ], [ 80.0744, 21.0998 ], [ 80.0548, 21.105 ], [ 80.0772, 21.1431 ], [ 80.0433, 21.2101 ], [ 80.0333, 21.2091 ], [ 80.0166, 21.2254 ], [ 80.0015, 21.2159 ], [ 79.9852, 21.2298 ], [ 79.9652, 21.2281 ], [ 79.9355, 21.2522 ], [ 79.9165, 21.2533 ], [ 79.8992, 21.2405 ], [ 79.881, 21.2525 ], [ 79.861, 21.2473 ], [ 79.8626, 21.2289 ], [ 79.8306, 21.2242 ], [ 79.8261, 21.2296 ], [ 79.842, 21.2451 ], [ 79.8363, 21.2552 ], [ 79.8505, 21.249 ], [ 79.8591, 21.2509 ], [ 79.859, 21.2583 ], [ 79.8269, 21.2599 ], [ 79.8197, 21.2704 ], [ 79.8312, 21.2833 ], [ 79.8222, 21.2898 ], [ 79.8324, 21.3104 ], [ 79.8091, 21.3161 ], [ 79.8067, 21.3528 ], [ 79.7954, 21.3583 ], [ 79.7932, 21.3771 ], [ 79.8766, 21.4248 ], [ 79.8778, 21.441 ], [ 79.9195, 21.4868 ], [ 79.9236, 21.5043 ], [ 79.9158, 21.5245 ], [ 79.9272, 21.5537 ], [ 79.9662, 21.5573 ], [ 79.9856, 21.5368 ], [ 79.9967, 21.5353 ], [ 80.0282, 21.5573 ], [ 80.0636, 21.5546 ], [ 80.1099, 21.5934 ], [ 80.1149, 21.607 ], [ 80.1479, 21.6063 ], [ 80.1882, 21.6342 ], [ 80.2047, 21.6335 ], [ 80.2163, 21.6203 ], [ 80.2602, 21.6201 ], [ 80.288, 21.5923 ], [ 80.2919, 21.578 ], [ 80.3202, 21.5736 ], [ 80.3301, 21.5547 ], [ 80.3244, 21.5487 ], [ 80.3692, 21.5229 ], [ 80.3753, 21.4911 ], [ 80.3463, 21.4791 ], [ 80.3434, 21.4915 ], [ 80.3297, 21.4839 ], [ 80.3239, 21.4961 ], [ 80.3108, 21.4896 ], [ 80.2763, 21.4918 ], [ 80.2772, 21.4475 ], [ 80.316, 21.4208 ], [ 80.3514, 21.4239 ], [ 80.3559, 21.4056 ], [ 80.319, 21.3974 ], [ 80.3069, 21.3767 ], [ 80.2611, 21.3653 ], [ 80.2608, 21.3533 ], [ 80.2881, 21.3503 ], [ 80.2807, 21.3318 ], [ 80.2852, 21.3194 ], [ 80.3084, 21.3214 ], [ 80.3201, 21.3059 ], [ 80.3137, 21.2763 ], [ 80.3233, 21.2618 ], [ 80.3252, 21.2331 ], [ 80.3458, 21.212 ], [ 80.3349, 21.188 ], [ 80.3384, 21.1726 ], [ 80.3613, 21.1839 ], [ 80.4022, 21.1842 ], [ 80.3872, 21.1647 ], [ 80.3818, 21.1393 ], [ 80.4364, 21.0927 ] ] ] ] } },
{ "type": "Feature", "properties": { "jurisdiction": "Hingoli", "total_segments": 16.0, "flagged_segments": 2.0, "mean_sss": 49.3, "flagged_pct": 12.5 }, "geometry": { "type": "MultiPolygon", "coordinates": [ [ [ [ 77.3111, 19.3531 ], [ 77.3075, 19.3297 ], [ 77.2806, 19.3247 ], [ 77.2774, 19.3145 ], [ 77.2416, 19.3206 ], [ 77.2356, 19.2734 ], [ 77.2203, 19.2736 ], [ 77.203, 19.2419 ], [ 77.193, 19.2425 ], [ 77.1817, 19.2297 ], [ 77.1764, 19.1693 ], [ 77.1924, 19.1649 ], [ 77.1923, 19.1433 ], [ 77.189, 19.1299 ], [ 77.1638, 19.1157 ], [ 77.1562, 19.083 ], [ 77.139, 19.0696 ], [ 77.1228, 19.0779 ], [ 77.0885, 19.0682 ], [ 77.0852, 19.0836 ], [ 77.1032, 19.0984 ], [ 77.1018, 19.1217 ], [ 77.0912, 19.1356 ], [ 77.0953, 19.1446 ], [ 77.1182, 19.1493 ], [ 77.0926, 19.1562 ], [ 77.0978, 19.1724 ], [ 77.086, 19.1719 ], [ 77.0736, 19.1895 ], [ 77.0359, 19.201 ], [ 77.0492, 19.2301 ], [ 77.047, 19.2474 ], [ 77.0346, 19.2436 ], [ 77.0112, 19.2514 ], [ 77.0085, 19.271 ], [ 77.0198, 19.2743 ], [ 77.0197, 19.2822 ], [ 76.9904, 19.2844 ], [ 76.9853, 19.276 ], [ 76.9682, 19.2766 ], [ 76.9697, 19.2525 ], [ 76.9534, 19.2538 ], [ 76.9547, 19.2481 ], [ 76.9342, 19.2542 ], [ 76.9243, 19.2474 ], [ 76.9195, 19.2557 ], [ 76.9302, 19.2966 ], [ 76.9009, 19.2975 ], [ 76.8911, 19.3113 ], [ 76.8997, 19.3241 ], [ 76.8899, 19.3486 ], [ 76.8939, 19.3784 ], [ 76.9203, 19.4175 ], [ 76.9193, 19.4463 ], [ 76.951, 19.4889 ], [ 76.9662, 19.4759 ], [ 76.9844, 19.4752 ], [ 76.9858, 19.491 ], [ 76.9775, 19.4872 ], [ 76.9754, 19.5054 ], [ 76.9576, 19.5115 ], [ 76.9672, 19.5454 ], [ 76.9495, 19.5745 ], [ 76.9596, 19.5837 ], [ 76.943, 19.5975 ], [ 76.9408, 19.6225 ], [ 76.9179, 19.6161 ], [ 76.9106, 19.6255 ], [ 76.9139, 19.6364 ], [ 76.9015, 19.6442 ], [ 76.8694, 19.6187 ], [ 76.8739, 19.6425 ], [ 76.8522, 19.6481 ], [ 76.8628, 19.6746 ], [ 76.8492, 19.7048 ], [ 76.8143, 19.7018 ], [ 76.8255, 19.6815 ], [ 76.8178, 19.6675 ], [ 76.8077, 19.682 ], [ 76.7868, 19.6713 ], [ 76.783, 19.7012 ], [ 76.789, 19.7192 ], [ 76.7796, 19.7309 ], [ 76.7664, 19.7154 ], [ 76.7682, 19.6884 ], [ 76.7537, 19.6893 ], [ 76.7443, 19.7105 ], [ 76.7339, 19.7123 ], [ 76.7375, 19.7311 ], [ 76.7158, 19.7679 ], [ 76.7014, 19.7649 ], [ 76.6861, 19.7817 ], [ 76.7009, 19.8068 ], [ 76.6974, 19.8197 ], [ 76.7047, 19.8365 ], [ 76.6753, 19.839 ], [ 76.69, 19.8731 ], [ 76.7379, 19.8727 ], [ 76.7449, 19.9074 ], [ 76.7657, 19.9044 ], [ 76.7717, 19.9335 ], [ 76.8217, 19.9274 ], [ 76.8354, 19.9615 ], [ 76.8943, 19.9467 ], [ 76.899, 19.9633 ], [ 76.987, 19.9968 ], [ 76.9911, 20.0185 ], [ 77.0131, 20.0033 ], [ 77.0341, 20.011 ], [ 77.0588, 19.9967 ], [ 77.0997, 19.9333 ], [ 77.1316, 19.9434 ], [ 77.155, 19.9672 ], [ 77.1693, 19.9649 ], [ 77.1758, 19.9781 ], [ 77.2014, 19.9919 ], [ 77.2154, 19.9784 ], [ 77.2079, 19.9435 ], [ 77.2367, 19.9386 ], [ 77.2461, 19.9062 ], [ 77.2383, 19.8927 ], [ 77.2664, 19.8976 ], [ 77.2765, 19.9168 ], [ 77.29, 19.8997 ], [ 77.3133, 19.91 ], [ 77.3131, 19.8913 ], [ 77.2955, 19.8931 ], [ 77.2959, 19.8799 ], [ 77.3208, 19.8854 ], [ 77.3451, 19.8738 ], [ 77.3462, 19.8606 ], [ 77.3624, 19.8584 ], [ 77.3538, 19.8457 ], [ 77.3607, 19.8333 ], [ 77.3417, 19.8294 ], [ 77.3594, 19.8153 ], [ 77.3678, 19.8225 ], [ 77.3871, 19.8212 ], [ 77.3923, 19.8114 ], [ 77.3806, 19.7883 ], [ 77.406, 19.7769 ], [ 77.4016, 19.7643 ], [ 77.3842, 19.7662 ], [ 77.3762, 19.7462 ], [ 77.3803, 19.7289 ], [ 77.3938, 19.7259 ], [ 77.4103, 19.7437 ], [ 77.4329, 19.7295 ], [ 77.4483, 19.6999 ], [ 77.443, 19.6877 ], [ 77.4565, 19.682 ], [ 77.4505, 19.6738 ], [ 77.467, 19.6647 ], [ 77.4637, 19.6146 ], [ 77.4566, 19.6123 ], [ 77.478, 19.5999 ], [ 77.4509, 19.5673 ], [ 77.4658, 19.5632 ], [ 77.4672, 19.4984 ], [ 77.4731, 19.488 ], [ 77.4866, 19.495 ], [ 77.4905, 19.4661 ], [ 77.4872, 19.4568 ], [ 77.4745, 19.455 ], [ 77.4692, 19.4365 ], [ 77.4494, 19.4394 ], [ 77.4343, 19.4068 ], [ 77.4467, 19.3824 ], [ 77.4167, 19.3763 ], [ 77.4125, 19.3651 ], [ 77.3867, 19.3521 ], [ 77.3832, 19.3406 ], [ 77.3615, 19.3384 ], [ 77.3493, 19.3519 ], [ 77.3111, 19.3531 ] ] ] ] } },
{ "type": "Feature", "properties": { "jurisdiction": "Jalgaon", "total_segments": 108.0, "flagged_segments": 4.0, "mean_sss": 47.7, "flagged_pct": 3.7 }, "geometry": { "type": "MultiPolygon", "coordinates": [ [ [ [ 75.1653, 20.4441 ], [ 75.158, 20.4354 ], [ 75.1321, 20.4329 ], [ 75.1111, 20.4133 ], [ 75.1281, 20.3508 ], [ 75.0951, 20.336 ], [ 75.0623, 20.3354 ], [ 75.0594, 20.3086 ], [ 75.0031, 20.3382 ], [ 74.992, 20.3316 ], [ 74.9906, 20.3037 ], [ 74.9742, 20.3054 ], [ 74.9476, 20.2811 ], [ 74.9523, 20.2744 ], [ 74.9467, 20.2718 ], [ 74.8737, 20.2783 ], [ 74.8606, 20.2867 ], [ 74.8711, 20.3364 ], [ 74.8646, 20.336 ], [ 74.8542, 20.384 ], [ 74.8322, 20.4038 ], [ 74.8456, 20.4112 ], [ 74.8231, 20.4304 ], [ 74.8222, 20.4418 ], [ 74.8099, 20.446 ], [ 74.7991, 20.4783 ], [ 74.7772, 20.4719 ], [ 74.7898, 20.5015 ], [ 74.7876, 20.509 ], [ 74.7783, 20.5059 ], [ 74.7656, 20.54 ], [ 74.7993, 20.5409 ], [ 74.7991, 20.5768 ], [ 74.8057, 20.5899 ], [ 74.8139, 20.5884 ], [ 74.8184, 20.6352 ], [ 74.8598, 20.6367 ], [ 74.8949, 20.6478 ], [ 74.9041, 20.6595 ], [ 74.9325, 20.659 ], [ 74.9589, 20.6958 ], [ 74.9565, 20.7134 ], [ 74.9632, 20.7172 ], [ 74.954, 20.722 ], [ 74.9919, 20.7352 ], [ 74.9971, 20.7503 ], [ 74.9913, 20.7747 ], [ 74.9648, 20.8065 ], [ 74.9712, 20.8209 ], [ 74.9893, 20.8239 ], [ 74.9847, 20.8449 ], [ 74.9704, 20.8532 ], [ 74.9731, 20.879 ], [ 74.9636, 20.8889 ], [ 74.9648, 20.9068 ], [ 74.9588, 20.9019 ], [ 74.9528, 20.9133 ], [ 74.9375, 20.919 ], [ 74.938, 20.9276 ], [ 74.9171, 20.9285 ], [ 74.9155, 20.9638 ], [ 74.9331, 20.9627 ], [ 74.9326, 20.9794 ], [ 74.9195, 20.9917 ], [ 74.9241, 21.0123 ], [ 74.894, 21.0542 ], [ 74.8679, 21.053 ], [ 74.8611, 21.0648 ], [ 74.8771, 21.09 ], [ 74.8738, 21.1032 ], [ 74.8896, 21.1151 ], [ 74.8917, 21.1469 ], [ 74.966, 21.1937 ], [ 74.9653, 21.2012 ], [ 74.9545, 21.2028 ], [ 74.9616, 21.2136 ], [ 74.9464, 21.2269 ], [ 74.9762, 21.2228 ], [ 75.0017, 21.1893 ], [ 75.0353, 21.194 ], [ 75.0443, 21.2131 ], [ 75.1065, 21.238 ], [ 75.1323, 21.2719 ], [ 75.1308, 21.2835 ], [ 75.1416, 21.2958 ], [ 75.1387, 21.3188 ], [ 75.1539, 21.3251 ], [ 75.1235, 21.3459 ], [ 75.1502, 21.3512 ], [ 75.138, 21.3677 ], [ 75.1435, 21.3863 ], [ 75.1629, 21.4049 ], [ 75.2075, 21.4158 ], [ 75.2199, 21.4109 ], [ 75.2364, 21.4171 ], [ 75.2591, 21.4052 ], [ 75.2996, 21.4157 ], [ 75.3019, 21.3892 ], [ 75.312, 21.3953 ], [ 75.3538, 21.3935 ], [ 75.3614, 21.4032 ], [ 75.3984, 21.383 ], [ 75.4134, 21.3911 ], [ 75.4684, 21.3942 ], [ 75.5246, 21.3872 ], [ 75.5481, 21.3725 ], [ 75.5598, 21.3823 ], [ 75.5813, 21.3799 ], [ 75.5766, 21.3855 ], [ 75.6089, 21.395 ], [ 75.6295, 21.3812 ], [ 75.6734, 21.3804 ], [ 75.7329, 21.3933 ], [ 75.7589, 21.3855 ], [ 75.8014, 21.3902 ], [ 75.8326, 21.3833 ], [ 75.8881, 21.3996 ], [ 75.9165, 21.3898 ], [ 75.9594, 21.3962 ], [ 75.9849, 21.3772 ], [ 76.0275, 21.3681 ], [ 76.0524, 21.3527 ], [ 76.0987, 21.3739 ], [ 76.1293, 21.2975 ], [ 76.145, 21.2878 ], [ 76.1592, 21.2591 ], [ 76.1444, 21.2381 ], [ 76.164, 21.2242 ], [ 76.1727, 21.1883 ], [ 76.1668, 21.1707 ], [ 76.1274, 21.1779 ], [ 76.114, 21.1646 ], [ 76.1399, 21.1401 ], [ 76.1357, 21.1262 ], [ 76.1685, 21.1054 ], [ 76.1686, 21.0858 ], [ 76.2621, 21.0947 ], [ 76.2818, 21.0753 ], [ 76.3845, 21.0766 ], [ 76.3971, 21.0323 ], [ 76.3823, 20.9795 ], [ 76.367, 20.9798 ], [ 76.346, 20.9517 ], [ 76.2798, 20.9601 ], [ 76.2756, 20.9738 ], [ 76.2389, 20.9927 ], [ 76.2252, 21.0139 ], [ 76.1999, 21.0169 ], [ 76.166, 21.042 ], [ 76.159, 21.0023 ], [ 76.1243, 20.9792 ], [ 76.113, 20.9545 ], [ 76.0919, 20.9454 ], [ 76.0839, 20.9295 ], [ 76.0805, 20.91 ], [ 76.1151, 20.8952 ], [ 76.1114, 20.8836 ], [ 76.0826, 20.856 ], [ 76.0738, 20.8354 ], [ 76.051, 20.8183 ], [ 76.0574, 20.8054 ], [ 76.0498, 20.7901 ], [ 76.0123, 20.7873 ], [ 75.998, 20.7798 ], [ 75.987, 20.7606 ], [ 76.0164, 20.7312 ], [ 76.0001, 20.7174 ], [ 75.9971, 20.6983 ], [ 76.0039, 20.6855 ], [ 76.0001, 20.6606 ], [ 76.0107, 20.6409 ], [ 75.9912, 20.6248 ], [ 75.9574, 20.6267 ], [ 75.9551, 20.6081 ], [ 75.9338, 20.6014 ], [ 75.932, 20.5525 ], [ 75.8899, 20.565 ], [ 75.8878, 20.5985 ], [ 75.8722, 20.6025 ], [ 75.8696, 20.6252 ], [ 75.8413, 20.6182 ], [ 75.8459, 20.5972 ], [ 75.8345, 20.5969 ], [ 75.8302, 20.576 ], [ 75.8464, 20.5692 ], [ 75.827, 20.5624 ], [ 75.8063, 20.5716 ], [ 75.7899, 20.567 ], [ 75.7904, 20.5882 ], [ 75.7605, 20.5816 ], [ 75.7594, 20.6159 ], [ 75.7342, 20.6118 ], [ 75.7252, 20.6222 ], [ 75.704, 20.6194 ], [ 75.7067, 20.6632 ], [ 75.6704, 20.6722 ], [ 75.6589, 20.6636 ], [ 75.661, 20.6283 ], [ 75.6494, 20.6217 ], [ 75.6161, 20.6258 ], [ 75.6101, 20.6236 ], [ 75.6161, 20.6109 ], [ 75.5915, 20.6043 ], [ 75.5662, 20.6144 ], [ 75.5569, 20.6059 ], [ 75.5381, 20.6113 ], [ 75.535, 20.5981 ], [ 75.5239, 20.592 ], [ 75.5276, 20.5623 ], [ 75.5101, 20.556 ], [ 75.4972, 20.5294 ], [ 75.4862, 20.5447 ], [ 75.4625, 20.5545 ], [ 75.4602, 20.5176 ], [ 75.4526, 20.5419 ], [ 75.4302, 20.5337 ], [ 75.4359, 20.5148 ], [ 75.3991, 20.5257 ], [ 75.3959, 20.576 ], [ 75.3721, 20.5785 ], [ 75.3644, 20.5985 ], [ 75.355, 20.5912 ], [ 75.3233, 20.5931 ], [ 75.3201, 20.5783 ], [ 75.295, 20.5707 ], [ 75.2689, 20.5727 ], [ 75.2621, 20.5805 ], [ 75.2471, 20.5532 ], [ 75.2418, 20.5231 ], [ 75.2296, 20.516 ], [ 75.2334, 20.4946 ], [ 75.214, 20.4998 ], [ 75.2154, 20.4943 ], [ 75.2046, 20.4933 ], [ 75.2037, 20.4778 ], [ 75.1659, 20.4774 ], [ 75.1653, 20.4441 ] ] ] ] } },
{ "type": "Feature", "properties": { "jurisdiction": "Jalna", "total_segments": 75.0, "flagged_segments": 4.0, "mean_sss": 57.5, "flagged_pct": 5.3 }, "geometry": { "type": "MultiPolygon", "coordinates": [ [ [ [ 76.2092, 19.2778 ], [ 76.1851, 19.2894 ], [ 76.1671, 19.2824 ], [ 76.1583, 19.2976 ], [ 76.1422, 19.291 ], [ 76.1281, 19.3039 ], [ 76.1159, 19.2967 ], [ 76.1015, 19.3085 ], [ 76.0838, 19.28 ], [ 76.0396, 19.2863 ], [ 76.0284, 19.2974 ], [ 76.0256, 19.3372 ], [ 76.0198, 19.3398 ], [ 75.9714, 19.2997 ], [ 75.9343, 19.294 ], [ 75.9078, 19.3196 ], [ 75.9072, 19.3436 ], [ 75.9236, 19.3768 ], [ 75.9107, 19.3897 ], [ 75.8406, 19.3711 ], [ 75.7975, 19.3972 ], [ 75.7731, 19.3958 ], [ 75.7593, 19.3899 ], [ 75.7632, 19.3722 ], [ 75.7556, 19.3592 ], [ 75.6894, 19.3558 ], [ 75.6754, 19.3673 ], [ 75.6518, 19.3693 ], [ 75.6431, 19.3816 ], [ 75.6237, 19.3744 ], [ 75.6115, 19.382 ], [ 75.62, 19.4255 ], [ 75.6112, 19.431 ], [ 75.6129, 19.454 ], [ 75.6209, 19.4685 ], [ 75.6363, 19.4651 ], [ 75.6585, 19.5674 ], [ 75.6533, 19.5956 ], [ 75.6024, 19.603 ], [ 75.5925, 19.6384 ], [ 75.6087, 19.6422 ], [ 75.6119, 19.657 ], [ 75.6349, 19.6562 ], [ 75.6315, 19.7022 ], [ 75.6377, 19.7353 ], [ 75.6294, 19.7468 ], [ 75.6293, 19.7768 ], [ 75.6468, 19.7858 ], [ 75.638, 19.8146 ], [ 75.6539, 19.816 ], [ 75.6488, 19.8749 ], [ 75.655, 19.9115 ], [ 75.6689, 19.9215 ], [ 75.6693, 19.9408 ], [ 75.6387, 19.9562 ], [ 75.6376, 19.9958 ], [ 75.6313, 20.0017 ], [ 75.6399, 20.0049 ], [ 75.6064, 20.007 ], [ 75.5951, 20.0245 ], [ 75.6088, 20.053 ], [ 75.5957, 20.0625 ], [ 75.5908, 20.1032 ], [ 75.6285, 20.1066 ], [ 75.6499, 20.1926 ], [ 75.6803, 20.1923 ], [ 75.6853, 20.2056 ], [ 75.6772, 20.2415 ], [ 75.6977, 20.2875 ], [ 75.6868, 20.3108 ], [ 75.7129, 20.3185 ], [ 75.7198, 20.3333 ], [ 75.7416, 20.3394 ], [ 75.7567, 20.3292 ], [ 75.7742, 20.3382 ], [ 75.7703, 20.355 ], [ 75.7526, 20.3748 ], [ 75.7553, 20.4007 ], [ 75.7412, 20.4097 ], [ 75.7401, 20.4209 ], [ 75.7605, 20.4287 ], [ 75.7698, 20.4556 ], [ 75.7997, 20.4545 ], [ 75.8003, 20.4648 ], [ 75.8161, 20.4672 ], [ 75.8204, 20.475 ], [ 75.8444, 20.4616 ], [ 75.8599, 20.4635 ], [ 75.8695, 20.4497 ], [ 75.8657, 20.4427 ], [ 75.8948, 20.4486 ], [ 75.8782, 20.4554 ], [ 75.8522, 20.4918 ], [ 75.8641, 20.5292 ], [ 75.8876, 20.5276 ], [ 75.8654, 20.5634 ], [ 75.8899, 20.565 ], [ 75.932, 20.5525 ], [ 75.9338, 20.6014 ], [ 75.9551, 20.6081 ], [ 75.9574, 20.6267 ], [ 75.9912, 20.6248 ], [ 76.018, 20.6473 ], [ 76.0328, 20.6402 ], [ 76.0403, 20.5566 ], [ 76.0186, 20.5519 ], [ 76.0185, 20.5319 ], [ 76.0117, 20.5386 ], [ 75.999, 20.5315 ], [ 75.9742, 20.5351 ], [ 75.971, 20.5246 ], [ 75.9588, 20.529 ], [ 75.9508, 20.5211 ], [ 75.9427, 20.4972 ], [ 75.9579, 20.4583 ], [ 75.9425, 20.427 ], [ 75.9509, 20.3959 ], [ 75.9684, 20.3751 ], [ 75.9425, 20.3727 ], [ 75.945, 20.353 ], [ 75.927, 20.3247 ], [ 75.9333, 20.3054 ], [ 75.9206, 20.2981 ], [ 75.9396, 20.2927 ], [ 75.9813, 20.3223 ], [ 76.0295, 20.3026 ], [ 76.0986, 20.353 ], [ 76.1524, 20.3289 ], [ 76.1776, 20.2982 ], [ 76.1776, 20.2795 ], [ 76.159, 20.2433 ], [ 76.1513, 20.1786 ], [ 76.0822, 20.1216 ], [ 75.9974, 19.9764 ], [ 76.0169, 19.975 ], [ 76.0143, 19.9543 ], [ 76.0488, 19.9483 ], [ 76.0615, 19.9191 ], [ 76.0807, 19.9125 ], [ 76.0817, 19.8855 ], [ 76.1003, 19.8568 ], [ 76.1293, 19.8638 ], [ 76.1401, 19.8454 ], [ 76.1497, 19.8462 ], [ 76.1519, 19.8568 ], [ 76.1877, 19.8519 ], [ 76.2143, 19.8668 ], [ 76.2563, 19.8742 ], [ 76.2978, 19.8705 ], [ 76.3082, 19.8796 ], [ 76.339, 19.8828 ], [ 76.3675, 19.9266 ], [ 76.3828, 19.9196 ], [ 76.3896, 19.9051 ], [ 76.4075, 19.9206 ], [ 76.4897, 19.9189 ], [ 76.4993, 19.8843 ], [ 76.5326, 19.8651 ], [ 76.532, 19.8512 ], [ 76.5196, 19.8491 ], [ 76.5206, 19.837 ], [ 76.5112, 19.8305 ], [ 76.5108, 19.801 ], [ 76.4853, 19.8004 ], [ 76.483, 19.7936 ], [ 76.489, 19.779 ], [ 76.5119, 19.7707 ], [ 76.5099, 19.763 ], [ 76.493, 19.7609 ], [ 76.4848, 19.7439 ], [ 76.4592, 19.7472 ], [ 76.4579, 19.7235 ], [ 76.4844, 19.7205 ], [ 76.487, 19.6775 ], [ 76.4706, 19.6791 ], [ 76.4493, 19.6602 ], [ 76.4435, 19.6416 ], [ 76.4523, 19.6413 ], [ 76.4513, 19.6127 ], [ 76.4331, 19.6021 ], [ 76.4365, 19.5862 ], [ 76.4478, 19.5832 ], [ 76.4418, 19.5412 ], [ 76.4126, 19.5326 ], [ 76.3955, 19.5411 ], [ 76.3952, 19.5313 ], [ 76.3781, 19.5366 ], [ 76.3721, 19.5158 ], [ 76.377, 19.4996 ], [ 76.3653, 19.4682 ], [ 76.3448, 19.4698 ], [ 76.3412, 19.4538 ], [ 76.3151, 19.4638 ], [ 76.3035, 19.4318 ], [ 76.2909, 19.4319 ], [ 76.2853, 19.3661 ], [ 76.2676, 19.3658 ], [ 76.2617, 19.3571 ], [ 76.2794, 19.3445 ], [ 76.2648, 19.334 ], [ 76.2417, 19.3382 ], [ 76.2349, 19.3137 ], [ 76.2132, 19.3186 ], [ 76.2101, 19.2986 ], [ 76.2205, 19.2885 ], [ 76.2092, 19.2778 ] ] ] ] } },
{ "type": "Feature", "properties": { "jurisdiction": "Kolhapur", "total_segments": 151.0, "flagged_segments": 2.0, "mean_sss": 49.3, "flagged_pct": 1.3 }, "geometry": { "type": "MultiPolygon", "coordinates": [ [ [ [ 74.4703, 16.0405 ], [ 74.4352, 15.9512 ], [ 74.3919, 15.9012 ], [ 74.4116, 15.8526 ], [ 74.3934, 15.8518 ], [ 74.3741, 15.8916 ], [ 74.367, 15.8711 ], [ 74.3445, 15.8521 ], [ 74.3893, 15.8441 ], [ 74.3664, 15.8155 ], [ 74.3758, 15.8012 ], [ 74.3708, 15.7822 ], [ 74.3509, 15.7634 ], [ 74.3298, 15.7704 ], [ 74.3241, 15.7565 ], [ 74.2922, 15.7393 ], [ 74.274, 15.7531 ], [ 74.2501, 15.7412 ], [ 74.2352, 15.754 ], [ 74.2355, 15.7868 ], [ 74.1806, 15.7722 ], [ 74.1626, 15.7857 ], [ 74.1665, 15.8193 ], [ 74.1492, 15.8195 ], [ 74.1517, 15.8295 ], [ 74.1188, 15.8195 ], [ 74.1109, 15.8373 ], [ 74.1022, 15.8375 ], [ 74.0779, 15.8311 ], [ 74.0742, 15.8114 ], [ 74.0565, 15.8046 ], [ 74.0643, 15.7721 ], [ 74.0872, 15.7664 ], [ 74.0598, 15.7524 ], [ 74.037, 15.7622 ], [ 74.0502, 15.7688 ], [ 74.0401, 15.8319 ], [ 74.1003, 15.8696 ], [ 74.1014, 15.8955 ], [ 74.0812, 15.9462 ], [ 74.0738, 15.9386 ], [ 74.0537, 15.9547 ], [ 74.0984, 16.0045 ], [ 74.0675, 16.0482 ], [ 74.0564, 16.0322 ], [ 74.0098, 16.0358 ], [ 74.0098, 16.0504 ], [ 74.0023, 16.0556 ], [ 74.0144, 16.074 ], [ 74.0009, 16.0757 ], [ 74.0056, 16.0865 ], [ 73.9154, 16.098 ], [ 73.907, 16.0871 ], [ 73.8737, 16.0955 ], [ 73.8821, 16.1045 ], [ 73.869, 16.1053 ], [ 73.8541, 16.0934 ], [ 73.8668, 16.0731 ], [ 73.8539, 16.0769 ], [ 73.8446, 16.092 ], [ 73.8637, 16.1338 ], [ 73.8546, 16.1505 ], [ 73.8759, 16.1365 ], [ 73.876, 16.1446 ], [ 73.8951, 16.1433 ], [ 73.9184, 16.1334 ], [ 73.9283, 16.1515 ], [ 73.9175, 16.1567 ], [ 73.928, 16.1652 ], [ 73.9245, 16.1706 ], [ 73.9551, 16.1704 ], [ 73.9505, 16.1849 ], [ 73.9673, 16.2039 ], [ 73.9359, 16.1983 ], [ 73.9343, 16.2171 ], [ 73.956, 16.2364 ], [ 73.9524, 16.2412 ], [ 73.926, 16.2284 ], [ 73.9015, 16.2291 ], [ 73.9285, 16.2441 ], [ 73.9051, 16.2555 ], [ 73.8902, 16.2776 ], [ 73.8999, 16.2977 ], [ 73.9111, 16.3024 ], [ 73.9132, 16.3266 ], [ 73.897, 16.3217 ], [ 73.8958, 16.3268 ], [ 73.8751, 16.3075 ], [ 73.8657, 16.3133 ], [ 73.856, 16.2984 ], [ 73.8581, 16.3117 ], [ 73.8501, 16.315 ], [ 73.8576, 16.3236 ], [ 73.8446, 16.3442 ], [ 73.8662, 16.3568 ], [ 73.875, 16.372 ], [ 73.8684, 16.383 ], [ 73.8478, 16.3905 ], [ 73.8467, 16.4013 ], [ 73.8963, 16.447 ], [ 73.8971, 16.4558 ], [ 73.8935, 16.4731 ], [ 73.873, 16.4736 ], [ 73.8624, 16.4855 ], [ 73.8524, 16.505 ], [ 73.8571, 16.5247 ], [ 73.8271, 16.5433 ], [ 73.8416, 16.5448 ], [ 73.8562, 16.5694 ], [ 73.8527, 16.5839 ], [ 73.8721, 16.6068 ], [ 73.8614, 16.6342 ], [ 73.8648, 16.6579 ], [ 73.8747, 16.6684 ], [ 73.8622, 16.6717 ], [ 73.8693, 16.6791 ], [ 73.8223, 16.705 ], [ 73.8369, 16.7129 ], [ 73.8499, 16.7373 ], [ 73.828, 16.7635 ], [ 73.8008, 16.7613 ], [ 73.7897, 16.7809 ], [ 73.7713, 16.7686 ], [ 73.7659, 16.7797 ], [ 73.7707, 16.7972 ], [ 73.7621, 16.8115 ], [ 73.7472, 16.8192 ], [ 73.7387, 16.8148 ], [ 73.7216, 16.8284 ], [ 73.7342, 16.8356 ], [ 73.7419, 16.8311 ], [ 73.7471, 16.8422 ], [ 73.7615, 16.8329 ], [ 73.7756, 16.8475 ], [ 73.777, 16.869 ], [ 73.7581, 16.8811 ], [ 73.7582, 16.9002 ], [ 73.7483, 16.896 ], [ 73.7488, 16.9112 ], [ 73.7538, 16.9152 ], [ 73.7577, 16.9034 ], [ 73.7994, 16.9065 ], [ 73.8046, 16.9288 ], [ 73.775, 16.9612 ], [ 73.7968, 16.9914 ], [ 73.8427, 16.9893 ], [ 73.8365, 17.0114 ], [ 73.8431, 17.0244 ], [ 73.832, 17.0366 ], [ 73.8434, 17.0526 ], [ 73.8262, 17.0622 ], [ 73.8129, 17.0603 ], [ 73.8166, 17.0843 ], [ 73.7978, 17.0918 ], [ 73.7904, 17.1063 ], [ 73.778, 17.1075 ], [ 73.7561, 17.13 ], [ 73.7487, 17.1203 ], [ 73.72, 17.1391 ], [ 73.7037, 17.1374 ], [ 73.699, 17.157 ], [ 73.7227, 17.1703 ], [ 73.7414, 17.1661 ], [ 73.7526, 17.174 ], [ 73.7592, 17.1509 ], [ 73.7861, 17.1506 ], [ 73.7791, 17.17 ], [ 73.7896, 17.1788 ], [ 73.8365, 17.1661 ], [ 73.887, 17.129 ], [ 73.8867, 17.1154 ], [ 73.9103, 17.101 ], [ 73.9253, 17.0667 ], [ 73.9419, 17.071 ], [ 73.9891, 17.0328 ], [ 73.9902, 17.012 ], [ 73.9794, 16.9918 ], [ 73.9892, 16.9844 ], [ 74.0036, 16.9933 ], [ 74.0306, 16.9831 ], [ 74.0315, 16.9407 ], [ 74.0439, 16.9371 ], [ 74.0472, 16.9226 ], [ 74.0742, 16.902 ], [ 74.0979, 16.9134 ], [ 74.1056, 16.9072 ], [ 74.1288, 16.9101 ], [ 74.1417, 16.8881 ], [ 74.1554, 16.8825 ], [ 74.1775, 16.8968 ], [ 74.2193, 16.8909 ], [ 74.2201, 16.9041 ], [ 74.2304, 16.9093 ], [ 74.2394, 16.8865 ], [ 74.2509, 16.8838 ], [ 74.2643, 16.9032 ], [ 74.2885, 16.9141 ], [ 74.3043, 16.8904 ], [ 74.3615, 16.8684 ], [ 74.3677, 16.852 ], [ 74.4091, 16.8785 ], [ 74.4216, 16.8758 ], [ 74.4113, 16.8488 ], [ 74.4201, 16.8404 ], [ 74.4668, 16.8501 ], [ 74.4761, 16.8658 ], [ 74.5018, 16.8541 ], [ 74.5036, 16.8276 ], [ 74.5197, 16.8381 ], [ 74.5227, 16.8552 ], [ 74.555, 16.8292 ], [ 74.5674, 16.8034 ], [ 74.6194, 16.7936 ], [ 74.6463, 16.7751 ], [ 74.6532, 16.7492 ], [ 74.7054, 16.7324 ], [ 74.6956, 16.6858 ], [ 74.6875, 16.6817 ], [ 74.6961, 16.675 ], [ 74.6717, 16.6635 ], [ 74.6605, 16.6376 ], [ 74.6912, 16.6181 ], [ 74.6934, 16.6073 ], [ 74.6639, 16.6011 ], [ 74.6428, 16.6068 ], [ 74.6364, 16.5757 ], [ 74.6239, 16.5819 ], [ 74.617, 16.568 ], [ 74.5934, 16.5638 ], [ 74.5815, 16.5518 ], [ 74.5622, 16.558 ], [ 74.5597, 16.5714 ], [ 74.5698, 16.5812 ], [ 74.5656, 16.5904 ], [ 74.5499, 16.5922 ], [ 74.5514, 16.6332 ], [ 74.498, 16.6266 ], [ 74.4774, 16.6608 ], [ 74.4628, 16.6445 ], [ 74.4725, 16.6048 ], [ 74.4408, 16.5987 ], [ 74.4288, 16.5827 ], [ 74.4035, 16.5787 ], [ 74.3899, 16.5279 ], [ 74.3626, 16.5387 ], [ 74.3656, 16.5571 ], [ 74.3461, 16.5464 ], [ 74.3294, 16.5535 ], [ 74.3222, 16.5445 ], [ 74.3239, 16.5063 ], [ 74.3141, 16.5021 ], [ 74.3069, 16.5292 ], [ 74.2945, 16.5315 ], [ 74.2896, 16.5226 ], [ 74.2882, 16.5395 ], [ 74.2764, 16.5445 ], [ 74.272, 16.5334 ], [ 74.2858, 16.5034 ], [ 74.2532, 16.4949 ], [ 74.2688, 16.476 ], [ 74.2825, 16.4826 ], [ 74.2889, 16.5038 ], [ 74.2999, 16.5026 ], [ 74.2963, 16.459 ], [ 74.3389, 16.4522 ], [ 74.3427, 16.4005 ], [ 74.3678, 16.3985 ], [ 74.3617, 16.3647 ], [ 74.3519, 16.3663 ], [ 74.3431, 16.3907 ], [ 74.335, 16.3887 ], [ 74.3326, 16.3756 ], [ 74.3255, 16.3792 ], [ 74.3322, 16.357 ], [ 74.3237, 16.3536 ], [ 74.3344, 16.3405 ], [ 74.3235, 16.3399 ], [ 74.3291, 16.3326 ], [ 74.323, 16.3251 ], [ 74.3373, 16.3234 ], [ 74.3321, 16.3108 ], [ 74.3406, 16.3116 ], [ 74.3487, 16.2915 ], [ 74.3318, 16.2862 ], [ 74.3338, 16.2681 ], [ 74.3599, 16.2796 ], [ 74.3533, 16.2918 ], [ 74.3626, 16.2871 ], [ 74.3801, 16.2935 ], [ 74.3904, 16.2902 ], [ 74.3913, 16.2756 ], [ 74.4212, 16.2806 ], [ 74.4225, 16.2575 ], [ 74.4612, 16.2484 ], [ 74.4732, 16.2385 ], [ 74.4841, 16.2467 ], [ 74.5083, 16.2229 ], [ 74.5021, 16.2141 ], [ 74.5133, 16.2012 ], [ 74.5129, 16.1883 ], [ 74.4978, 16.1813 ], [ 74.4947, 16.155 ], [ 74.4858, 16.147 ], [ 74.4971, 16.1124 ], [ 74.4891, 16.0873 ], [ 74.4346, 16.1106 ], [ 74.4152, 16.0918 ], [ 74.3973, 16.0871 ], [ 74.3972, 16.0784 ], [ 74.381, 16.0783 ], [ 74.3682, 16.053 ], [ 74.3817, 16.0536 ], [ 74.3786, 16.0366 ], [ 74.3901, 16.0351 ], [ 74.4363, 16.0567 ], [ 74.4559, 16.0522 ], [ 74.4703, 16.0405 ] ] ] ] } },
{ "type": "Feature", "properties": { "jurisdiction": "Latur", "total_segments": 149.0, "flagged_segments": 5.0, "mean_sss": 50.7, "flagged_pct": 3.4 }, "geometry": { "type": "MultiPolygon", "coordinates": [ [ [ [ 76.9177, 18.0332 ], [ 76.9164, 17.9151 ], [ 76.9002, 17.9147 ], [ 76.8812, 17.8931 ], [ 76.8538, 17.8978 ], [ 76.8318, 17.8907 ], [ 76.8331, 17.8827 ], [ 76.8082, 17.8831 ], [ 76.8028, 17.8683 ], [ 76.7746, 17.877 ], [ 76.766, 17.8984 ], [ 76.7407, 17.898 ], [ 76.7227, 17.9163 ], [ 76.6741, 17.9205 ], [ 76.6803, 17.9448 ], [ 76.6725, 17.9655 ], [ 76.688, 17.969 ], [ 76.6838, 17.9861 ], [ 76.6753, 17.9954 ], [ 76.6241, 17.9985 ], [ 76.6061, 18.0091 ], [ 76.6111, 18.0366 ], [ 76.5954, 18.0315 ], [ 76.5669, 18.0377 ], [ 76.5316, 18.0197 ], [ 76.4276, 18.0292 ], [ 76.3986, 18.0519 ], [ 76.3978, 18.0655 ], [ 76.3811, 18.0882 ], [ 76.3208, 18.0755 ], [ 76.3053, 18.0951 ], [ 76.301, 18.1155 ], [ 76.2767, 18.1385 ], [ 76.2818, 18.1811 ], [ 76.302, 18.2125 ], [ 76.3017, 18.2288 ], [ 76.2864, 18.2317 ], [ 76.283, 18.2476 ], [ 76.3108, 18.2688 ], [ 76.3182, 18.3282 ], [ 76.2849, 18.34 ], [ 76.2879, 18.3851 ], [ 76.2589, 18.3639 ], [ 76.2488, 18.3744 ], [ 76.2167, 18.3817 ], [ 76.2002, 18.3981 ], [ 76.2116, 18.3995 ], [ 76.2329, 18.4327 ], [ 76.2714, 18.4194 ], [ 76.2632, 18.4633 ], [ 76.2716, 18.4673 ], [ 76.255, 18.4855 ], [ 76.2551, 18.5183 ], [ 76.2745, 18.5379 ], [ 76.2797, 18.5738 ], [ 76.3516, 18.5639 ], [ 76.3732, 18.5427 ], [ 76.4058, 18.548 ], [ 76.4175, 18.6245 ], [ 76.4527, 18.6452 ], [ 76.4714, 18.6438 ], [ 76.5156, 18.6065 ], [ 76.5377, 18.5982 ], [ 76.5467, 18.648 ], [ 76.5702, 18.6791 ], [ 76.6047, 18.6604 ], [ 76.6275, 18.677 ], [ 76.6725, 18.6695 ], [ 76.6844, 18.6913 ], [ 76.731, 18.6957 ], [ 76.7359, 18.7016 ], [ 76.7256, 18.7487 ], [ 76.744, 18.7736 ], [ 76.7802, 18.776 ], [ 76.7825, 18.7929 ], [ 76.8148, 18.7989 ], [ 76.8374, 18.8131 ], [ 76.8524, 18.8061 ], [ 76.8582, 18.8191 ], [ 76.8833, 18.8342 ], [ 76.9932, 18.8267 ], [ 77.006, 18.7663 ], [ 77.0444, 18.7723 ], [ 77.0546, 18.7651 ], [ 77.0547, 18.7173 ], [ 77.0424, 18.6972 ], [ 77.0443, 18.6821 ], [ 77.1338, 18.6974 ], [ 77.1341, 18.71 ], [ 77.1436, 18.7112 ], [ 77.1545, 18.7005 ], [ 77.1795, 18.7015 ], [ 77.1917, 18.6885 ], [ 77.1752, 18.6787 ], [ 77.1568, 18.6794 ], [ 77.1533, 18.6453 ], [ 77.1971, 18.6462 ], [ 77.2115, 18.6237 ], [ 77.2678, 18.6098 ], [ 77.2638, 18.5643 ], [ 77.2936, 18.5461 ], [ 77.2745, 18.5189 ], [ 77.2445, 18.4979 ], [ 77.2457, 18.4898 ], [ 77.2629, 18.4754 ], [ 77.298, 18.4754 ], [ 77.2979, 18.4656 ], [ 77.2722, 18.4485 ], [ 77.2537, 18.4523 ], [ 77.2646, 18.4184 ], [ 77.2584, 18.4104 ], [ 77.2402, 18.4086 ], [ 77.2364, 18.3998 ], [ 77.2329, 18.3861 ], [ 77.245, 18.3706 ], [ 77.2308, 18.3656 ], [ 77.21, 18.3137 ], [ 77.2001, 18.3192 ], [ 77.1954, 18.3127 ], [ 77.2062, 18.278 ], [ 77.1705, 18.2809 ], [ 77.1657, 18.2559 ], [ 77.1478, 18.2376 ], [ 77.15, 18.2166 ], [ 77.0955, 18.1951 ], [ 77.1163, 18.1676 ], [ 77.1089, 18.1527 ], [ 77.0966, 18.1581 ], [ 77.0862, 18.1503 ], [ 77.0577, 18.1524 ], [ 77.0494, 18.1732 ], [ 77.0328, 18.1838 ], [ 77.0217, 18.1782 ], [ 77.024, 18.1627 ], [ 76.9978, 18.1668 ], [ 76.9879, 18.1885 ], [ 76.9541, 18.1849 ], [ 76.9438, 18.1547 ], [ 76.9334, 18.1579 ], [ 76.9254, 18.1448 ], [ 76.9318, 18.1366 ], [ 76.9223, 18.1202 ], [ 76.9683, 18.0971 ], [ 76.947, 18.0738 ], [ 76.9546, 18.0397 ], [ 76.9177, 18.0332 ] ] ] ] } },
{ "type": "Feature", "properties": { "jurisdiction": "MumbaiCity", "total_segments": 0.0, "flagged_segments": 0.0, "mean_sss": 0.0, "flagged_pct": 0.0 }, "geometry": { "type": "MultiPolygon", "coordinates": [ [ [ [ 72.8841, 19.009 ], [ 72.8621, 19.0029 ], [ 72.8443, 18.929 ], [ 72.8382, 18.9285 ], [ 72.8449, 18.9249 ], [ 72.8332, 18.9212 ], [ 72.8079, 18.8907 ], [ 72.8037, 18.9085 ], [ 72.8254, 18.9196 ], [ 72.8185, 18.9249 ], [ 72.8235, 18.9415 ], [ 72.8124, 18.9546 ], [ 72.794, 18.9387 ], [ 72.7915, 18.9482 ], [ 72.814, 18.9818 ], [ 72.8146, 19.0271 ], [ 72.8265, 19.0185 ], [ 72.8376, 19.0438 ], [ 72.8594, 19.0547 ], [ 72.8771, 19.0457 ], [ 72.8712, 19.0225 ], [ 72.8841, 19.009 ] ] ] ] } },
{ "type": "Feature", "properties": { "jurisdiction": "MumbaiSuburban", "total_segments": 2.0, "flagged_segments": 0.0, "mean_sss": 2.4, "flagged_pct": 0.0 }, "geometry": { "type": "MultiPolygon", "coordinates": [ [ [ [ 72.8756, 19.0179 ], [ 72.8771, 19.0457 ], [ 72.8685, 19.0517 ], [ 72.8594, 19.0547 ], [ 72.8376, 19.0438 ], [ 72.8335, 19.0499 ], [ 72.8243, 19.0376 ], [ 72.816, 19.0424 ], [ 72.8238, 19.0551 ], [ 72.8268, 19.094 ], [ 72.8215, 19.1221 ], [ 72.8035, 19.1415 ], [ 72.8296, 19.166 ], [ 72.8299, 19.1824 ], [ 72.8043, 19.151 ], [ 72.7979, 19.156 ], [ 72.8026, 19.1451 ], [ 72.7935, 19.1299 ], [ 72.7862, 19.1296 ], [ 72.789, 19.1501 ], [ 72.7801, 19.166 ], [ 72.7946, 19.1721 ], [ 72.7968, 19.199 ], [ 72.8282, 19.2457 ], [ 72.8396, 19.2507 ], [ 72.8381, 19.2639 ], [ 72.8565, 19.2692 ], [ 72.9196, 19.2459 ], [ 72.9491, 19.2042 ], [ 72.9492, 19.1889 ], [ 72.9847, 19.1727 ], [ 72.9696, 19.1273 ], [ 72.9637, 19.1338 ], [ 72.9685, 19.1226 ], [ 72.9601, 19.1009 ], [ 72.9499, 19.109 ], [ 72.958, 19.0893 ], [ 72.952, 19.0946 ], [ 72.944, 19.0953 ], [ 72.9571, 19.0878 ], [ 72.9592, 19.0687 ], [ 72.9419, 19.061 ], [ 72.9596, 19.0667 ], [ 72.9626, 19.0582 ], [ 72.9554, 19.0276 ], [ 72.9185, 18.9996 ], [ 72.9068, 18.9993 ], [ 72.9054, 18.9901 ], [ 72.9029, 18.9974 ], [ 72.886, 18.9996 ], [ 72.8847, 19.0127 ], [ 72.8756, 19.0179 ] ] ], [ [ [ 72.7807, 19.1349 ], [ 72.7835, 19.1324 ], [ 72.7804, 19.1329 ], [ 72.7807, 19.1349 ] ] ], [ [ [ 72.8254, 19.2482 ], [ 72.8051, 19.221 ], [ 72.7985, 19.2232 ], [ 72.804, 19.2187 ], [ 72.7932, 19.1951 ], [ 72.7824, 19.1932 ], [ 72.7862, 19.2026 ], [ 72.7793, 19.2054 ], [ 72.776, 19.2246 ], [ 72.7835, 19.2651 ], [ 72.8128, 19.26 ], [ 72.8254, 19.2482 ] ] ] ] } },
{ "type": "Feature", "properties": { "jurisdiction": "Nagpur", "total_segments": 169.0, "flagged_segments": 10.0, "mean_sss": 58.6, "flagged_pct": 5.9 }, "geometry": { "type": "MultiPolygon", "coordinates": [ [ [ [ 79.6113, 20.8639 ], [ 79.5981, 20.864 ], [ 79.5769, 20.8422 ], [ 79.5537, 20.8531 ], [ 79.5355, 20.8476 ], [ 79.5544, 20.8026 ], [ 79.5295, 20.7725 ], [ 79.5294, 20.7396 ], [ 79.4996, 20.6995 ], [ 79.4855, 20.7037 ], [ 79.4614, 20.674 ], [ 79.4289, 20.6584 ], [ 79.3931, 20.657 ], [ 79.3835, 20.672 ], [ 79.3696, 20.677 ], [ 79.347, 20.671 ], [ 79.3515, 20.655 ], [ 79.34, 20.6439 ], [ 79.3415, 20.6337 ], [ 79.3159, 20.5829 ], [ 79.2867, 20.5884 ], [ 79.219, 20.5818 ], [ 79.2037, 20.5972 ], [ 79.1869, 20.5959 ], [ 79.1805, 20.6186 ], [ 79.165, 20.6243 ], [ 79.1647, 20.6429 ], [ 79.1438, 20.6515 ], [ 79.1372, 20.6758 ], [ 79.1013, 20.6857 ], [ 79.0985, 20.7122 ], [ 79.0866, 20.708 ], [ 79.0686, 20.7237 ], [ 79.048, 20.7264 ], [ 79.0473, 20.7344 ], [ 79.0142, 20.7362 ], [ 78.9945, 20.7426 ], [ 78.9921, 20.7541 ], [ 78.9682, 20.7544 ], [ 78.9398, 20.7672 ], [ 78.9413, 20.7942 ], [ 78.9101, 20.8067 ], [ 78.9106, 20.8355 ], [ 78.8831, 20.8422 ], [ 78.8697, 20.8271 ], [ 78.8587, 20.8426 ], [ 78.8594, 20.8718 ], [ 78.8358, 20.8809 ], [ 78.8372, 20.8911 ], [ 78.8269, 20.8936 ], [ 78.8044, 20.8766 ], [ 78.7733, 20.8918 ], [ 78.7607, 20.9215 ], [ 78.7408, 20.9361 ], [ 78.7442, 20.9439 ], [ 78.7299, 20.9477 ], [ 78.7215, 20.9725 ], [ 78.7258, 21.0054 ], [ 78.6835, 21.0303 ], [ 78.647, 21.0368 ], [ 78.6382, 21.0604 ], [ 78.6019, 21.0702 ], [ 78.6057, 21.0895 ], [ 78.5936, 21.0911 ], [ 78.5915, 21.1096 ], [ 78.55, 21.1189 ], [ 78.5208, 21.154 ], [ 78.5136, 21.1762 ], [ 78.4733, 21.2208 ], [ 78.4418, 21.2354 ], [ 78.4146, 21.229 ], [ 78.4023, 21.2388 ], [ 78.3283, 21.2519 ], [ 78.3216, 21.2726 ], [ 78.3029, 21.2752 ], [ 78.3088, 21.2933 ], [ 78.2904, 21.2961 ], [ 78.2593, 21.3281 ], [ 78.2467, 21.3301 ], [ 78.2477, 21.3385 ], [ 78.2714, 21.3523 ], [ 78.3062, 21.3585 ], [ 78.3438, 21.3864 ], [ 78.3623, 21.3851 ], [ 78.369, 21.3961 ], [ 78.4011, 21.3846 ], [ 78.4438, 21.406 ], [ 78.4273, 21.4993 ], [ 78.4386, 21.5038 ], [ 78.4517, 21.4973 ], [ 78.4563, 21.5045 ], [ 78.4804, 21.5061 ], [ 78.5021, 21.5266 ], [ 78.5665, 21.5157 ], [ 78.5653, 21.506 ], [ 78.5849, 21.4869 ], [ 78.6054, 21.4884 ], [ 78.621, 21.4775 ], [ 78.6375, 21.4842 ], [ 78.6841, 21.482 ], [ 78.7198, 21.4646 ], [ 78.7388, 21.4729 ], [ 78.7465, 21.4939 ], [ 78.761, 21.4898 ], [ 78.7722, 21.4671 ], [ 78.7846, 21.4891 ], [ 78.8515, 21.4957 ], [ 78.8799, 21.485 ], [ 78.8958, 21.5006 ], [ 78.9318, 21.4874 ], [ 78.9406, 21.5137 ], [ 78.9234, 21.5238 ], [ 78.9246, 21.5387 ], [ 78.9044, 21.5548 ], [ 78.9127, 21.5631 ], [ 78.9278, 21.5603 ], [ 78.9116, 21.5709 ], [ 78.9132, 21.5924 ], [ 78.9403, 21.5938 ], [ 78.9748, 21.6176 ], [ 78.9944, 21.6187 ], [ 79.0096, 21.6015 ], [ 79.0761, 21.6077 ], [ 79.0881, 21.5992 ], [ 79.1041, 21.6094 ], [ 79.0992, 21.6189 ], [ 79.1411, 21.6395 ], [ 79.1478, 21.6605 ], [ 79.2199, 21.6508 ], [ 79.2284, 21.6714 ], [ 79.2182, 21.6813 ], [ 79.2209, 21.6966 ], [ 79.2348, 21.7152 ], [ 79.2287, 21.7239 ], [ 79.2649, 21.7149 ], [ 79.2848, 21.6939 ], [ 79.3483, 21.6844 ], [ 79.349, 21.6789 ], [ 79.3947, 21.6746 ], [ 79.4114, 21.691 ], [ 79.4407, 21.6822 ], [ 79.4585, 21.6873 ], [ 79.4886, 21.6741 ], [ 79.5026, 21.6346 ], [ 79.5116, 21.6311 ], [ 79.4982, 21.6124 ], [ 79.5058, 21.5903 ], [ 79.5395, 21.5652 ], [ 79.5366, 21.5442 ], [ 79.5082, 21.5349 ], [ 79.4533, 21.4614 ], [ 79.4433, 21.4573 ], [ 79.4445, 21.4357 ], [ 79.4544, 21.4266 ], [ 79.4772, 21.428 ], [ 79.4819, 21.3993 ], [ 79.4943, 21.3982 ], [ 79.5204, 21.3552 ], [ 79.5508, 21.3308 ], [ 79.5499, 21.3067 ], [ 79.562, 21.2994 ], [ 79.5706, 21.2778 ], [ 79.5471, 21.2064 ], [ 79.5569, 21.1873 ], [ 79.5485, 21.1724 ], [ 79.5557, 21.1557 ], [ 79.5283, 21.1563 ], [ 79.5265, 21.1748 ], [ 79.4956, 21.1836 ], [ 79.4921, 21.172 ], [ 79.5045, 21.163 ], [ 79.5002, 21.1461 ], [ 79.4867, 21.1396 ], [ 79.5215, 21.1177 ], [ 79.5271, 21.0958 ], [ 79.517, 21.0878 ], [ 79.5234, 21.0755 ], [ 79.5459, 21.0865 ], [ 79.567, 21.0673 ], [ 79.5826, 21.0762 ], [ 79.5935, 21.0725 ], [ 79.6314, 20.9908 ], [ 79.6535, 20.9693 ], [ 79.6454, 20.9264 ], [ 79.6105, 20.9023 ], [ 79.6052, 20.8782 ], [ 79.6113, 20.8639 ] ] ] ] } },
{ "type": "Feature", "properties": { "jurisdiction": "Nanded", "total_segments": 86.0, "flagged_segments": 1.0, "mean_sss": 53.2, "flagged_pct": 1.2 }, "geometry": { "type": "MultiPolygon", "coordinates": [ [ [ [ 77.55, 18.2913 ], [ 77.5095, 18.3067 ], [ 77.5102, 18.2784 ], [ 77.4654, 18.26 ], [ 77.4369, 18.282 ], [ 77.4364, 18.3065 ], [ 77.4078, 18.2996 ], [ 77.3588, 18.3106 ], [ 77.3554, 18.3185 ], [ 77.3983, 18.3475 ], [ 77.3918, 18.3659 ], [ 77.4101, 18.3885 ], [ 77.4005, 18.3978 ], [ 77.3698, 18.4007 ], [ 77.3644, 18.4298 ], [ 77.3696, 18.4477 ], [ 77.3541, 18.4487 ], [ 77.3421, 18.4303 ], [ 77.3327, 18.4485 ], [ 77.3174, 18.4538 ], [ 77.3133, 18.4394 ], [ 77.2646, 18.4184 ], [ 77.2537, 18.4523 ], [ 77.2722, 18.4485 ], [ 77.2979, 18.4656 ], [ 77.298, 18.4754 ], [ 77.2629, 18.4754 ], [ 77.2457, 18.4898 ], [ 77.2445, 18.4979 ], [ 77.2745, 18.5189 ], [ 77.2936, 18.5461 ], [ 77.2638, 18.5643 ], [ 77.2678, 18.6098 ], [ 77.2115, 18.6237 ], [ 77.1971, 18.6462 ], [ 77.1533, 18.6453 ], [ 77.1568, 18.6794 ], [ 77.1752, 18.6787 ], [ 77.1917, 18.6885 ], [ 77.1795, 18.7015 ], [ 77.1545, 18.7005 ], [ 77.1436, 18.7112 ], [ 77.1341, 18.71 ], [ 77.1338, 18.6974 ], [ 77.0443, 18.6821 ], [ 77.0424, 18.6972 ], [ 77.0547, 18.7173 ], [ 77.0546, 18.7651 ], [ 77.0444, 18.7723 ], [ 77.006, 18.7663 ], [ 76.9932, 18.8267 ], [ 77.0169, 18.8423 ], [ 77.0107, 18.8773 ], [ 76.9551, 18.8738 ], [ 76.956, 18.8891 ], [ 76.932, 18.8998 ], [ 76.949, 18.9062 ], [ 76.9599, 18.9317 ], [ 76.9824, 18.9135 ], [ 76.9914, 18.9357 ], [ 77.0022, 18.929 ], [ 77.0241, 18.9389 ], [ 77.0369, 18.971 ], [ 77.0525, 18.9876 ], [ 77.0532, 18.9949 ], [ 77.0406, 19.0027 ], [ 77.0424, 19.0296 ], [ 77.0633, 19.0285 ], [ 77.0605, 19.067 ], [ 77.0826, 19.1072 ], [ 77.0998, 19.1067 ], [ 77.1032, 19.0984 ], [ 77.0852, 19.0836 ], [ 77.0885, 19.0682 ], [ 77.1228, 19.0779 ], [ 77.139, 19.0696 ], [ 77.1562, 19.083 ], [ 77.1638, 19.1157 ], [ 77.189, 19.1299 ], [ 77.1923, 19.1433 ], [ 77.1924, 19.1649 ], [ 77.1764, 19.1693 ], [ 77.1787, 19.2232 ], [ 77.193, 19.2425 ], [ 77.203, 19.2419 ], [ 77.2203, 19.2736 ], [ 77.2356, 19.2734 ], [ 77.2416, 19.3206 ], [ 77.2774, 19.3145 ], [ 77.2806, 19.3247 ], [ 77.3075, 19.3297 ], [ 77.311, 19.3537 ], [ 77.3493, 19.3519 ], [ 77.3615, 19.3384 ], [ 77.378, 19.3379 ], [ 77.4167, 19.3763 ], [ 77.4467, 19.3824 ], [ 77.4343, 19.4068 ], [ 77.4494, 19.4394 ], [ 77.4692, 19.4365 ], [ 77.4745, 19.455 ], [ 77.4872, 19.4568 ], [ 77.4905, 19.4661 ], [ 77.4866, 19.495 ], [ 77.4731, 19.488 ], [ 77.4672, 19.4984 ], [ 77.4658, 19.5632 ], [ 77.4509, 19.5673 ], [ 77.478, 19.5999 ], [ 77.4566, 19.6123 ], [ 77.4637, 19.6146 ], [ 77.4676, 19.6414 ], [ 77.4617, 19.6455 ], [ 77.467, 19.6647 ], [ 77.4505, 19.6738 ], [ 77.4565, 19.682 ], [ 77.5363, 19.6687 ], [ 77.5393, 19.6624 ], [ 77.5518, 19.6637 ], [ 77.552, 19.6524 ], [ 77.577, 19.6576 ], [ 77.6041, 19.6468 ], [ 77.6126, 19.6292 ], [ 77.6258, 19.6242 ], [ 77.6261, 19.6078 ], [ 77.6413, 19.6076 ], [ 77.6371, 19.5873 ], [ 77.6459, 19.5553 ], [ 77.6307, 19.5555 ], [ 77.6968, 19.5375 ], [ 77.7104, 19.5253 ], [ 77.7301, 19.5317 ], [ 77.746, 19.5214 ], [ 77.7491, 19.5092 ], [ 77.7328, 19.4945 ], [ 77.7367, 19.4827 ], [ 77.7104, 19.4761 ], [ 77.6955, 19.4593 ], [ 77.6954, 19.4382 ], [ 77.7525, 19.4318 ], [ 77.7944, 19.45 ], [ 77.8011, 19.4638 ], [ 77.8159, 19.4447 ], [ 77.8309, 19.4387 ], [ 77.8437, 19.4552 ], [ 77.8237, 19.4749 ], [ 77.8431, 19.4862 ], [ 77.8391, 19.5093 ], [ 77.8577, 19.5191 ], [ 77.8816, 19.4998 ], [ 77.886, 19.5189 ], [ 77.9037, 19.5327 ], [ 77.9126, 19.5147 ], [ 77.9341, 19.4998 ], [ 77.9548, 19.5104 ], [ 77.9717, 19.5055 ], [ 77.9701, 19.4932 ], [ 77.9831, 19.4779 ], [ 77.9873, 19.4545 ], [ 78.009, 19.4647 ], [ 78.0123, 19.4901 ], [ 78.0217, 19.4967 ], [ 78.0636, 19.4662 ], [ 78.1168, 19.5006 ], [ 78.1319, 19.5305 ], [ 78.1156, 19.5529 ], [ 78.1431, 19.5522 ], [ 78.1846, 19.5666 ], [ 78.1812, 19.5834 ], [ 78.1913, 19.6176 ], [ 78.1746, 19.6544 ], [ 78.1267, 19.6666 ], [ 78.0856, 19.6447 ], [ 78.0525, 19.6705 ], [ 78.0487, 19.6911 ], [ 78.0361, 19.6999 ], [ 77.9844, 19.6804 ], [ 77.9813, 19.6991 ], [ 77.9609, 19.7061 ], [ 77.9492, 19.7291 ], [ 77.9296, 19.7391 ], [ 77.9105, 19.7295 ], [ 77.8956, 19.7346 ], [ 77.8921, 19.7253 ], [ 77.8729, 19.7442 ], [ 77.8567, 19.7435 ], [ 77.8617, 19.7713 ], [ 77.8453, 19.8007 ], [ 77.8665, 19.8238 ], [ 77.8724, 19.8495 ], [ 77.8942, 19.878 ], [ 77.9366, 19.8928 ], [ 77.9499, 19.9112 ], [ 78.0078, 19.9141 ], [ 78.0294, 19.9284 ], [ 78.0491, 19.9306 ], [ 78.0742, 19.9004 ], [ 78.0988, 19.8965 ], [ 78.1268, 19.9018 ], [ 78.1451, 19.9157 ], [ 78.1961, 19.9024 ], [ 78.2483, 19.9291 ], [ 78.2552, 19.9114 ], [ 78.2379, 19.8872 ], [ 78.2502, 19.8726 ], [ 78.2763, 19.8848 ], [ 78.2824, 19.9104 ], [ 78.2979, 19.9168 ], [ 78.3102, 19.9127 ], [ 78.2941, 19.8496 ], [ 78.339, 19.8392 ], [ 78.336, 19.8187 ], [ 78.3605, 19.8057 ], [ 78.3677, 19.7811 ], [ 78.3532, 19.7378 ], [ 78.3454, 19.7344 ], [ 78.3453, 19.7136 ], [ 78.3227, 19.7036 ], [ 78.3161, 19.6906 ], [ 78.2858, 19.6897 ], [ 78.2697, 19.6631 ], [ 78.2876, 19.6545 ], [ 78.311, 19.6042 ], [ 78.3111, 19.5718 ], [ 78.2965, 19.5584 ], [ 78.2791, 19.5582 ], [ 78.295, 19.5373 ], [ 78.2994, 19.5041 ], [ 78.31, 19.4864 ], [ 78.3089, 19.4564 ], [ 78.2973, 19.4488 ], [ 78.2732, 19.4538 ], [ 78.252, 19.43 ], [ 78.2243, 19.434 ], [ 78.1981, 19.4074 ], [ 78.1822, 19.4118 ], [ 78.1876, 19.3956 ], [ 78.1796, 19.353 ], [ 78.1972, 19.3317 ], [ 78.1832, 19.279 ], [ 78.1864, 19.2493 ], [ 78.1701, 19.2363 ], [ 78.1497, 19.2301 ], [ 78.1267, 19.2464 ], [ 78.0994, 19.2455 ], [ 78.0823, 19.2548 ], [ 78.0511, 19.2418 ], [ 78.0457, 19.2709 ], [ 77.9489, 19.3413 ], [ 77.9406, 19.3425 ], [ 77.9123, 19.318 ], [ 77.8933, 19.3212 ], [ 77.8609, 19.3021 ], [ 77.8619, 19.2841 ], [ 77.9007, 19.2771 ], [ 77.9057, 19.2672 ], [ 77.9004, 19.2561 ], [ 77.8674, 19.2553 ], [ 77.8465, 19.197 ], [ 77.8445, 19.1882 ], [ 77.8584, 19.1808 ], [ 77.8492, 19.1553 ], [ 77.8311, 19.1357 ], [ 77.8452, 19.1142 ], [ 77.8481, 19.0901 ], [ 77.8286, 19.0849 ], [ 77.8152, 19.1037 ], [ 77.8027, 19.102 ], [ 77.7935, 19.0712 ], [ 77.7972, 19.0513 ], [ 77.7617, 19.062 ], [ 77.7574, 19.0286 ], [ 77.7674, 18.9814 ], [ 77.7815, 18.9763 ], [ 77.7871, 18.9843 ], [ 77.8171, 18.9824 ], [ 77.8127, 18.9495 ], [ 77.8537, 18.9523 ], [ 77.8405, 18.9113 ], [ 77.8816, 18.9085 ], [ 77.8877, 18.8851 ], [ 77.8987, 18.8837 ], [ 77.8992, 18.8679 ], [ 77.9253, 18.8592 ], [ 77.9296, 18.8465 ], [ 77.9441, 18.8423 ], [ 77.9426, 18.8223 ], [ 77.9076, 18.8295 ], [ 77.8375, 18.8075 ], [ 77.7864, 18.6841 ], [ 77.7694, 18.6906 ], [ 77.7644, 18.7079 ], [ 77.7576, 18.7071 ], [ 77.7329, 18.676 ], [ 77.7297, 18.6427 ], [ 77.7481, 18.6053 ], [ 77.7365, 18.5548 ], [ 77.7124, 18.5544 ], [ 77.6576, 18.5272 ], [ 77.6453, 18.5363 ], [ 77.6488, 18.5526 ], [ 77.6344, 18.5452 ], [ 77.6163, 18.5487 ], [ 77.6133, 18.5424 ], [ 77.5973, 18.5475 ], [ 77.5933, 18.5231 ], [ 77.6014, 18.5219 ], [ 77.5863, 18.5029 ], [ 77.6028, 18.4914 ], [ 77.6011, 18.4742 ], [ 77.5765, 18.4838 ], [ 77.5706, 18.4669 ], [ 77.5462, 18.4634 ], [ 77.5836, 18.4536 ], [ 77.5852, 18.4454 ], [ 77.5602, 18.435 ], [ 77.5345, 18.4424 ], [ 77.5259, 18.4274 ], [ 77.5552, 18.4179 ], [ 77.5493, 18.3877 ], [ 77.5214, 18.3647 ], [ 77.5195, 18.3493 ], [ 77.5273, 18.3394 ], [ 77.5534, 18.3312 ], [ 77.5702, 18.3082 ], [ 77.55, 18.2913 ] ] ] ] } },
{ "type": "Feature", "properties": { "jurisdiction": "Nandurbar", "total_segments": 35.0, "flagged_segments": 2.0, "mean_sss": 51.3, "flagged_pct": 5.7 }, "geometry": { "type": "MultiPolygon", "coordinates": [ [ [ [ 73.8501, 21.0014 ], [ 73.8468, 20.994 ], [ 73.8164, 20.9961 ], [ 73.8077, 21.0226 ], [ 73.7847, 21.0196 ], [ 73.7749, 21.0105 ], [ 73.7694, 21.0145 ], [ 73.7756, 21.0276 ], [ 73.7661, 21.0401 ], [ 73.7476, 21.04 ], [ 73.7422, 21.0555 ], [ 73.7391, 21.0948 ], [ 73.7526, 21.1141 ], [ 73.7389, 21.1013 ], [ 73.7148, 21.1072 ], [ 73.7106, 21.119 ], [ 73.6934, 21.101 ], [ 73.6599, 21.1084 ], [ 73.6577, 21.121 ], [ 73.6287, 21.1201 ], [ 73.6236, 21.138 ], [ 73.6291, 21.1417 ], [ 73.6115, 21.1545 ], [ 73.5888, 21.1542 ], [ 73.5883, 21.1679 ], [ 73.6132, 21.1761 ], [ 73.6197, 21.1579 ], [ 73.6375, 21.1531 ], [ 73.6364, 21.1327 ], [ 73.6813, 21.1521 ], [ 73.7132, 21.1505 ], [ 73.7171, 21.1417 ], [ 73.7367, 21.1383 ], [ 73.748, 21.1515 ], [ 73.7416, 21.1671 ], [ 73.7837, 21.1651 ], [ 73.7963, 21.1817 ], [ 73.8225, 21.1719 ], [ 73.8359, 21.1952 ], [ 73.8213, 21.1953 ], [ 73.8188, 21.2039 ], [ 73.8201, 21.2219 ], [ 73.8363, 21.2423 ], [ 73.8321, 21.2675 ], [ 73.892, 21.2624 ], [ 73.9485, 21.2976 ], [ 73.957, 21.3445 ], [ 73.9528, 21.4024 ], [ 73.9687, 21.3921 ], [ 74.0158, 21.418 ], [ 74.0485, 21.4194 ], [ 74.0672, 21.4819 ], [ 74.0781, 21.4578 ], [ 74.109, 21.448 ], [ 74.1225, 21.4507 ], [ 74.1289, 21.4635 ], [ 74.1565, 21.4531 ], [ 74.1855, 21.467 ], [ 74.2226, 21.459 ], [ 74.229, 21.4796 ], [ 74.2387, 21.4784 ], [ 74.2497, 21.4629 ], [ 74.2684, 21.4747 ], [ 74.3059, 21.4794 ], [ 74.3277, 21.4958 ], [ 74.3355, 21.5402 ], [ 74.3158, 21.5432 ], [ 74.31, 21.5673 ], [ 74.2853, 21.5549 ], [ 74.2701, 21.5356 ], [ 74.255, 21.5365 ], [ 74.2392, 21.5503 ], [ 74.2052, 21.5292 ], [ 74.1829, 21.5616 ], [ 74.1458, 21.5503 ], [ 74.1352, 21.5569 ], [ 74.0692, 21.5595 ], [ 74.0471, 21.5497 ], [ 74.0256, 21.5526 ], [ 74.0053, 21.5408 ], [ 73.9835, 21.542 ], [ 73.9857, 21.5214 ], [ 73.9745, 21.5241 ], [ 73.9663, 21.5391 ], [ 73.9573, 21.5165 ], [ 73.9394, 21.5101 ], [ 73.9338, 21.5236 ], [ 73.9105, 21.5202 ], [ 73.9036, 21.5088 ], [ 73.8826, 21.5098 ], [ 73.8608, 21.4958 ], [ 73.845, 21.5216 ], [ 73.8232, 21.6007 ], [ 73.8068, 21.6024 ], [ 73.7876, 21.625 ], [ 73.8001, 21.6346 ], [ 73.829, 21.6398 ], [ 73.8452, 21.6332 ], [ 73.8856, 21.6451 ], [ 73.8981, 21.6673 ], [ 73.8964, 21.7003 ], [ 73.8312, 21.7629 ], [ 73.8413, 21.7687 ], [ 73.8384, 21.7841 ], [ 73.845, 21.7907 ], [ 73.8357, 21.7935 ], [ 73.8321, 21.8109 ], [ 73.8136, 21.8101 ], [ 73.8105, 21.8233 ], [ 73.8415, 21.8385 ], [ 73.8796, 21.8386 ], [ 73.8995, 21.8545 ], [ 73.9364, 21.8631 ], [ 74.0467, 21.9228 ], [ 74.1382, 21.9534 ], [ 74.1587, 21.952 ], [ 74.2016, 21.9255 ], [ 74.2906, 21.9361 ], [ 74.302, 21.9674 ], [ 74.3546, 21.9792 ], [ 74.3883, 22.0202 ], [ 74.4355, 22.031 ], [ 74.446, 22.0265 ], [ 74.4539, 22.0023 ], [ 74.4457, 22.0069 ], [ 74.4363, 21.9995 ], [ 74.4486, 21.9711 ], [ 74.4934, 21.9545 ], [ 74.4899, 21.9471 ], [ 74.5156, 21.9339 ], [ 74.5146, 21.9225 ], [ 74.5275, 21.9088 ], [ 74.5036, 21.8072 ], [ 74.506, 21.7826 ], [ 74.5179, 21.7637 ], [ 74.5118, 21.725 ], [ 74.5243, 21.7179 ], [ 74.5517, 21.7189 ], [ 74.561, 21.702 ], [ 74.5573, 21.6835 ], [ 74.5842, 21.6847 ], [ 74.5906, 21.6642 ], [ 74.6633, 21.6529 ], [ 74.7038, 21.6294 ], [ 74.775, 21.6155 ], [ 74.7598, 21.5783 ], [ 74.7619, 21.5418 ], [ 74.7553, 21.5287 ], [ 74.7634, 21.5188 ], [ 74.757, 21.4775 ], [ 74.7377, 21.4825 ], [ 74.7342, 21.4745 ], [ 74.7017, 21.4724 ], [ 74.7001, 21.4244 ], [ 74.689, 21.4044 ], [ 74.6419, 21.4013 ], [ 74.6119, 21.4172 ], [ 74.5764, 21.4053 ], [ 74.5245, 21.4312 ], [ 74.5018, 21.4291 ], [ 74.4985, 21.3936 ], [ 74.5043, 21.399 ], [ 74.5124, 21.3913 ], [ 74.4953, 21.3752 ], [ 74.4926, 21.3547 ], [ 74.483, 21.3548 ], [ 74.4859, 21.3105 ], [ 74.4795, 21.3076 ], [ 74.4806, 21.2976 ], [ 74.5017, 21.2919 ], [ 74.503, 21.2673 ], [ 74.4922, 21.2579 ], [ 74.4958, 21.2411 ], [ 74.4413, 21.2389 ], [ 74.4454, 21.2499 ], [ 74.4367, 21.2645 ], [ 74.4128, 21.2594 ], [ 74.4137, 21.2686 ], [ 74.3595, 21.2532 ], [ 74.3604, 21.2342 ], [ 74.3465, 21.2304 ], [ 74.3213, 21.2355 ], [ 74.3185, 21.2487 ], [ 74.2934, 21.2399 ], [ 74.2769, 21.2507 ], [ 74.2602, 21.2505 ], [ 74.227, 21.2423 ], [ 74.2157, 21.2232 ], [ 74.1904, 21.2227 ], [ 74.1857, 21.2102 ], [ 74.1668, 21.2168 ], [ 74.1617, 21.2332 ], [ 74.1477, 21.2209 ], [ 74.1511, 21.21 ], [ 74.1257, 21.2152 ], [ 74.0636, 21.1725 ], [ 74.0896, 21.1423 ], [ 74.0749, 21.1286 ], [ 74.0565, 21.1287 ], [ 74.0572, 21.1391 ], [ 74.0463, 21.1456 ], [ 74.0253, 21.1451 ], [ 74.0183, 21.1321 ], [ 74.023, 21.104 ], [ 74.0163, 21.1012 ], [ 74.0086, 21.1209 ], [ 73.9813, 21.1122 ], [ 73.9563, 21.0847 ], [ 73.9632, 21.0736 ], [ 73.9567, 21.0614 ], [ 73.966, 21.0453 ], [ 73.9606, 21.0328 ], [ 73.9154, 21.0414 ], [ 73.89, 21.0291 ], [ 73.8627, 21.031 ], [ 73.8608, 21.0013 ], [ 73.8501, 21.0014 ] ] ] ] } },
{ "type": "Feature", "properties": { "jurisdiction": "Nashik", "total_segments": 207.0, "flagged_segments": 7.0, "mean_sss": 47.8, "flagged_pct": 3.4 }, "geometry": { "type": "MultiPolygon", "coordinates": [ [ [ [ 73.8362, 19.7168 ], [ 73.8212, 19.6859 ], [ 73.8029, 19.6879 ], [ 73.8136, 19.6788 ], [ 73.7887, 19.6531 ], [ 73.8016, 19.646 ], [ 73.7872, 19.6426 ], [ 73.7825, 19.6299 ], [ 73.7252, 19.6171 ], [ 73.712, 19.5967 ], [ 73.672, 19.5864 ], [ 73.6426, 19.5971 ], [ 73.6288, 19.5871 ], [ 73.5863, 19.6014 ], [ 73.5951, 19.6087 ], [ 73.5747, 19.6165 ], [ 73.5724, 19.6424 ], [ 73.5604, 19.6503 ], [ 73.5291, 19.7018 ], [ 73.5003, 19.7146 ], [ 73.516, 19.7298 ], [ 73.5098, 19.7587 ], [ 73.471, 19.7595 ], [ 73.4598, 19.7672 ], [ 73.4519, 19.8254 ], [ 73.4271, 19.8426 ], [ 73.4275, 19.8641 ], [ 73.4443, 19.8729 ], [ 73.4328, 19.9157 ], [ 73.4492, 19.9346 ], [ 73.4509, 19.9543 ], [ 73.4638, 19.9592 ], [ 73.4574, 19.9661 ], [ 73.4614, 19.9821 ], [ 73.4351, 19.9846 ], [ 73.4149, 20.017 ], [ 73.3999, 20.0196 ], [ 73.3955, 20.0134 ], [ 73.3866, 20.0255 ], [ 73.3823, 20.0147 ], [ 73.3657, 20.0387 ], [ 73.3428, 20.0396 ], [ 73.305, 20.0604 ], [ 73.2905, 20.0448 ], [ 73.2751, 20.0607 ], [ 73.2815, 20.1049 ], [ 73.2635, 20.1128 ], [ 73.2595, 20.1246 ], [ 73.2685, 20.1393 ], [ 73.2936, 20.1539 ], [ 73.2949, 20.1962 ], [ 73.3142, 20.2077 ], [ 73.3529, 20.1985 ], [ 73.3676, 20.2134 ], [ 73.3648, 20.201 ], [ 73.3743, 20.1927 ], [ 73.3763, 20.2053 ], [ 73.3953, 20.2092 ], [ 73.4028, 20.195 ], [ 73.4299, 20.2062 ], [ 73.4204, 20.257 ], [ 73.4246, 20.2768 ], [ 73.4369, 20.2821 ], [ 73.4234, 20.3521 ], [ 73.4148, 20.3816 ], [ 73.3916, 20.3729 ], [ 73.3913, 20.3902 ], [ 73.4297, 20.4144 ], [ 73.449, 20.4667 ], [ 73.4759, 20.495 ], [ 73.4723, 20.514 ], [ 73.5007, 20.5402 ], [ 73.4818, 20.5434 ], [ 73.4808, 20.5836 ], [ 73.4404, 20.5951 ], [ 73.4308, 20.6205 ], [ 73.4027, 20.6426 ], [ 73.4036, 20.6524 ], [ 73.4399, 20.6648 ], [ 73.4545, 20.6861 ], [ 73.4473, 20.7011 ], [ 73.4537, 20.7105 ], [ 73.4752, 20.7217 ], [ 73.4826, 20.7172 ], [ 73.4973, 20.686 ], [ 73.4874, 20.6756 ], [ 73.4984, 20.6534 ], [ 73.5178, 20.6701 ], [ 73.5384, 20.6739 ], [ 73.5629, 20.6474 ], [ 73.5742, 20.6511 ], [ 73.6073, 20.6363 ], [ 73.6259, 20.6211 ], [ 73.6368, 20.5793 ], [ 73.6658, 20.5628 ], [ 73.701, 20.5784 ], [ 73.7482, 20.5674 ], [ 73.7871, 20.6023 ], [ 73.806, 20.6015 ], [ 73.8464, 20.6235 ], [ 73.8454, 20.6671 ], [ 73.8415, 20.6751 ], [ 73.8254, 20.6736 ], [ 73.8226, 20.6938 ], [ 73.8428, 20.7021 ], [ 73.8636, 20.6943 ], [ 73.8856, 20.7296 ], [ 73.9209, 20.7235 ], [ 73.9495, 20.7423 ], [ 73.9472, 20.7608 ], [ 73.9383, 20.7608 ], [ 73.9451, 20.8401 ], [ 73.9692, 20.8433 ], [ 73.9743, 20.8524 ], [ 74.006, 20.8366 ], [ 74.0275, 20.8368 ], [ 74.0242, 20.8457 ], [ 74.0315, 20.8519 ], [ 74.0472, 20.8364 ], [ 74.0664, 20.8493 ], [ 74.103, 20.8423 ], [ 74.1067, 20.8553 ], [ 74.1319, 20.8662 ], [ 74.1503, 20.8533 ], [ 74.1634, 20.8534 ], [ 74.1651, 20.8635 ], [ 74.1731, 20.864 ], [ 74.1996, 20.8556 ], [ 74.2269, 20.8594 ], [ 74.2406, 20.8509 ], [ 74.2592, 20.8597 ], [ 74.2702, 20.8518 ], [ 74.2959, 20.8565 ], [ 74.3207, 20.8433 ], [ 74.3311, 20.8493 ], [ 74.3409, 20.8397 ], [ 74.3443, 20.8527 ], [ 74.3535, 20.8492 ], [ 74.3536, 20.8605 ], [ 74.362, 20.8582 ], [ 74.363, 20.8443 ], [ 74.39, 20.8416 ], [ 74.3899, 20.8546 ], [ 74.4014, 20.8607 ], [ 74.4099, 20.8371 ], [ 74.3923, 20.836 ], [ 74.4267, 20.8067 ], [ 74.4426, 20.8027 ], [ 74.4547, 20.8031 ], [ 74.4827, 20.8326 ], [ 74.4889, 20.8193 ], [ 74.5113, 20.8189 ], [ 74.5166, 20.8093 ], [ 74.5437, 20.836 ], [ 74.5717, 20.8246 ], [ 74.5767, 20.8342 ], [ 74.5865, 20.8155 ], [ 74.6165, 20.8071 ], [ 74.641, 20.7829 ], [ 74.6689, 20.7757 ], [ 74.6589, 20.7587 ], [ 74.6651, 20.738 ], [ 74.6548, 20.6963 ], [ 74.7139, 20.6907 ], [ 74.7346, 20.6812 ], [ 74.7418, 20.6691 ], [ 74.7532, 20.6725 ], [ 74.7537, 20.6658 ], [ 74.8091, 20.6581 ], [ 74.807, 20.6377 ], [ 74.8184, 20.6352 ], [ 74.8139, 20.5884 ], [ 74.8057, 20.5899 ], [ 74.7981, 20.5718 ], [ 74.8029, 20.5496 ], [ 74.7993, 20.5409 ], [ 74.7656, 20.54 ], [ 74.7783, 20.5059 ], [ 74.7876, 20.509 ], [ 74.7898, 20.5015 ], [ 74.7772, 20.4719 ], [ 74.7991, 20.4783 ], [ 74.8099, 20.446 ], [ 74.8222, 20.4418 ], [ 74.8231, 20.4304 ], [ 74.8456, 20.4112 ], [ 74.8322, 20.4038 ], [ 74.8542, 20.384 ], [ 74.8646, 20.336 ], [ 74.8711, 20.3364 ], [ 74.8702, 20.3175 ], [ 74.8625, 20.3144 ], [ 74.8633, 20.283 ], [ 74.9412, 20.2729 ], [ 74.9375, 20.2479 ], [ 74.9118, 20.2446 ], [ 74.9145, 20.2169 ], [ 74.9348, 20.2149 ], [ 74.9355, 20.1825 ], [ 74.9279, 20.1718 ], [ 74.9339, 20.1537 ], [ 74.9144, 20.1538 ], [ 74.9025, 20.178 ], [ 74.8597, 20.1782 ], [ 74.8622, 20.2283 ], [ 74.8341, 20.2348 ], [ 74.8325, 20.2443 ], [ 74.7877, 20.2316 ], [ 74.7885, 20.2266 ], [ 74.8078, 20.2323 ], [ 74.7882, 20.2051 ], [ 74.7639, 20.2007 ], [ 74.768, 20.1839 ], [ 74.7457, 20.1871 ], [ 74.7425, 20.1958 ], [ 74.728, 20.1915 ], [ 74.7095, 20.1157 ], [ 74.7346, 20.1125 ], [ 74.7423, 20.0833 ], [ 74.715, 20.0794 ], [ 74.7271, 20.0558 ], [ 74.7145, 20.0413 ], [ 74.7244, 20.0221 ], [ 74.7051, 20.0192 ], [ 74.6962, 20.0073 ], [ 74.6896, 19.9902 ], [ 74.6938, 19.9724 ], [ 74.6795, 19.9641 ], [ 74.6777, 19.9476 ], [ 74.5782, 19.9554 ], [ 74.5363, 19.9763 ], [ 74.5023, 19.9703 ], [ 74.501, 19.9644 ], [ 74.4852, 19.9671 ], [ 74.4904, 19.9808 ], [ 74.4743, 19.9886 ], [ 74.4507, 19.975 ], [ 74.3913, 19.9813 ], [ 74.3837, 19.9724 ], [ 74.3721, 19.9749 ], [ 74.3713, 19.9663 ], [ 74.357, 19.9671 ], [ 74.3536, 19.9845 ], [ 74.3253, 19.9862 ], [ 74.3152, 19.9678 ], [ 74.2957, 19.9875 ], [ 74.2892, 19.9597 ], [ 74.2575, 19.9648 ], [ 74.2561, 19.9375 ], [ 74.2787, 19.9337 ], [ 74.2835, 19.9089 ], [ 74.3439, 19.8868 ], [ 74.3464, 19.8741 ], [ 74.3702, 19.8713 ], [ 74.3692, 19.8368 ], [ 74.3776, 19.8365 ], [ 74.3836, 19.8066 ], [ 74.3394, 19.7997 ], [ 74.3248, 19.768 ], [ 74.2841, 19.779 ], [ 74.252, 19.7445 ], [ 74.1739, 19.7286 ], [ 74.1599, 19.6911 ], [ 74.1424, 19.6954 ], [ 74.1501, 19.6738 ], [ 74.128, 19.6442 ], [ 74.1077, 19.6474 ], [ 74.1034, 19.6402 ], [ 74.0773, 19.6605 ], [ 74.0263, 19.6727 ], [ 73.9984, 19.6705 ], [ 73.9873, 19.6767 ], [ 73.9657, 19.6704 ], [ 73.923, 19.6819 ], [ 73.9135, 19.6966 ], [ 73.92, 19.7054 ], [ 73.904, 19.7194 ], [ 73.9089, 19.7469 ], [ 73.8986, 19.7529 ], [ 73.8906, 19.7422 ], [ 73.8772, 19.7428 ], [ 73.8752, 19.7499 ], [ 73.8503, 19.7413 ], [ 73.8454, 19.7213 ], [ 73.8362, 19.7168 ] ] ] ] } },
{ "type": "Feature", "properties": { "jurisdiction": "Osmanabad", "total_segments": 61.0, "flagged_segments": 1.0, "mean_sss": 44.4, "flagged_pct": 1.6 }, "geometry": { "type": "MultiPolygon", "coordinates": [ [ [ [ 76.7407, 17.898 ], [ 76.7375, 17.8571 ], [ 76.7657, 17.8508 ], [ 76.7882, 17.8265 ], [ 76.7628, 17.7871 ], [ 76.7394, 17.7791 ], [ 76.7157, 17.7819 ], [ 76.718, 17.7479 ], [ 76.7276, 17.737 ], [ 76.6982, 17.726 ], [ 76.7035, 17.7186 ], [ 76.6909, 17.7019 ], [ 76.6883, 17.6785 ], [ 76.6631, 17.6879 ], [ 76.6552, 17.7164 ], [ 76.6307, 17.729 ], [ 76.627, 17.756 ], [ 76.6144, 17.7683 ], [ 76.5932, 17.7176 ], [ 76.5732, 17.7022 ], [ 76.5646, 17.7537 ], [ 76.5733, 17.76 ], [ 76.5237, 17.7589 ], [ 76.5236, 17.7152 ], [ 76.4864, 17.7135 ], [ 76.4893, 17.6607 ], [ 76.4523, 17.6555 ], [ 76.4408, 17.6494 ], [ 76.4428, 17.6419 ], [ 76.3805, 17.658 ], [ 76.3785, 17.684 ], [ 76.3609, 17.6852 ], [ 76.3554, 17.6947 ], [ 76.3186, 17.6956 ], [ 76.3156, 17.7141 ], [ 76.2987, 17.7276 ], [ 76.271, 17.7261 ], [ 76.2392, 17.6965 ], [ 76.2171, 17.688 ], [ 76.1897, 17.681 ], [ 76.1763, 17.6861 ], [ 76.1662, 17.6986 ], [ 76.1496, 17.6977 ], [ 76.1449, 17.7073 ], [ 76.1498, 17.7169 ], [ 76.1663, 17.7127 ], [ 76.1761, 17.7297 ], [ 76.1482, 17.7315 ], [ 76.1454, 17.753 ], [ 76.1224, 17.7678 ], [ 76.1001, 17.76 ], [ 76.1032, 17.7713 ], [ 76.0965, 17.7774 ], [ 76.0564, 17.7641 ], [ 76.0279, 17.7647 ], [ 76.0066, 17.7489 ], [ 76.0188, 17.8279 ], [ 75.9785, 17.8412 ], [ 75.977, 17.8188 ], [ 75.9689, 17.8176 ], [ 75.9403, 17.8507 ], [ 75.9202, 17.8312 ], [ 75.8771, 17.845 ], [ 75.8589, 17.8629 ], [ 75.8463, 17.891 ], [ 75.8524, 17.919 ], [ 75.8398, 17.9285 ], [ 75.8475, 17.9774 ], [ 75.8404, 17.9776 ], [ 75.853, 18.0056 ], [ 75.8706, 18.0124 ], [ 75.9007, 18.0057 ], [ 75.9115, 17.9975 ], [ 75.9191, 17.9732 ], [ 75.9616, 17.9787 ], [ 75.9763, 17.9697 ], [ 75.9843, 17.974 ], [ 75.9862, 17.9891 ], [ 75.9989, 17.9935 ], [ 76.0166, 18.0386 ], [ 75.9924, 18.0608 ], [ 76.0005, 18.0715 ], [ 75.9934, 18.0928 ], [ 75.9622, 18.0889 ], [ 75.943, 18.1226 ], [ 75.961, 18.1582 ], [ 75.9398, 18.2114 ], [ 75.9487, 18.2378 ], [ 75.928, 18.2601 ], [ 75.9251, 18.3017 ], [ 75.9054, 18.3244 ], [ 75.8879, 18.3631 ], [ 75.8525, 18.3641 ], [ 75.8256, 18.3801 ], [ 75.7999, 18.3837 ], [ 75.7753, 18.4114 ], [ 75.765, 18.4396 ], [ 75.7298, 18.4337 ], [ 75.7101, 18.3956 ], [ 75.7293, 18.3857 ], [ 75.7332, 18.3601 ], [ 75.7215, 18.3372 ], [ 75.7052, 18.3382 ], [ 75.6912, 18.3238 ], [ 75.6533, 18.3301 ], [ 75.6206, 18.2738 ], [ 75.6352, 18.2639 ], [ 75.6345, 18.2474 ], [ 75.5767, 18.2396 ], [ 75.5565, 18.2006 ], [ 75.5489, 18.1631 ], [ 75.5528, 18.1443 ], [ 75.5353, 18.1338 ], [ 75.5102, 18.159 ], [ 75.4932, 18.1558 ], [ 75.4932, 18.1735 ], [ 75.4723, 18.1741 ], [ 75.4675, 18.1607 ], [ 75.4326, 18.1773 ], [ 75.441, 18.2076 ], [ 75.43, 18.2191 ], [ 75.4267, 18.2407 ], [ 75.4345, 18.2612 ], [ 75.3994, 18.2647 ], [ 75.4036, 18.2971 ], [ 75.3966, 18.3076 ], [ 75.4088, 18.3264 ], [ 75.3921, 18.3285 ], [ 75.3628, 18.3697 ], [ 75.3368, 18.3902 ], [ 75.3303, 18.387 ], [ 75.3215, 18.3964 ], [ 75.3095, 18.3919 ], [ 75.2881, 18.4077 ], [ 75.3065, 18.4342 ], [ 75.3038, 18.503 ], [ 75.3198, 18.5208 ], [ 75.3382, 18.5247 ], [ 75.3484, 18.5615 ], [ 75.4249, 18.5351 ], [ 75.4416, 18.5522 ], [ 75.4547, 18.5886 ], [ 75.47, 18.6066 ], [ 75.493, 18.626 ], [ 75.5097, 18.6217 ], [ 75.5278, 18.6384 ], [ 75.5532, 18.6439 ], [ 75.5558, 18.6558 ], [ 75.5461, 18.6588 ], [ 75.5506, 18.6823 ], [ 75.5906, 18.6876 ], [ 75.5891, 18.697 ], [ 75.6101, 18.6861 ], [ 75.6229, 18.6612 ], [ 75.6551, 18.6468 ], [ 75.6679, 18.6499 ], [ 75.6743, 18.6903 ], [ 75.6916, 18.6905 ], [ 75.7322, 18.6752 ], [ 75.754, 18.6802 ], [ 75.7775, 18.6727 ], [ 75.7975, 18.6556 ], [ 75.8025, 18.6732 ], [ 75.8121, 18.6735 ], [ 75.8474, 18.659 ], [ 75.8597, 18.6614 ], [ 75.8637, 18.6497 ], [ 75.9393, 18.6457 ], [ 75.9501, 18.6367 ], [ 75.9504, 18.6082 ], [ 75.9944, 18.6198 ], [ 75.9993, 18.6136 ], [ 75.987, 18.5954 ], [ 75.9912, 18.5901 ], [ 76.0005, 18.585 ], [ 76.007, 18.6052 ], [ 76.0211, 18.6041 ], [ 76.0584, 18.573 ], [ 76.099, 18.5874 ], [ 76.1514, 18.5827 ], [ 76.159, 18.5576 ], [ 76.1677, 18.5631 ], [ 76.1709, 18.5846 ], [ 76.2541, 18.5764 ], [ 76.2544, 18.5657 ], [ 76.2766, 18.5565 ], [ 76.2745, 18.5379 ], [ 76.2551, 18.5183 ], [ 76.255, 18.4855 ], [ 76.2716, 18.4673 ], [ 76.2632, 18.4633 ], [ 76.2714, 18.4194 ], [ 76.2329, 18.4327 ], [ 76.2116, 18.3995 ], [ 76.2002, 18.3981 ], [ 76.2167, 18.3817 ], [ 76.2488, 18.3744 ], [ 76.2589, 18.3639 ], [ 76.2879, 18.3851 ], [ 76.2849, 18.34 ], [ 76.3182, 18.3282 ], [ 76.3108, 18.2688 ], [ 76.283, 18.2476 ], [ 76.2864, 18.2317 ], [ 76.3017, 18.2288 ], [ 76.302, 18.2125 ], [ 76.2818, 18.1811 ], [ 76.2767, 18.1385 ], [ 76.3026, 18.1131 ], [ 76.3079, 18.09 ], [ 76.3308, 18.0731 ], [ 76.3811, 18.0882 ], [ 76.3978, 18.0655 ], [ 76.3986, 18.0519 ], [ 76.4276, 18.0292 ], [ 76.5316, 18.0197 ], [ 76.5669, 18.0377 ], [ 76.5954, 18.0315 ], [ 76.6111, 18.0366 ], [ 76.6061, 18.0091 ], [ 76.6241, 17.9985 ], [ 76.6753, 17.9954 ], [ 76.6838, 17.9861 ], [ 76.688, 17.969 ], [ 76.6725, 17.9655 ], [ 76.6803, 17.9448 ], [ 76.6741, 17.9205 ], [ 76.7227, 17.9163 ], [ 76.7407, 17.898 ] ] ] ] } },
{ "type": "Feature", "properties": { "jurisdiction": "Palghar", "total_segments": 85.0, "flagged_segments": 0.0, "mean_sss": 42.1, "flagged_pct": 0.0 }, "geometry": { "type": "MultiPolygon", "coordinates": [ [ [ [ 73.0117, 19.5015 ], [ 73.0014, 19.4883 ], [ 73.0025, 19.4722 ], [ 73.0304, 19.446 ], [ 73.008, 19.4172 ], [ 72.985, 19.4072 ], [ 72.9871, 19.394 ], [ 72.9678, 19.3975 ], [ 72.9733, 19.3789 ], [ 72.9585, 19.372 ], [ 72.951, 19.3321 ], [ 72.962, 19.2989 ], [ 72.949, 19.2895 ], [ 72.9184, 19.29 ], [ 72.9053, 19.2984 ], [ 72.9174, 19.2876 ], [ 72.9121, 19.284 ], [ 72.8676, 19.314 ], [ 72.8088, 19.3029 ], [ 72.7932, 19.3104 ], [ 72.799, 19.3313 ], [ 72.7576, 19.376 ], [ 72.766, 19.3932 ], [ 72.7446, 19.4588 ], [ 72.7801, 19.4913 ], [ 72.7862, 19.526 ], [ 72.7832, 19.5287 ], [ 72.7754, 19.5265 ], [ 72.784, 19.5257 ], [ 72.7835, 19.5163 ], [ 72.7649, 19.5043 ], [ 72.7182, 19.5388 ], [ 72.721, 19.5665 ], [ 72.7126, 19.596 ], [ 72.7379, 19.5979 ], [ 72.7301, 19.6013 ], [ 72.7279, 19.6249 ], [ 72.7129, 19.6446 ], [ 72.7099, 19.7068 ], [ 72.6937, 19.7293 ], [ 72.7087, 19.7263 ], [ 72.7193, 19.7551 ], [ 72.7068, 19.7324 ], [ 72.6935, 19.7357 ], [ 72.6854, 19.7601 ], [ 72.6896, 19.8029 ], [ 72.6957, 19.8049 ], [ 72.6885, 19.8057 ], [ 72.6871, 19.7943 ], [ 72.6796, 19.8135 ], [ 72.6596, 19.8207 ], [ 72.6507, 19.8396 ], [ 72.6518, 19.8585 ], [ 72.6701, 19.8518 ], [ 72.6813, 19.8651 ], [ 72.6771, 19.9193 ], [ 72.6643, 19.9329 ], [ 72.6901, 19.9582 ], [ 72.7199, 19.9688 ], [ 72.7343, 19.9426 ], [ 72.754, 19.939 ], [ 72.7549, 19.9274 ], [ 72.7554, 19.939 ], [ 72.7537, 19.9426 ], [ 72.7379, 19.9443 ], [ 72.7329, 19.9613 ], [ 72.7162, 19.9724 ], [ 72.7215, 20.0012 ], [ 72.7076, 20.0701 ], [ 72.7115, 20.0793 ], [ 72.7268, 20.0832 ], [ 72.7376, 20.1365 ], [ 72.8018, 20.125 ], [ 72.8021, 20.1485 ], [ 72.8159, 20.1533 ], [ 72.8353, 20.1446 ], [ 72.8288, 20.1566 ], [ 72.8355, 20.1877 ], [ 72.8497, 20.1893 ], [ 72.8441, 20.1978 ], [ 72.8503, 20.2079 ], [ 72.872, 20.2082 ], [ 72.8745, 20.2258 ], [ 72.9109, 20.2261 ], [ 72.9704, 20.2123 ], [ 72.9762, 20.18 ], [ 72.9867, 20.1713 ], [ 72.9732, 20.1308 ], [ 72.9892, 20.1132 ], [ 73.0043, 20.1179 ], [ 73.0105, 20.1402 ], [ 73.0175, 20.135 ], [ 73.0102, 20.1104 ], [ 73.0528, 20.0677 ], [ 73.0592, 20.0679 ], [ 73.0606, 20.0991 ], [ 73.0984, 20.0937 ], [ 73.1175, 20.0788 ], [ 73.1395, 20.0843 ], [ 73.1859, 20.0529 ], [ 73.1989, 20.0623 ], [ 73.198, 20.0778 ], [ 73.2191, 20.0975 ], [ 73.2163, 20.122 ], [ 73.2267, 20.1226 ], [ 73.2355, 20.141 ], [ 73.2381, 20.1281 ], [ 73.2561, 20.1279 ], [ 73.2635, 20.1128 ], [ 73.2815, 20.1049 ], [ 73.2832, 20.0834 ], [ 73.2727, 20.0737 ], [ 73.2905, 20.0448 ], [ 73.3007, 20.0497 ], [ 73.3021, 20.06 ], [ 73.3121, 20.0508 ], [ 73.3206, 20.0573 ], [ 73.3428, 20.0396 ], [ 73.3726, 20.0351 ], [ 73.3736, 20.021 ], [ 73.3823, 20.0147 ], [ 73.3866, 20.0255 ], [ 73.3955, 20.0134 ], [ 73.3999, 20.0196 ], [ 73.4149, 20.017 ], [ 73.4351, 19.9846 ], [ 73.4614, 19.9821 ], [ 73.4574, 19.9661 ], [ 73.4638, 19.9592 ], [ 73.4509, 19.9543 ], [ 73.4492, 19.9346 ], [ 73.4328, 19.9157 ], [ 73.4443, 19.8729 ], [ 73.4275, 19.8641 ], [ 73.4271, 19.8426 ], [ 73.4519, 19.8254 ], [ 73.4598, 19.7672 ], [ 73.471, 19.7595 ], [ 73.5098, 19.7587 ], [ 73.5128, 19.751 ], [ 73.516, 19.7298 ], [ 73.4996, 19.7201 ], [ 73.4595, 19.7132 ], [ 73.4442, 19.6988 ], [ 73.4262, 19.7014 ], [ 73.4274, 19.6933 ], [ 73.3793, 19.6863 ], [ 73.3809, 19.675 ], [ 73.369, 19.6682 ], [ 73.3621, 19.6865 ], [ 73.3422, 19.6926 ], [ 73.332, 19.6705 ], [ 73.2939, 19.6897 ], [ 73.2863, 19.6656 ], [ 73.2772, 19.6653 ], [ 73.2916, 19.6174 ], [ 73.266, 19.6263 ], [ 73.2593, 19.607 ], [ 73.2433, 19.6126 ], [ 73.2399, 19.6004 ], [ 73.2035, 19.5955 ], [ 73.2213, 19.5553 ], [ 73.1759, 19.5204 ], [ 73.1458, 19.5143 ], [ 73.1416, 19.4993 ], [ 73.0685, 19.4789 ], [ 73.0605, 19.491 ], [ 73.0389, 19.4925 ], [ 73.0281, 19.5044 ], [ 73.0117, 19.5015 ] ] ], [ [ [ 72.7263, 19.4671 ], [ 72.7365, 19.4657 ], [ 72.7329, 19.4574 ], [ 72.7263, 19.4671 ] ] ] ] } },
{ "type": "Feature", "properties": { "jurisdiction": "Parbhani", "total_segments": 36.0, "flagged_segments": 5.0, "mean_sss": 58.1, "flagged_pct": 13.9 }, "geometry": { "type": "MultiPolygon", "coordinates": [ [ [ [ 76.7292, 18.7494 ], [ 76.6746, 18.7608 ], [ 76.6814, 18.7792 ], [ 76.6723, 18.8099 ], [ 76.666, 18.8186 ], [ 76.6469, 18.8215 ], [ 76.6423, 18.8462 ], [ 76.6312, 18.8481 ], [ 76.6218, 18.8687 ], [ 76.587, 18.8738 ], [ 76.5829, 18.9446 ], [ 76.5387, 18.9492 ], [ 76.5359, 18.917 ], [ 76.5219, 18.917 ], [ 76.5002, 18.9508 ], [ 76.478, 18.9563 ], [ 76.4792, 18.9743 ], [ 76.4703, 18.9816 ], [ 76.4781, 19.0006 ], [ 76.4556, 19.0075 ], [ 76.4414, 19.0382 ], [ 76.4511, 19.051 ], [ 76.4351, 19.0715 ], [ 76.4365, 19.0957 ], [ 76.4111, 19.0925 ], [ 76.3777, 19.1311 ], [ 76.3547, 19.1026 ], [ 76.3243, 19.1071 ], [ 76.3206, 19.1142 ], [ 76.3337, 19.1357 ], [ 76.3604, 19.1523 ], [ 76.3522, 19.1928 ], [ 76.3641, 19.2113 ], [ 76.363, 19.2373 ], [ 76.3464, 19.2496 ], [ 76.2911, 19.2625 ], [ 76.2689, 19.2561 ], [ 76.2557, 19.2402 ], [ 76.2264, 19.2417 ], [ 76.2283, 19.2555 ], [ 76.2151, 19.26 ], [ 76.2092, 19.2778 ], [ 76.2215, 19.2941 ], [ 76.2101, 19.2986 ], [ 76.2132, 19.3186 ], [ 76.2349, 19.3137 ], [ 76.2417, 19.3382 ], [ 76.2648, 19.334 ], [ 76.2794, 19.3445 ], [ 76.2617, 19.3571 ], [ 76.2676, 19.3658 ], [ 76.2853, 19.3661 ], [ 76.2909, 19.4319 ], [ 76.3035, 19.4318 ], [ 76.3151, 19.4638 ], [ 76.3412, 19.4538 ], [ 76.3448, 19.4698 ], [ 76.3653, 19.4682 ], [ 76.377, 19.4996 ], [ 76.3721, 19.5158 ], [ 76.3781, 19.5366 ], [ 76.3952, 19.5313 ], [ 76.3955, 19.5411 ], [ 76.4126, 19.5326 ], [ 76.4418, 19.5412 ], [ 76.4478, 19.5832 ], [ 76.4365, 19.5862 ], [ 76.4331, 19.6021 ], [ 76.4513, 19.6127 ], [ 76.4523, 19.6413 ], [ 76.4435, 19.6416 ], [ 76.4493, 19.6602 ], [ 76.4706, 19.6791 ], [ 76.487, 19.6775 ], [ 76.4844, 19.7205 ], [ 76.4579, 19.7235 ], [ 76.4592, 19.7472 ], [ 76.4848, 19.7439 ], [ 76.493, 19.7609 ], [ 76.5099, 19.763 ], [ 76.5119, 19.7707 ], [ 76.489, 19.779 ], [ 76.483, 19.7936 ], [ 76.4853, 19.8004 ], [ 76.5108, 19.801 ], [ 76.5105, 19.8281 ], [ 76.5206, 19.837 ], [ 76.5196, 19.8491 ], [ 76.6093, 19.8388 ], [ 76.6221, 19.8433 ], [ 76.6322, 19.867 ], [ 76.6467, 19.8664 ], [ 76.662, 19.8505 ], [ 76.6772, 19.8468 ], [ 76.6753, 19.839 ], [ 76.7047, 19.8365 ], [ 76.6974, 19.8197 ], [ 76.7009, 19.8068 ], [ 76.6861, 19.7817 ], [ 76.7014, 19.7649 ], [ 76.7158, 19.7679 ], [ 76.7375, 19.7311 ], [ 76.7339, 19.7123 ], [ 76.7443, 19.7105 ], [ 76.7585, 19.685 ], [ 76.7711, 19.6931 ], [ 76.7664, 19.7154 ], [ 76.7796, 19.7309 ], [ 76.789, 19.7192 ], [ 76.783, 19.7012 ], [ 76.7868, 19.6713 ], [ 76.8077, 19.682 ], [ 76.8178, 19.6675 ], [ 76.8255, 19.6815 ], [ 76.8143, 19.7018 ], [ 76.8492, 19.7048 ], [ 76.8628, 19.6746 ], [ 76.8522, 19.6481 ], [ 76.8739, 19.6425 ], [ 76.8694, 19.6187 ], [ 76.9015, 19.6442 ], [ 76.9139, 19.6364 ], [ 76.9106, 19.6255 ], [ 76.9179, 19.6161 ], [ 76.9408, 19.6225 ], [ 76.943, 19.5975 ], [ 76.9596, 19.5837 ], [ 76.9495, 19.5745 ], [ 76.9672, 19.5454 ], [ 76.9576, 19.5115 ], [ 76.9754, 19.5054 ], [ 76.9775, 19.4872 ], [ 76.9858, 19.491 ], [ 76.9844, 19.4752 ], [ 76.9662, 19.4759 ], [ 76.951, 19.4889 ], [ 76.9193, 19.4463 ], [ 76.9203, 19.4175 ], [ 76.8939, 19.3784 ], [ 76.8899, 19.3486 ], [ 76.8997, 19.3241 ], [ 76.892, 19.3085 ], [ 76.9009, 19.2975 ], [ 76.9302, 19.2966 ], [ 76.9195, 19.2557 ], [ 76.9243, 19.2474 ], [ 76.9342, 19.2542 ], [ 76.9547, 19.2481 ], [ 76.9534, 19.2538 ], [ 76.9697, 19.2525 ], [ 76.9682, 19.2766 ], [ 76.9853, 19.276 ], [ 76.9904, 19.2844 ], [ 77.0197, 19.2822 ], [ 77.0198, 19.2743 ], [ 77.0085, 19.271 ], [ 77.0112, 19.2514 ], [ 77.0346, 19.2436 ], [ 77.047, 19.2474 ], [ 77.0492, 19.2301 ], [ 77.0359, 19.201 ], [ 77.0736, 19.1895 ], [ 77.086, 19.1719 ], [ 77.0978, 19.1724 ], [ 77.0926, 19.1562 ], [ 77.1182, 19.1493 ], [ 77.0953, 19.1446 ], [ 77.0912, 19.1356 ], [ 77.1027, 19.113 ], [ 77.0826, 19.1072 ], [ 77.0605, 19.067 ], [ 77.0633, 19.0285 ], [ 77.0424, 19.0296 ], [ 77.0406, 19.0027 ], [ 77.0532, 18.9949 ], [ 77.0525, 18.9876 ], [ 77.0369, 18.971 ], [ 77.0241, 18.9389 ], [ 77.0022, 18.929 ], [ 76.9914, 18.9357 ], [ 76.9824, 18.9135 ], [ 76.9599, 18.9317 ], [ 76.949, 18.9062 ], [ 76.932, 18.8998 ], [ 76.956, 18.8891 ], [ 76.9551, 18.8738 ], [ 77.0107, 18.8773 ], [ 77.0169, 18.8423 ], [ 76.9932, 18.8267 ], [ 76.8833, 18.8342 ], [ 76.8582, 18.8191 ], [ 76.8524, 18.8061 ], [ 76.8374, 18.8131 ], [ 76.8148, 18.7989 ], [ 76.7894, 18.796 ], [ 76.7802, 18.776 ], [ 76.744, 18.7736 ], [ 76.7292, 18.7494 ] ] ] ] } },
{ "type": "Feature", "properties": { "jurisdiction": "Pune", "total_segments": 358.0, "flagged_segments": 22.0, "mean_sss": 51.3, "flagged_pct": 6.1 }, "geometry": { "type": "MultiPolygon", "coordinates": [ [ [ [ 74.7997, 18.284 ], [ 74.8464, 18.2429 ], [ 74.881, 18.247 ], [ 74.8994, 18.2586 ], [ 74.9551, 18.2631 ], [ 74.997, 18.2406 ], [ 75.0484, 18.2618 ], [ 75.0484, 18.2531 ], [ 75.0123, 18.2117 ], [ 75.0257, 18.1871 ], [ 75.063, 18.1972 ], [ 75.0855, 18.2175 ], [ 75.1006, 18.2208 ], [ 75.1131, 18.2139 ], [ 75.1176, 18.1991 ], [ 75.0952, 18.1456 ], [ 75.0973, 18.1218 ], [ 75.1613, 18.1205 ], [ 75.1664, 18.106 ], [ 75.141, 18.0911 ], [ 75.1337, 18.0749 ], [ 75.0958, 18.0656 ], [ 75.0873, 18.0415 ], [ 75.0563, 18.0197 ], [ 75.0329, 17.9879 ], [ 75.0253, 17.9614 ], [ 75.0544, 17.946 ], [ 75.0742, 17.9752 ], [ 75.1061, 17.9726 ], [ 75.1125, 17.9925 ], [ 75.1235, 17.9973 ], [ 75.1384, 17.969 ], [ 75.1208, 17.9678 ], [ 75.1341, 17.9536 ], [ 75.1182, 17.936 ], [ 75.0881, 17.9381 ], [ 75.093, 17.9225 ], [ 75.0758, 17.9137 ], [ 75.0563, 17.9238 ], [ 75.0501, 17.9169 ], [ 75.0581, 17.9013 ], [ 75.0431, 17.9026 ], [ 75.0277, 17.8914 ], [ 75.0215, 17.9068 ], [ 74.9661, 17.9143 ], [ 74.9475, 17.9241 ], [ 74.9432, 17.9393 ], [ 74.9155, 17.9443 ], [ 74.9009, 17.9368 ], [ 74.8739, 17.9502 ], [ 74.8514, 17.9472 ], [ 74.8682, 17.9908 ], [ 74.8372, 17.9921 ], [ 74.8309, 18.0092 ], [ 74.8177, 18.0168 ], [ 74.812, 17.996 ], [ 74.7682, 18.0236 ], [ 74.7527, 18.018 ], [ 74.7352, 18.0282 ], [ 74.7172, 18.0275 ], [ 74.6976, 18.0386 ], [ 74.6913, 18.0586 ], [ 74.6703, 18.0684 ], [ 74.6618, 18.0681 ], [ 74.6463, 18.044 ], [ 74.634, 18.0549 ], [ 74.6162, 18.0464 ], [ 74.5954, 18.0548 ], [ 74.5881, 18.0461 ], [ 74.5642, 18.069 ], [ 74.5409, 18.0568 ], [ 74.4991, 18.0582 ], [ 74.4702, 18.0468 ], [ 74.439, 18.0646 ], [ 74.3863, 18.07 ], [ 74.3638, 18.0956 ], [ 74.3357, 18.0875 ], [ 74.3096, 18.0681 ], [ 74.2446, 18.0981 ], [ 74.2153, 18.0983 ], [ 74.1957, 18.1103 ], [ 74.1699, 18.1059 ], [ 74.1548, 18.1181 ], [ 74.1415, 18.1164 ], [ 74.1307, 18.1285 ], [ 74.0912, 18.1195 ], [ 74.069, 18.1367 ], [ 74.0394, 18.1311 ], [ 74.0115, 18.1559 ], [ 73.9979, 18.1488 ], [ 73.9538, 18.18 ], [ 73.9128, 18.1593 ], [ 73.9057, 18.1818 ], [ 73.8822, 18.1723 ], [ 73.9119, 18.1355 ], [ 73.8989, 18.1152 ], [ 73.8706, 18.1192 ], [ 73.8888, 18.0839 ], [ 73.8794, 18.0726 ], [ 73.8818, 18.0519 ], [ 73.8662, 18.0309 ], [ 73.8555, 18.0403 ], [ 73.8482, 18.0307 ], [ 73.8219, 18.0352 ], [ 73.8005, 18.0214 ], [ 73.7709, 18.0256 ], [ 73.7685, 18.0366 ], [ 73.7148, 18.0474 ], [ 73.6739, 18.0261 ], [ 73.6592, 18.0403 ], [ 73.638, 18.0446 ], [ 73.6225, 18.0572 ], [ 73.6294, 18.0774 ], [ 73.6119, 18.0841 ], [ 73.6188, 18.0959 ], [ 73.6067, 18.1083 ], [ 73.6157, 18.1373 ], [ 73.6217, 18.1351 ], [ 73.6151, 18.1173 ], [ 73.6337, 18.1199 ], [ 73.6376, 18.1236 ], [ 73.6298, 18.126 ], [ 73.6442, 18.1452 ], [ 73.6512, 18.1424 ], [ 73.6596, 18.1562 ], [ 73.6763, 18.1554 ], [ 73.6715, 18.1649 ], [ 73.609, 18.1886 ], [ 73.6038, 18.176 ], [ 73.5912, 18.1785 ], [ 73.5753, 18.1895 ], [ 73.5711, 18.2104 ], [ 73.5648, 18.1952 ], [ 73.5515, 18.2051 ], [ 73.5484, 18.1893 ], [ 73.5313, 18.1866 ], [ 73.5437, 18.2085 ], [ 73.5333, 18.2121 ], [ 73.5449, 18.2247 ], [ 73.5332, 18.2292 ], [ 73.5466, 18.2438 ], [ 73.5293, 18.2454 ], [ 73.5151, 18.257 ], [ 73.5261, 18.2712 ], [ 73.5155, 18.2727 ], [ 73.5193, 18.2856 ], [ 73.4902, 18.2706 ], [ 73.4861, 18.2997 ], [ 73.4652, 18.2968 ], [ 73.4566, 18.3078 ], [ 73.4321, 18.306 ], [ 73.4324, 18.3253 ], [ 73.4546, 18.3593 ], [ 73.4381, 18.372 ], [ 73.4305, 18.4037 ], [ 73.4122, 18.3992 ], [ 73.4067, 18.4532 ], [ 73.417, 18.4666 ], [ 73.4204, 18.4975 ], [ 73.3915, 18.4827 ], [ 73.3867, 18.4666 ], [ 73.3749, 18.4678 ], [ 73.3726, 18.4829 ], [ 73.3856, 18.4803 ], [ 73.4045, 18.5024 ], [ 73.3949, 18.5035 ], [ 73.3674, 18.5318 ], [ 73.3541, 18.5318 ], [ 73.3551, 18.5469 ], [ 73.3678, 18.5565 ], [ 73.3432, 18.5473 ], [ 73.3332, 18.5624 ], [ 73.3449, 18.606 ], [ 73.3538, 18.6035 ], [ 73.3716, 18.6355 ], [ 73.3991, 18.6537 ], [ 73.3951, 18.6922 ], [ 73.3855, 18.7074 ], [ 73.3745, 18.6998 ], [ 73.3689, 18.7077 ], [ 73.3532, 18.695 ], [ 73.3422, 18.701 ], [ 73.3631, 18.7237 ], [ 73.3647, 18.7521 ], [ 73.3783, 18.7905 ], [ 73.3843, 18.7866 ], [ 73.3888, 18.7928 ], [ 73.387, 18.8162 ], [ 73.3946, 18.8191 ], [ 73.3989, 18.8515 ], [ 73.413, 18.8419 ], [ 73.425, 18.8596 ], [ 73.4376, 18.8621 ], [ 73.4493, 18.8983 ], [ 73.4405, 18.9139 ], [ 73.4509, 18.9269 ], [ 73.4682, 18.9291 ], [ 73.4719, 18.9655 ], [ 73.489, 18.9651 ], [ 73.4882, 18.9788 ], [ 73.5213, 18.9673 ], [ 73.5665, 19.0157 ], [ 73.5452, 19.0319 ], [ 73.5516, 19.0503 ], [ 73.5275, 19.0487 ], [ 73.5286, 19.0583 ], [ 73.5372, 19.056 ], [ 73.5387, 19.0852 ], [ 73.5267, 19.084 ], [ 73.5218, 19.0937 ], [ 73.5308, 19.101 ], [ 73.5367, 19.1289 ], [ 73.5504, 19.1226 ], [ 73.5543, 19.1423 ], [ 73.5423, 19.1553 ], [ 73.5499, 19.1596 ], [ 73.5485, 19.1764 ], [ 73.5539, 19.1744 ], [ 73.5573, 19.1847 ], [ 73.5758, 19.1819 ], [ 73.5797, 19.1891 ], [ 73.6179, 19.1892 ], [ 73.6231, 19.2061 ], [ 73.6356, 19.2097 ], [ 73.642, 19.202 ], [ 73.6712, 19.239 ], [ 73.699, 19.2442 ], [ 73.7046, 19.2567 ], [ 73.6992, 19.2696 ], [ 73.6787, 19.2926 ], [ 73.6957, 19.3109 ], [ 73.7244, 19.3265 ], [ 73.761, 19.3342 ], [ 73.7566, 19.3274 ], [ 73.7826, 19.33 ], [ 73.783, 19.3396 ], [ 73.805, 19.3308 ], [ 73.7897, 19.3861 ], [ 73.8093, 19.395 ], [ 73.8472, 19.3783 ], [ 73.865, 19.3589 ], [ 73.8805, 19.3597 ], [ 73.892, 19.3764 ], [ 73.9038, 19.3744 ], [ 73.9224, 19.3654 ], [ 73.9384, 19.3407 ], [ 74.0072, 19.3577 ], [ 74.0202, 19.3258 ], [ 74.0354, 19.3105 ], [ 74.0347, 19.3007 ], [ 74.0213, 19.2958 ], [ 74.039, 19.2839 ], [ 74.034, 19.269 ], [ 74.0417, 19.2504 ], [ 74.0545, 19.2584 ], [ 74.0604, 19.2439 ], [ 74.1008, 19.2264 ], [ 74.0961, 19.2351 ], [ 74.1351, 19.2203 ], [ 74.1595, 19.222 ], [ 74.1656, 19.2029 ], [ 74.1752, 19.2199 ], [ 74.2281, 19.2017 ], [ 74.2711, 19.2243 ], [ 74.3225, 19.2083 ], [ 74.3104, 19.189 ], [ 74.2744, 19.1848 ], [ 74.2713, 19.1628 ], [ 74.2424, 19.1235 ], [ 74.2312, 19.1299 ], [ 74.2171, 19.1252 ], [ 74.204, 19.106 ], [ 74.207, 19.0877 ], [ 74.1818, 19.036 ], [ 74.2213, 19.007 ], [ 74.2193, 18.9954 ], [ 74.2309, 18.9923 ], [ 74.2296, 18.9761 ], [ 74.2461, 18.9643 ], [ 74.2464, 18.9535 ], [ 74.2568, 18.9529 ], [ 74.2772, 18.921 ], [ 74.3007, 18.9033 ], [ 74.3176, 18.8535 ], [ 74.3278, 18.8434 ], [ 74.3383, 18.8374 ], [ 74.3578, 18.8437 ], [ 74.4034, 18.8305 ], [ 74.3915, 18.8032 ], [ 74.4056, 18.7773 ], [ 74.4055, 18.7413 ], [ 74.4308, 18.7489 ], [ 74.4467, 18.7386 ], [ 74.4569, 18.7194 ], [ 74.4828, 18.7222 ], [ 74.4847, 18.6815 ], [ 74.4922, 18.6746 ], [ 74.5129, 18.6774 ], [ 74.5171, 18.6674 ], [ 74.4803, 18.6411 ], [ 74.5163, 18.6158 ], [ 74.5561, 18.6139 ], [ 74.5492, 18.5833 ], [ 74.5869, 18.5477 ], [ 74.5766, 18.5446 ], [ 74.5784, 18.5321 ], [ 74.5531, 18.5081 ], [ 74.5807, 18.4766 ], [ 74.6487, 18.4496 ], [ 74.6796, 18.4611 ], [ 74.6629, 18.4736 ], [ 74.6645, 18.4852 ], [ 74.7098, 18.504 ], [ 74.7317, 18.4795 ], [ 74.7196, 18.4301 ], [ 74.7394, 18.3977 ], [ 74.7597, 18.3962 ], [ 74.7845, 18.4082 ], [ 74.813, 18.3858 ], [ 74.8005, 18.3508 ], [ 74.8371, 18.3418 ], [ 74.8507, 18.2996 ], [ 74.8411, 18.2946 ], [ 74.8086, 18.3011 ], [ 74.7997, 18.284 ] ] ] ] } },
{ "type": "Feature", "properties": { "jurisdiction": "Raigarh", "total_segments": 139.0, "flagged_segments": 0.0, "mean_sss": 26.7, "flagged_pct": 0.0 }, "geometry": { "type": "MultiPolygon", "coordinates": [ [ [ [ 73.0382, 18.0521 ], [ 73.0368, 18.0504 ], [ 73.0365, 18.0515 ], [ 73.0382, 18.0521 ] ] ], [ [ [ 73.1251, 17.9813 ], [ 73.1089, 17.9907 ], [ 73.0373, 17.9849 ], [ 73.0179, 17.991 ], [ 73.0168, 18.0065 ], [ 73.0021, 18.0212 ], [ 73.0235, 18.0238 ], [ 73.0454, 18.0415 ], [ 73.0296, 18.0321 ], [ 73.0215, 18.0393 ], [ 73.0396, 18.0487 ], [ 73.0404, 18.0532 ], [ 73.0251, 18.0504 ], [ 73.0157, 18.0321 ], [ 73.0049, 18.0526 ], [ 72.9899, 18.0551 ], [ 73.0029, 18.0757 ], [ 72.971, 18.1321 ], [ 72.9818, 18.1371 ], [ 72.9904, 18.1579 ], [ 72.979, 18.1926 ], [ 72.9876, 18.1951 ], [ 72.9557, 18.2196 ], [ 72.931, 18.2204 ], [ 72.9426, 18.2468 ], [ 72.9354, 18.2815 ], [ 72.9646, 18.2801 ], [ 72.9815, 18.2421 ], [ 73.0179, 18.2457 ], [ 73.0693, 18.2221 ], [ 73.0707, 18.2074 ], [ 73.0576, 18.199 ], [ 73.0557, 18.1871 ], [ 73.0715, 18.1724 ], [ 73.0687, 18.1654 ], [ 73.0771, 18.1649 ], [ 73.0726, 18.1565 ], [ 73.0793, 18.1624 ], [ 73.0882, 18.1515 ], [ 73.0837, 18.1618 ], [ 73.0915, 18.1679 ], [ 73.0596, 18.1907 ], [ 73.0757, 18.1999 ], [ 73.0804, 18.2313 ], [ 73.0615, 18.251 ], [ 73.0679, 18.2701 ], [ 73.0429, 18.2971 ], [ 73.0482, 18.3037 ], [ 73.0768, 18.2985 ], [ 73.0765, 18.2962 ], [ 73.0863, 18.2879 ], [ 73.0776, 18.2985 ], [ 73.0879, 18.3268 ], [ 73.084, 18.3293 ], [ 73.0682, 18.3049 ], [ 73.0504, 18.3079 ], [ 73.0401, 18.3015 ], [ 73.0546, 18.2704 ], [ 73.0279, 18.2643 ], [ 73.0124, 18.2837 ], [ 73.0004, 18.2843 ], [ 72.9929, 18.2735 ], [ 72.9815, 18.2999 ], [ 72.9704, 18.2996 ], [ 72.9676, 18.3101 ], [ 72.9554, 18.316 ], [ 72.961, 18.3196 ], [ 72.951, 18.3362 ], [ 72.934, 18.3429 ], [ 72.9343, 18.351 ], [ 72.9199, 18.3468 ], [ 72.914, 18.3549 ], [ 72.9112, 18.3668 ], [ 72.9262, 18.3729 ], [ 72.9262, 18.3865 ], [ 72.9065, 18.4026 ], [ 72.909, 18.4218 ], [ 72.8954, 18.4726 ], [ 72.9046, 18.5026 ], [ 72.9112, 18.5032 ], [ 72.9046, 18.5393 ], [ 72.9174, 18.529 ], [ 72.9285, 18.5418 ], [ 72.884, 18.6385 ], [ 72.9015, 18.6332 ], [ 72.8874, 18.6413 ], [ 72.8726, 18.6385 ], [ 72.8657, 18.649 ], [ 72.8551, 18.6968 ], [ 72.8682, 18.7557 ], [ 72.8643, 18.7954 ], [ 72.8693, 18.8046 ], [ 72.8871, 18.8037 ], [ 72.8874, 18.7982 ], [ 72.9007, 18.804 ], [ 72.9163, 18.7924 ], [ 72.9435, 18.8279 ], [ 72.9718, 18.7904 ], [ 72.9826, 18.8096 ], [ 72.9807, 18.8507 ], [ 72.9887, 18.866 ], [ 72.9465, 18.8463 ], [ 72.9265, 18.851 ], [ 72.9082, 18.8857 ], [ 72.9079, 18.9021 ], [ 72.9274, 18.9115 ], [ 72.9418, 18.8954 ], [ 72.9424, 18.9093 ], [ 72.9576, 18.9085 ], [ 72.9613, 18.9232 ], [ 72.9393, 18.946 ], [ 72.9557, 18.974 ], [ 72.9774, 18.9626 ], [ 72.9962, 18.9685 ], [ 73.0546, 19.0124 ], [ 73.0584, 19.0971 ], [ 73.0754, 19.1099 ], [ 73.1414, 19.1095 ], [ 73.1551, 19.1254 ], [ 73.1651, 19.1124 ], [ 73.1876, 19.1084 ], [ 73.2088, 19.1242 ], [ 73.2571, 19.0633 ], [ 73.2734, 19.0655 ], [ 73.2898, 19.084 ], [ 73.3102, 19.0817 ], [ 73.3107, 19.0745 ], [ 73.3271, 19.0815 ], [ 73.3212, 19.1069 ], [ 73.3602, 19.1283 ], [ 73.4121, 19.1343 ], [ 73.4419, 19.1271 ], [ 73.4821, 19.1346 ], [ 73.4961, 19.1244 ], [ 73.5367, 19.1289 ], [ 73.5308, 19.101 ], [ 73.5218, 19.0937 ], [ 73.5267, 19.084 ], [ 73.5387, 19.0852 ], [ 73.5372, 19.056 ], [ 73.5286, 19.0583 ], [ 73.5275, 19.0487 ], [ 73.5516, 19.0503 ], [ 73.5452, 19.0319 ], [ 73.5665, 19.0157 ], [ 73.5213, 18.9673 ], [ 73.4882, 18.9788 ], [ 73.489, 18.9651 ], [ 73.4719, 18.9655 ], [ 73.4682, 18.9291 ], [ 73.4509, 18.9269 ], [ 73.4405, 18.9139 ], [ 73.4493, 18.8983 ], [ 73.4376, 18.8621 ], [ 73.425, 18.8596 ], [ 73.413, 18.8419 ], [ 73.3989, 18.8515 ], [ 73.3946, 18.8191 ], [ 73.387, 18.8162 ], [ 73.3888, 18.7928 ], [ 73.3843, 18.7866 ], [ 73.3783, 18.7905 ], [ 73.3647, 18.7521 ], [ 73.3631, 18.7237 ], [ 73.3422, 18.701 ], [ 73.3532, 18.695 ], [ 73.3689, 18.7077 ], [ 73.3745, 18.6998 ], [ 73.3855, 18.7074 ], [ 73.3951, 18.6922 ], [ 73.3991, 18.6537 ], [ 73.3716, 18.6355 ], [ 73.3538, 18.6035 ], [ 73.3449, 18.606 ], [ 73.3332, 18.5624 ], [ 73.3432, 18.5473 ], [ 73.3678, 18.5565 ], [ 73.3551, 18.5469 ], [ 73.3541, 18.5318 ], [ 73.3674, 18.5318 ], [ 73.3949, 18.5035 ], [ 73.4045, 18.5024 ], [ 73.3856, 18.4803 ], [ 73.3726, 18.4829 ], [ 73.3749, 18.4678 ], [ 73.3867, 18.4666 ], [ 73.3915, 18.4827 ], [ 73.4204, 18.4975 ], [ 73.417, 18.4666 ], [ 73.4067, 18.4532 ], [ 73.4122, 18.3992 ], [ 73.4305, 18.4037 ], [ 73.4381, 18.372 ], [ 73.4546, 18.3593 ], [ 73.4324, 18.3253 ], [ 73.4321, 18.306 ], [ 73.4566, 18.3078 ], [ 73.4652, 18.2968 ], [ 73.4861, 18.2997 ], [ 73.4902, 18.2706 ], [ 73.5193, 18.2856 ], [ 73.5155, 18.2727 ], [ 73.5261, 18.2712 ], [ 73.5151, 18.257 ], [ 73.5293, 18.2454 ], [ 73.5466, 18.2438 ], [ 73.5332, 18.2292 ], [ 73.5449, 18.2247 ], [ 73.5333, 18.2121 ], [ 73.5437, 18.2085 ], [ 73.5313, 18.1866 ], [ 73.5484, 18.1893 ], [ 73.5515, 18.2051 ], [ 73.5648, 18.1952 ], [ 73.5711, 18.2104 ], [ 73.5753, 18.1895 ], [ 73.5912, 18.1785 ], [ 73.6038, 18.176 ], [ 73.609, 18.1886 ], [ 73.6715, 18.1649 ], [ 73.6763, 18.1554 ], [ 73.6596, 18.1562 ], [ 73.6512, 18.1424 ], [ 73.6442, 18.1452 ], [ 73.6298, 18.126 ], [ 73.6376, 18.1236 ], [ 73.6337, 18.1199 ], [ 73.6151, 18.1173 ], [ 73.6217, 18.1351 ], [ 73.6157, 18.1373 ], [ 73.6065, 18.1056 ], [ 73.6188, 18.0959 ], [ 73.6119, 18.0841 ], [ 73.6294, 18.0774 ], [ 73.6225, 18.0572 ], [ 73.6649, 18.0345 ], [ 73.668, 18.0276 ], [ 73.6596, 18.0216 ], [ 73.6655, 18.0123 ], [ 73.6356, 17.9837 ], [ 73.6454, 17.9675 ], [ 73.6044, 17.9347 ], [ 73.5857, 17.9424 ], [ 73.5846, 17.9269 ], [ 73.5462, 17.896 ], [ 73.5484, 17.8879 ], [ 73.5705, 17.8905 ], [ 73.5799, 17.8759 ], [ 73.5608, 17.8639 ], [ 73.5448, 17.8816 ], [ 73.5157, 17.8498 ], [ 73.5064, 17.8516 ], [ 73.5041, 17.8636 ], [ 73.4731, 17.864 ], [ 73.4628, 17.8507 ], [ 73.4536, 17.8538 ], [ 73.4461, 17.9026 ], [ 73.4092, 17.8811 ], [ 73.3847, 17.8869 ], [ 73.3813, 17.9045 ], [ 73.3882, 17.9163 ], [ 73.3728, 17.9377 ], [ 73.3727, 17.9538 ], [ 73.355, 17.9709 ], [ 73.3709, 18.0091 ], [ 73.358, 18.0236 ], [ 73.3455, 18.0112 ], [ 73.3344, 18.0257 ], [ 73.3158, 18.0223 ], [ 73.3017, 18.0329 ], [ 73.308, 18.057 ], [ 73.2993, 18.0691 ], [ 73.2352, 18.0532 ], [ 73.2164, 18.0675 ], [ 73.2012, 18.0555 ], [ 73.1854, 18.0574 ], [ 73.1251, 17.9813 ] ] ], [ [ [ 72.966, 18.3013 ], [ 72.9635, 18.2985 ], [ 72.9626, 18.3001 ], [ 72.966, 18.3013 ] ] ], [ [ [ 72.8643, 18.6357 ], [ 72.8649, 18.6332 ], [ 72.8635, 18.6326 ], [ 72.8643, 18.6357 ] ] ], [ [ [ 72.8126, 18.7024 ], [ 72.8149, 18.7046 ], [ 72.8151, 18.7029 ], [ 72.8126, 18.7024 ] ] ], [ [ [ 72.8429, 18.7082 ], [ 72.8412, 18.7051 ], [ 72.8421, 18.7085 ], [ 72.8429, 18.7082 ] ] ], [ [ [ 72.9026, 18.9635 ], [ 72.9085, 18.9596 ], [ 72.9088, 18.9532 ], [ 72.9035, 18.9565 ], [ 72.8988, 18.941 ], [ 72.9026, 18.9635 ] ] ], [ [ [ 72.9396, 18.9715 ], [ 72.9421, 18.9657 ], [ 72.934, 18.9521 ], [ 72.9243, 18.9635 ], [ 72.9396, 18.9715 ] ] ], [ [ [ 73.0757, 18.3079 ], [ 73.0793, 18.3063 ], [ 73.0762, 18.3049 ], [ 73.0757, 18.3079 ] ] ], [ [ [ 73.0824, 18.321 ], [ 73.0804, 18.3196 ], [ 73.0821, 18.3221 ], [ 73.0824, 18.321 ] ] ], [ [ [ 73.0257, 18.9974 ], [ 73.0287, 18.9963 ], [ 73.0285, 18.9929 ], [ 73.0257, 18.9974 ] ] ] ] } },
{ "type": "Feature", "properties": { "jurisdiction": "Ratnagiri", "total_segments": 74.0, "flagged_segments": 0.0, "mean_sss": 36.1, "flagged_pct": 0.0 }, "geometry": { "type": "MultiPolygon", "coordinates": [ [ [ [ 73.8659, 16.6503 ], [ 73.8427, 16.6466 ], [ 73.7819, 16.6611 ], [ 73.7757, 16.644 ], [ 73.7841, 16.623 ], [ 73.7748, 16.6 ], [ 73.7345, 16.6017 ], [ 73.7122, 16.6239 ], [ 73.6993, 16.6223 ], [ 73.6807, 16.5858 ], [ 73.6737, 16.5867 ], [ 73.6712, 16.5743 ], [ 73.6597, 16.5733 ], [ 73.6583, 16.5629 ], [ 73.6492, 16.561 ], [ 73.643, 16.5781 ], [ 73.6335, 16.581 ], [ 73.6203, 16.551 ], [ 73.6061, 16.5408 ], [ 73.5913, 16.5417 ], [ 73.5532, 16.5135 ], [ 73.537, 16.5221 ], [ 73.5241, 16.5139 ], [ 73.5055, 16.5168 ], [ 73.4861, 16.494 ], [ 73.476, 16.4916 ], [ 73.4291, 16.5161 ], [ 73.4063, 16.5089 ], [ 73.3854, 16.5138 ], [ 73.3557, 16.529 ], [ 73.3543, 16.5393 ], [ 73.3729, 16.5399 ], [ 73.3507, 16.5435 ], [ 73.3463, 16.5571 ], [ 73.3735, 16.5501 ], [ 73.394, 16.5538 ], [ 73.3562, 16.5554 ], [ 73.3549, 16.566 ], [ 73.3624, 16.5685 ], [ 73.3426, 16.5662 ], [ 73.3449, 16.5763 ], [ 73.3304, 16.5774 ], [ 73.319, 16.5932 ], [ 73.3201, 16.6071 ], [ 73.3304, 16.6085 ], [ 73.3471, 16.5951 ], [ 73.3526, 16.5965 ], [ 73.3407, 16.6054 ], [ 73.351, 16.6118 ], [ 73.3518, 16.6251 ], [ 73.3307, 16.6201 ], [ 73.3421, 16.6282 ], [ 73.3399, 16.6382 ], [ 73.3238, 16.6362 ], [ 73.3218, 16.6424 ], [ 73.3332, 16.6535 ], [ 73.3296, 16.6857 ], [ 73.3396, 16.6857 ], [ 73.3182, 16.6965 ], [ 73.3054, 16.7293 ], [ 73.3076, 16.7801 ], [ 73.3176, 16.806 ], [ 73.3332, 16.8165 ], [ 73.3265, 16.8207 ], [ 73.3112, 16.8068 ], [ 73.2954, 16.8168 ], [ 73.2879, 16.8435 ], [ 73.2932, 16.849 ], [ 73.2879, 16.8582 ], [ 73.2949, 16.8621 ], [ 73.2857, 16.8807 ], [ 73.2968, 16.8899 ], [ 73.3135, 16.889 ], [ 73.2937, 16.8979 ], [ 73.2771, 16.8921 ], [ 73.2868, 16.9162 ], [ 73.2818, 16.9496 ], [ 73.2921, 16.9568 ], [ 73.2943, 16.986 ], [ 73.2799, 16.9924 ], [ 73.271, 16.9865 ], [ 73.2693, 17.0001 ], [ 73.2829, 17.001 ], [ 73.2838, 17.0121 ], [ 73.2763, 17.0235 ], [ 73.2574, 17.0196 ], [ 73.2543, 17.0271 ], [ 73.256, 17.0479 ], [ 73.266, 17.0476 ], [ 73.2776, 17.034 ], [ 73.2754, 17.0254 ], [ 73.2826, 17.0179 ], [ 73.2899, 17.0218 ], [ 73.2862, 17.0179 ], [ 73.2862, 17.0093 ], [ 73.2893, 17.0068 ], [ 73.2932, 17.0226 ], [ 73.2804, 17.0321 ], [ 73.2843, 17.0401 ], [ 73.3138, 17.0332 ], [ 73.3199, 17.0382 ], [ 73.3026, 17.0374 ], [ 73.2901, 17.0476 ], [ 73.2785, 17.0404 ], [ 73.2879, 17.0543 ], [ 73.2882, 17.0754 ], [ 73.2982, 17.0785 ], [ 73.2832, 17.0796 ], [ 73.2835, 17.1132 ], [ 73.266, 17.1129 ], [ 73.2726, 17.1204 ], [ 73.2529, 17.189 ], [ 73.2312, 17.1982 ], [ 73.2451, 17.1965 ], [ 73.2471, 17.2104 ], [ 73.2315, 17.246 ], [ 73.2232, 17.2476 ], [ 73.2288, 17.251 ], [ 73.2215, 17.2557 ], [ 73.2235, 17.2665 ], [ 73.2118, 17.2757 ], [ 73.2046, 17.2685 ], [ 73.2024, 17.2882 ], [ 73.1893, 17.2979 ], [ 73.1957, 17.3068 ], [ 73.2049, 17.2988 ], [ 73.2221, 17.3029 ], [ 73.2276, 17.2815 ], [ 73.244, 17.3074 ], [ 73.2426, 17.3188 ], [ 73.2293, 17.319 ], [ 73.2187, 17.3293 ], [ 73.2268, 17.3343 ], [ 73.2146, 17.3457 ], [ 73.2199, 17.3565 ], [ 73.2071, 17.3843 ], [ 73.1765, 17.3874 ], [ 73.1671, 17.4051 ], [ 73.1787, 17.4068 ], [ 73.1871, 17.4146 ], [ 73.1868, 17.4307 ], [ 73.2057, 17.439 ], [ 73.186, 17.4418 ], [ 73.184, 17.4557 ], [ 73.1937, 17.4685 ], [ 73.184, 17.5057 ], [ 73.1621, 17.5301 ], [ 73.1543, 17.5293 ], [ 73.1371, 17.556 ], [ 73.1404, 17.5685 ], [ 73.1524, 17.5737 ], [ 73.1632, 17.5685 ], [ 73.1685, 17.5824 ], [ 73.1437, 17.6018 ], [ 73.1271, 17.6371 ], [ 73.1357, 17.6446 ], [ 73.114, 17.6943 ], [ 73.1357, 17.7076 ], [ 73.1351, 17.7162 ], [ 73.1121, 17.7896 ], [ 73.0957, 17.811 ], [ 73.0885, 17.8082 ], [ 73.0949, 17.824 ], [ 73.0874, 17.8388 ], [ 73.0938, 17.8418 ], [ 73.1149, 17.8335 ], [ 73.1249, 17.836 ], [ 73.134, 17.8251 ], [ 73.1251, 17.8368 ], [ 73.0904, 17.8438 ], [ 73.0713, 17.8888 ], [ 73.076, 17.8968 ], [ 73.0635, 17.8907 ], [ 73.0515, 17.904 ], [ 73.0521, 17.929 ], [ 73.0724, 17.9274 ], [ 73.0924, 17.9407 ], [ 73.0721, 17.929 ], [ 73.0379, 17.9343 ], [ 73.0285, 17.949 ], [ 73.0373, 17.985 ], [ 73.1089, 17.9907 ], [ 73.1251, 17.9813 ], [ 73.1854, 18.0574 ], [ 73.2012, 18.0555 ], [ 73.2164, 18.0675 ], [ 73.2352, 18.0532 ], [ 73.2993, 18.0691 ], [ 73.308, 18.057 ], [ 73.3017, 18.0329 ], [ 73.3158, 18.0223 ], [ 73.3344, 18.0257 ], [ 73.3455, 18.0112 ], [ 73.358, 18.0236 ], [ 73.3709, 18.0091 ], [ 73.355, 17.9709 ], [ 73.3727, 17.9538 ], [ 73.3728, 17.9377 ], [ 73.3882, 17.9163 ], [ 73.3813, 17.9045 ], [ 73.3847, 17.8869 ], [ 73.4092, 17.8811 ], [ 73.4461, 17.9026 ], [ 73.4557, 17.8715 ], [ 73.4519, 17.8578 ], [ 73.4597, 17.8493 ], [ 73.4731, 17.864 ], [ 73.5041, 17.8636 ], [ 73.5064, 17.8516 ], [ 73.5157, 17.8498 ], [ 73.5448, 17.8816 ], [ 73.5608, 17.8639 ], [ 73.5859, 17.8757 ], [ 73.5867, 17.8573 ], [ 73.6061, 17.8468 ], [ 73.5929, 17.8259 ], [ 73.6048, 17.8166 ], [ 73.6123, 17.7938 ], [ 73.5932, 17.7864 ], [ 73.6006, 17.7774 ], [ 73.5986, 17.7638 ], [ 73.5763, 17.7209 ], [ 73.6036, 17.6985 ], [ 73.6246, 17.7116 ], [ 73.6449, 17.6985 ], [ 73.6632, 17.7059 ], [ 73.6689, 17.6945 ], [ 73.6982, 17.6865 ], [ 73.6908, 17.6765 ], [ 73.7125, 17.657 ], [ 73.7016, 17.6262 ], [ 73.734, 17.6186 ], [ 73.7253, 17.6059 ], [ 73.7385, 17.5898 ], [ 73.7259, 17.5727 ], [ 73.7559, 17.5551 ], [ 73.7508, 17.5304 ], [ 73.7265, 17.5165 ], [ 73.7157, 17.5055 ], [ 73.7171, 17.4921 ], [ 73.7044, 17.4853 ], [ 73.717, 17.4645 ], [ 73.7111, 17.4518 ], [ 73.7144, 17.4221 ], [ 73.6929, 17.4158 ], [ 73.6769, 17.3912 ], [ 73.6541, 17.39 ], [ 73.6916, 17.3622 ], [ 73.6959, 17.3125 ], [ 73.6873, 17.292 ], [ 73.6994, 17.284 ], [ 73.7034, 17.2364 ], [ 73.728, 17.2011 ], [ 73.7034, 17.1773 ], [ 73.7187, 17.166 ], [ 73.699, 17.157 ], [ 73.7011, 17.1421 ], [ 73.72, 17.1391 ], [ 73.7487, 17.1203 ], [ 73.7605, 17.1273 ], [ 73.778, 17.1075 ], [ 73.7904, 17.1063 ], [ 73.7978, 17.0918 ], [ 73.8166, 17.0843 ], [ 73.8129, 17.0603 ], [ 73.8262, 17.0622 ], [ 73.8434, 17.0526 ], [ 73.832, 17.0366 ], [ 73.8431, 17.0244 ], [ 73.8365, 17.0114 ], [ 73.8427, 16.9893 ], [ 73.7968, 16.9914 ], [ 73.775, 16.9612 ], [ 73.8046, 16.9288 ], [ 73.7994, 16.9065 ], [ 73.7577, 16.9034 ], [ 73.7538, 16.9152 ], [ 73.7488, 16.9112 ], [ 73.7483, 16.896 ], [ 73.7582, 16.9002 ], [ 73.7581, 16.8811 ], [ 73.777, 16.869 ], [ 73.7756, 16.8475 ], [ 73.7615, 16.8329 ], [ 73.7471, 16.8422 ], [ 73.7419, 16.8311 ], [ 73.7342, 16.8356 ], [ 73.7216, 16.8284 ], [ 73.7387, 16.8148 ], [ 73.7472, 16.8192 ], [ 73.7621, 16.8115 ], [ 73.7707, 16.7972 ], [ 73.7659, 16.7797 ], [ 73.7713, 16.7686 ], [ 73.7897, 16.7809 ], [ 73.8008, 16.7613 ], [ 73.828, 16.7635 ], [ 73.8437, 16.7458 ], [ 73.85, 16.7348 ], [ 73.8369, 16.7129 ], [ 73.8223, 16.705 ], [ 73.8693, 16.6791 ], [ 73.8622, 16.6717 ], [ 73.8747, 16.6684 ], [ 73.8659, 16.6503 ] ] ], [ [ [ 73.0824, 17.8182 ], [ 73.086, 17.8165 ], [ 73.0835, 17.814 ], [ 73.0824, 17.8182 ] ] ] ] } },
{ "type": "Feature", "properties": { "jurisdiction": "Sangli", "total_segments": 105.0, "flagged_segments": 2.0, "mean_sss": 58.2, "flagged_pct": 1.9 }, "geometry": { "type": "MultiPolygon", "coordinates": [ [ [ [ 74.4091, 16.8785 ], [ 74.3677, 16.852 ], [ 74.3615, 16.8684 ], [ 74.3043, 16.8904 ], [ 74.2885, 16.9141 ], [ 74.2643, 16.9032 ], [ 74.2509, 16.8838 ], [ 74.2394, 16.8865 ], [ 74.2304, 16.9093 ], [ 74.2201, 16.9041 ], [ 74.2193, 16.8909 ], [ 74.1775, 16.8968 ], [ 74.1554, 16.8825 ], [ 74.1417, 16.8881 ], [ 74.1288, 16.9101 ], [ 74.1056, 16.9072 ], [ 74.0979, 16.9134 ], [ 74.0742, 16.902 ], [ 74.0472, 16.9226 ], [ 74.0439, 16.9371 ], [ 74.0315, 16.9407 ], [ 74.0306, 16.9831 ], [ 74.0036, 16.9933 ], [ 73.9892, 16.9844 ], [ 73.9794, 16.9918 ], [ 73.9902, 17.012 ], [ 73.9891, 17.0328 ], [ 73.9419, 17.071 ], [ 73.9253, 17.0667 ], [ 73.9103, 17.101 ], [ 73.8867, 17.1154 ], [ 73.887, 17.129 ], [ 73.8772, 17.1302 ], [ 73.858, 17.1514 ], [ 73.8365, 17.1661 ], [ 73.7896, 17.1788 ], [ 73.7791, 17.17 ], [ 73.7861, 17.1506 ], [ 73.7592, 17.1509 ], [ 73.7566, 17.1725 ], [ 73.7414, 17.1661 ], [ 73.7034, 17.1773 ], [ 73.728, 17.2011 ], [ 73.7034, 17.2364 ], [ 73.7056, 17.2613 ], [ 73.7276, 17.2577 ], [ 73.7412, 17.2726 ], [ 73.7587, 17.2713 ], [ 73.7806, 17.2467 ], [ 73.8417, 17.2256 ], [ 73.8616, 17.1966 ], [ 73.8808, 17.188 ], [ 73.8956, 17.1532 ], [ 73.914, 17.1544 ], [ 73.9511, 17.1317 ], [ 73.9901, 17.1277 ], [ 73.9953, 17.1165 ], [ 74.0398, 17.0901 ], [ 74.0587, 17.1017 ], [ 74.1045, 17.1001 ], [ 74.1185, 17.1196 ], [ 74.1519, 17.1178 ], [ 74.1934, 17.1476 ], [ 74.2332, 17.1366 ], [ 74.2549, 17.1387 ], [ 74.2551, 17.1514 ], [ 74.2432, 17.1559 ], [ 74.2557, 17.159 ], [ 74.2577, 17.1674 ], [ 74.2856, 17.171 ], [ 74.2938, 17.1968 ], [ 74.2786, 17.2185 ], [ 74.2964, 17.2404 ], [ 74.2722, 17.2544 ], [ 74.2639, 17.2922 ], [ 74.2706, 17.3049 ], [ 74.3011, 17.3144 ], [ 74.2867, 17.3364 ], [ 74.2947, 17.3542 ], [ 74.2619, 17.3573 ], [ 74.269, 17.3832 ], [ 74.293, 17.4163 ], [ 74.3542, 17.4159 ], [ 74.3601, 17.408 ], [ 74.4181, 17.4007 ], [ 74.4437, 17.3877 ], [ 74.5004, 17.3819 ], [ 74.5325, 17.3989 ], [ 74.5404, 17.4152 ], [ 74.5954, 17.4134 ], [ 74.6159, 17.4415 ], [ 74.6333, 17.4214 ], [ 74.6406, 17.3975 ], [ 74.6648, 17.3994 ], [ 74.695, 17.3858 ], [ 74.6997, 17.3904 ], [ 74.6898, 17.4196 ], [ 74.7034, 17.4269 ], [ 74.7051, 17.454 ], [ 74.6948, 17.4841 ], [ 74.7605, 17.4731 ], [ 74.8148, 17.4508 ], [ 74.8657, 17.5054 ], [ 74.8631, 17.5551 ], [ 74.8835, 17.5676 ], [ 74.8872, 17.6024 ], [ 74.9154, 17.6279 ], [ 74.9143, 17.6187 ], [ 74.9317, 17.616 ], [ 74.9227, 17.5973 ], [ 74.9251, 17.5751 ], [ 74.9671, 17.5894 ], [ 74.9675, 17.5626 ], [ 74.9927, 17.5406 ], [ 74.945, 17.5116 ], [ 74.9689, 17.49 ], [ 74.9779, 17.4672 ], [ 74.9884, 17.4646 ], [ 75.036, 17.4933 ], [ 75.0446, 17.4728 ], [ 75.038, 17.4187 ], [ 75.0279, 17.4074 ], [ 75.0039, 17.4058 ], [ 75.0015, 17.3905 ], [ 75.011, 17.3668 ], [ 74.9728, 17.3395 ], [ 74.9658, 17.2922 ], [ 74.9448, 17.2845 ], [ 74.9416, 17.272 ], [ 74.9135, 17.273 ], [ 74.9006, 17.2356 ], [ 74.8805, 17.2194 ], [ 74.8829, 17.2107 ], [ 74.8553, 17.2097 ], [ 74.8633, 17.2035 ], [ 74.8767, 17.207 ], [ 74.8709, 17.1939 ], [ 74.8765, 17.1889 ], [ 74.9017, 17.1923 ], [ 74.8924, 17.1783 ], [ 74.9004, 17.1741 ], [ 74.9049, 17.181 ], [ 74.9094, 17.163 ], [ 74.9272, 17.1535 ], [ 74.9299, 17.1354 ], [ 74.8989, 17.1272 ], [ 74.901, 17.1181 ], [ 74.9217, 17.1126 ], [ 74.9167, 17.1194 ], [ 74.9337, 17.1292 ], [ 74.9705, 17.1249 ], [ 74.9741, 17.1336 ], [ 74.9613, 17.1694 ], [ 74.9695, 17.1926 ], [ 74.986, 17.1929 ], [ 74.9958, 17.2051 ], [ 75.0117, 17.207 ], [ 75.021, 17.2238 ], [ 75.083, 17.2205 ], [ 75.0784, 17.233 ], [ 75.0839, 17.2465 ], [ 75.1831, 17.2351 ], [ 75.1948, 17.2652 ], [ 75.207, 17.2675 ], [ 75.2281, 17.2543 ], [ 75.2508, 17.2537 ], [ 75.2423, 17.2148 ], [ 75.2169, 17.1978 ], [ 75.2357, 17.179 ], [ 75.2721, 17.1818 ], [ 75.2733, 17.1471 ], [ 75.2988, 17.1447 ], [ 75.3079, 17.1694 ], [ 75.2872, 17.1912 ], [ 75.2915, 17.2138 ], [ 75.3335, 17.2173 ], [ 75.3364, 17.2311 ], [ 75.3642, 17.2342 ], [ 75.3723, 17.2134 ], [ 75.3698, 17.1895 ], [ 75.4083, 17.1818 ], [ 75.4056, 17.2096 ], [ 75.4244, 17.2635 ], [ 75.4693, 17.2499 ], [ 75.4659, 17.2375 ], [ 75.5171, 17.2378 ], [ 75.5587, 17.2834 ], [ 75.606, 17.3033 ], [ 75.6247, 17.2938 ], [ 75.6323, 17.2722 ], [ 75.6575, 17.2706 ], [ 75.6639, 17.2138 ], [ 75.6426, 17.1882 ], [ 75.6307, 17.1862 ], [ 75.628, 17.1701 ], [ 75.6527, 17.1327 ], [ 75.6536, 17.1131 ], [ 75.6741, 17.1136 ], [ 75.6785, 17.0942 ], [ 75.6784, 17.0629 ], [ 75.6627, 17.0618 ], [ 75.6438, 17.0364 ], [ 75.654, 17.0306 ], [ 75.6722, 17.0357 ], [ 75.6688, 16.9778 ], [ 75.6784, 16.9639 ], [ 75.6714, 16.9585 ], [ 75.645, 16.951 ], [ 75.6363, 16.9658 ], [ 75.6107, 16.9696 ], [ 75.6095, 17.0031 ], [ 75.5758, 17.0078 ], [ 75.5699, 17.0062 ], [ 75.5703, 16.9636 ], [ 75.5329, 16.9667 ], [ 75.5107, 16.9473 ], [ 75.4925, 16.9429 ], [ 75.4897, 16.9654 ], [ 75.4679, 16.9853 ], [ 75.4438, 16.9795 ], [ 75.431, 16.9635 ], [ 75.3948, 16.9764 ], [ 75.3453, 16.9525 ], [ 75.2884, 16.9548 ], [ 75.2856, 16.9094 ], [ 75.2918, 16.9011 ], [ 75.2828, 16.8742 ], [ 75.2683, 16.8609 ], [ 75.2434, 16.8645 ], [ 75.23, 16.8409 ], [ 75.2159, 16.8403 ], [ 75.1832, 16.842 ], [ 75.1897, 16.8735 ], [ 75.1718, 16.8648 ], [ 75.1411, 16.8735 ], [ 75.1384, 16.8929 ], [ 75.1188, 16.91 ], [ 75.098, 16.9139 ], [ 75.0904, 16.9487 ], [ 75.0481, 16.9387 ], [ 75.0319, 16.9257 ], [ 75.0303, 16.9415 ], [ 75.0037, 16.9458 ], [ 74.9858, 16.929 ], [ 74.9695, 16.9359 ], [ 74.958, 16.9291 ], [ 74.9384, 16.941 ], [ 74.927, 16.9256 ], [ 74.9528, 16.9065 ], [ 74.9673, 16.9054 ], [ 74.9641, 16.8779 ], [ 74.9397, 16.8765 ], [ 74.912, 16.8559 ], [ 74.9159, 16.7857 ], [ 74.9238, 16.77 ], [ 74.855, 16.7708 ], [ 74.8503, 16.7603 ], [ 74.8004, 16.7457 ], [ 74.779, 16.7486 ], [ 74.7482, 16.7221 ], [ 74.7224, 16.7133 ], [ 74.6982, 16.7152 ], [ 74.7054, 16.7324 ], [ 74.6532, 16.7492 ], [ 74.6503, 16.7677 ], [ 74.6371, 16.7843 ], [ 74.6048, 16.7996 ], [ 74.5648, 16.8052 ], [ 74.555, 16.8292 ], [ 74.5227, 16.8552 ], [ 74.5197, 16.8381 ], [ 74.5036, 16.8276 ], [ 74.5018, 16.8541 ], [ 74.4861, 16.8642 ], [ 74.4761, 16.8658 ], [ 74.4668, 16.8501 ], [ 74.4201, 16.8404 ], [ 74.4113, 16.8488 ], [ 74.4216, 16.8758 ], [ 74.4091, 16.8785 ] ] ] ] } },
{ "type": "Feature", "properties": { "jurisdiction": "Satara", "total_segments": 119.0, "flagged_segments": 3.0, "mean_sss": 55.6, "flagged_pct": 2.5 }, "geometry": { "type": "MultiPolygon", "coordinates": [ [ [ [ 74.2856, 17.171 ], [ 74.2432, 17.1559 ], [ 74.2551, 17.1514 ], [ 74.2549, 17.1387 ], [ 74.2332, 17.1366 ], [ 74.1934, 17.1476 ], [ 74.1519, 17.1178 ], [ 74.1185, 17.1196 ], [ 74.1045, 17.1001 ], [ 74.0587, 17.1017 ], [ 74.0398, 17.0901 ], [ 73.9953, 17.1165 ], [ 73.9901, 17.1277 ], [ 73.9511, 17.1317 ], [ 73.914, 17.1544 ], [ 73.8956, 17.1532 ], [ 73.8808, 17.188 ], [ 73.8616, 17.1966 ], [ 73.8417, 17.2256 ], [ 73.7806, 17.2467 ], [ 73.7521, 17.2742 ], [ 73.7276, 17.2577 ], [ 73.7048, 17.2616 ], [ 73.6981, 17.2874 ], [ 73.6873, 17.292 ], [ 73.6959, 17.3125 ], [ 73.6916, 17.3622 ], [ 73.6541, 17.39 ], [ 73.6769, 17.3912 ], [ 73.6929, 17.4158 ], [ 73.7144, 17.4221 ], [ 73.7111, 17.4518 ], [ 73.717, 17.4645 ], [ 73.7044, 17.4853 ], [ 73.7171, 17.4921 ], [ 73.7157, 17.5055 ], [ 73.7265, 17.5165 ], [ 73.7508, 17.5304 ], [ 73.7559, 17.5551 ], [ 73.7259, 17.5727 ], [ 73.7385, 17.5898 ], [ 73.7253, 17.6059 ], [ 73.734, 17.6186 ], [ 73.7016, 17.6262 ], [ 73.7125, 17.657 ], [ 73.6908, 17.6765 ], [ 73.6982, 17.6865 ], [ 73.6689, 17.6945 ], [ 73.6632, 17.7059 ], [ 73.6449, 17.6985 ], [ 73.6246, 17.7116 ], [ 73.6036, 17.6985 ], [ 73.5763, 17.7209 ], [ 73.5986, 17.7638 ], [ 73.6006, 17.7774 ], [ 73.5932, 17.7864 ], [ 73.6123, 17.7938 ], [ 73.6048, 17.8166 ], [ 73.5929, 17.8259 ], [ 73.6061, 17.8468 ], [ 73.5867, 17.8573 ], [ 73.5859, 17.8757 ], [ 73.5705, 17.8905 ], [ 73.5448, 17.8928 ], [ 73.5846, 17.9269 ], [ 73.5857, 17.9424 ], [ 73.6044, 17.9347 ], [ 73.6454, 17.9675 ], [ 73.6356, 17.9837 ], [ 73.6655, 18.0123 ], [ 73.6596, 18.0216 ], [ 73.668, 18.0276 ], [ 73.7148, 18.0474 ], [ 73.7685, 18.0366 ], [ 73.7709, 18.0256 ], [ 73.8005, 18.0214 ], [ 73.8219, 18.0352 ], [ 73.8482, 18.0307 ], [ 73.8555, 18.0403 ], [ 73.8692, 18.0329 ], [ 73.8888, 18.0839 ], [ 73.8706, 18.1192 ], [ 73.8989, 18.1152 ], [ 73.9119, 18.1355 ], [ 73.8825, 18.1688 ], [ 73.9021, 18.1827 ], [ 73.9128, 18.1593 ], [ 73.9538, 18.18 ], [ 73.9979, 18.1488 ], [ 74.0115, 18.1559 ], [ 74.0394, 18.1311 ], [ 74.069, 18.1367 ], [ 74.0912, 18.1195 ], [ 74.1307, 18.1285 ], [ 74.1415, 18.1164 ], [ 74.1548, 18.1181 ], [ 74.1699, 18.1059 ], [ 74.1957, 18.1103 ], [ 74.2153, 18.0983 ], [ 74.2446, 18.0981 ], [ 74.3096, 18.0681 ], [ 74.3357, 18.0875 ], [ 74.3638, 18.0956 ], [ 74.3863, 18.07 ], [ 74.439, 18.0646 ], [ 74.4702, 18.0468 ], [ 74.4991, 18.0582 ], [ 74.5409, 18.0568 ], [ 74.5569, 18.0691 ], [ 74.5881, 18.0461 ], [ 74.5954, 18.0548 ], [ 74.6162, 18.0464 ], [ 74.634, 18.0549 ], [ 74.6463, 18.044 ], [ 74.6618, 18.0681 ], [ 74.6913, 18.0586 ], [ 74.6976, 18.0386 ], [ 74.7149, 18.0288 ], [ 74.6699, 18.0001 ], [ 74.6732, 17.9747 ], [ 74.6632, 17.929 ], [ 74.6402, 17.8998 ], [ 74.6403, 17.8717 ], [ 74.614, 17.8458 ], [ 74.6248, 17.8434 ], [ 74.6239, 17.833 ], [ 74.6342, 17.8313 ], [ 74.6352, 17.8381 ], [ 74.6476, 17.8284 ], [ 74.6448, 17.8344 ], [ 74.6661, 17.8606 ], [ 74.6839, 17.8493 ], [ 74.6904, 17.8093 ], [ 74.7063, 17.8044 ], [ 74.7008, 17.7904 ], [ 74.7109, 17.7917 ], [ 74.7071, 17.7849 ], [ 74.7161, 17.7832 ], [ 74.718, 17.7904 ], [ 74.7188, 17.7825 ], [ 74.7526, 17.7968 ], [ 74.7452, 17.787 ], [ 74.7611, 17.7791 ], [ 74.7556, 17.7661 ], [ 74.7488, 17.7694 ], [ 74.752, 17.7623 ], [ 74.7693, 17.7581 ], [ 74.7846, 17.7699 ], [ 74.8449, 17.7244 ], [ 74.8792, 17.7222 ], [ 74.8709, 17.6948 ], [ 74.8818, 17.6776 ], [ 74.8931, 17.6742 ], [ 74.9097, 17.6256 ], [ 74.8848, 17.5977 ], [ 74.8835, 17.5676 ], [ 74.8631, 17.5551 ], [ 74.8657, 17.5054 ], [ 74.8148, 17.4508 ], [ 74.7605, 17.4731 ], [ 74.6948, 17.4841 ], [ 74.7051, 17.454 ], [ 74.7034, 17.4269 ], [ 74.6898, 17.4196 ], [ 74.6997, 17.3904 ], [ 74.695, 17.3858 ], [ 74.6648, 17.3994 ], [ 74.6406, 17.3975 ], [ 74.6333, 17.4214 ], [ 74.6159, 17.4415 ], [ 74.5954, 17.4134 ], [ 74.5404, 17.4152 ], [ 74.5325, 17.3989 ], [ 74.5004, 17.3819 ], [ 74.4437, 17.3877 ], [ 74.4181, 17.4007 ], [ 74.3601, 17.408 ], [ 74.3542, 17.4159 ], [ 74.293, 17.4163 ], [ 74.269, 17.3832 ], [ 74.2619, 17.3573 ], [ 74.2947, 17.3542 ], [ 74.2867, 17.3364 ], [ 74.3011, 17.3144 ], [ 74.2706, 17.3049 ], [ 74.2639, 17.2922 ], [ 74.2722, 17.2544 ], [ 74.2964, 17.2404 ], [ 74.2786, 17.2185 ], [ 74.2938, 17.1968 ], [ 74.2856, 17.171 ] ] ] ] } },
{ "type": "Feature", "properties": { "jurisdiction": "Sindhudurg", "total_segments": 51.0, "flagged_segments": 1.0, "mean_sss": 47.8, "flagged_pct": 2.0 }, "geometry": { "type": "MultiPolygon", "coordinates": [ [ [ [ 73.9693, 15.6443 ], [ 73.9713, 15.6873 ], [ 73.9572, 15.6967 ], [ 73.9589, 15.7113 ], [ 73.9454, 15.7415 ], [ 73.8824, 15.7494 ], [ 73.8869, 15.7703 ], [ 73.8735, 15.7953 ], [ 73.8616, 15.7939 ], [ 73.857, 15.7782 ], [ 73.8388, 15.7609 ], [ 73.833, 15.7378 ], [ 73.8204, 15.7399 ], [ 73.7932, 15.7237 ], [ 73.7582, 15.7328 ], [ 73.737, 15.7173 ], [ 73.6801, 15.7244 ], [ 73.6485, 15.7457 ], [ 73.6665, 15.7568 ], [ 73.6746, 15.7532 ], [ 73.6687, 15.7582 ], [ 73.6632, 15.7576 ], [ 73.6543, 15.7876 ], [ 73.6621, 15.8051 ], [ 73.6526, 15.794 ], [ 73.6363, 15.8157 ], [ 73.6296, 15.8457 ], [ 73.6212, 15.8588 ], [ 73.6129, 15.8546 ], [ 73.5904, 15.9124 ], [ 73.5687, 15.9126 ], [ 73.5371, 15.9376 ], [ 73.5099, 15.9374 ], [ 73.5015, 15.9554 ], [ 73.506, 15.9682 ], [ 73.4887, 15.9879 ], [ 73.4832, 16.036 ], [ 73.4668, 16.054 ], [ 73.4549, 16.0551 ], [ 73.4676, 16.0713 ], [ 73.4571, 16.0807 ], [ 73.4626, 16.0863 ], [ 73.4574, 16.121 ], [ 73.4357, 16.199 ], [ 73.444, 16.1982 ], [ 73.4393, 16.2051 ], [ 73.4463, 16.2051 ], [ 73.449, 16.2079 ], [ 73.4424, 16.2068 ], [ 73.4474, 16.2246 ], [ 73.4299, 16.199 ], [ 73.411, 16.2735 ], [ 73.4149, 16.2832 ], [ 73.4335, 16.2838 ], [ 73.4357, 16.2865 ], [ 73.4171, 16.2857 ], [ 73.4168, 16.2924 ], [ 73.4104, 16.2779 ], [ 73.3938, 16.3146 ], [ 73.3954, 16.3318 ], [ 73.3854, 16.3365 ], [ 73.3893, 16.3621 ], [ 73.3943, 16.3549 ], [ 73.4104, 16.3582 ], [ 73.4112, 16.3621 ], [ 73.3679, 16.3635 ], [ 73.371, 16.3896 ], [ 73.3737, 16.3763 ], [ 73.3887, 16.3951 ], [ 73.4013, 16.3896 ], [ 73.4054, 16.4049 ], [ 73.3654, 16.3976 ], [ 73.3571, 16.4404 ], [ 73.3649, 16.4396 ], [ 73.3504, 16.446 ], [ 73.3251, 16.5138 ], [ 73.3162, 16.5135 ], [ 73.3174, 16.5307 ], [ 73.3101, 16.539 ], [ 73.3176, 16.5562 ], [ 73.3221, 16.5518 ], [ 73.3349, 16.5615 ], [ 73.3468, 16.5299 ], [ 73.3632, 16.5174 ], [ 73.349, 16.5043 ], [ 73.3668, 16.5132 ], [ 73.4063, 16.5089 ], [ 73.4291, 16.5161 ], [ 73.476, 16.4916 ], [ 73.491, 16.4974 ], [ 73.5055, 16.5168 ], [ 73.5241, 16.5139 ], [ 73.537, 16.5221 ], [ 73.5532, 16.5135 ], [ 73.5913, 16.5417 ], [ 73.6061, 16.5408 ], [ 73.6203, 16.551 ], [ 73.6335, 16.581 ], [ 73.643, 16.5781 ], [ 73.6492, 16.561 ], [ 73.6583, 16.5629 ], [ 73.6597, 16.5733 ], [ 73.6712, 16.5743 ], [ 73.6737, 16.5867 ], [ 73.6807, 16.5858 ], [ 73.6993, 16.6223 ], [ 73.7122, 16.6239 ], [ 73.7345, 16.6017 ], [ 73.7748, 16.6 ], [ 73.7841, 16.623 ], [ 73.7757, 16.644 ], [ 73.7819, 16.6611 ], [ 73.8427, 16.6466 ], [ 73.8627, 16.6487 ], [ 73.8721, 16.6068 ], [ 73.8527, 16.5839 ], [ 73.8562, 16.5694 ], [ 73.8416, 16.5448 ], [ 73.8271, 16.5433 ], [ 73.8571, 16.5247 ], [ 73.8524, 16.505 ], [ 73.8624, 16.4855 ], [ 73.873, 16.4736 ], [ 73.8935, 16.4731 ], [ 73.8971, 16.4558 ], [ 73.8963, 16.447 ], [ 73.8467, 16.4013 ], [ 73.8478, 16.3905 ], [ 73.8684, 16.383 ], [ 73.875, 16.372 ], [ 73.8662, 16.3568 ], [ 73.8446, 16.3442 ], [ 73.8576, 16.3236 ], [ 73.8501, 16.315 ], [ 73.8581, 16.3117 ], [ 73.856, 16.2984 ], [ 73.8657, 16.3133 ], [ 73.8751, 16.3075 ], [ 73.8958, 16.3268 ], [ 73.897, 16.3217 ], [ 73.9132, 16.3266 ], [ 73.9111, 16.3024 ], [ 73.8999, 16.2977 ], [ 73.8902, 16.2776 ], [ 73.9051, 16.2555 ], [ 73.9285, 16.2441 ], [ 73.9015, 16.2291 ], [ 73.926, 16.2284 ], [ 73.9524, 16.2412 ], [ 73.956, 16.2364 ], [ 73.9343, 16.2171 ], [ 73.9359, 16.1983 ], [ 73.9505, 16.2045 ], [ 73.968, 16.1985 ], [ 73.9505, 16.1849 ], [ 73.9551, 16.1704 ], [ 73.9245, 16.1706 ], [ 73.928, 16.1652 ], [ 73.9175, 16.1567 ], [ 73.9283, 16.1515 ], [ 73.9184, 16.1334 ], [ 73.8951, 16.1433 ], [ 73.876, 16.1446 ], [ 73.8759, 16.1365 ], [ 73.8546, 16.1505 ], [ 73.8637, 16.1338 ], [ 73.8446, 16.092 ], [ 73.8539, 16.0769 ], [ 73.8668, 16.0731 ], [ 73.8541, 16.0934 ], [ 73.869, 16.1053 ], [ 73.8821, 16.1045 ], [ 73.8737, 16.0955 ], [ 73.907, 16.0871 ], [ 73.9154, 16.098 ], [ 74.0056, 16.0865 ], [ 74.0009, 16.0757 ], [ 74.0144, 16.074 ], [ 74.0023, 16.0556 ], [ 74.0098, 16.0504 ], [ 74.0098, 16.0358 ], [ 74.0564, 16.0322 ], [ 74.0644, 16.0491 ], [ 74.095, 16.0137 ], [ 74.0984, 16.0045 ], [ 74.0537, 15.9547 ], [ 74.0738, 15.9386 ], [ 74.0812, 15.9462 ], [ 74.1014, 15.8955 ], [ 74.1003, 15.8696 ], [ 74.0401, 15.8319 ], [ 74.0502, 15.7688 ], [ 74.037, 15.7622 ], [ 74.0598, 15.7524 ], [ 74.0872, 15.7664 ], [ 74.0643, 15.7721 ], [ 74.0565, 15.8046 ], [ 74.0742, 15.8114 ], [ 74.0779, 15.8311 ], [ 74.1022, 15.8375 ], [ 74.1109, 15.8373 ], [ 74.1188, 15.8195 ], [ 74.1517, 15.8295 ], [ 74.1492, 15.8195 ], [ 74.1665, 15.8193 ], [ 74.1626, 15.7857 ], [ 74.1806, 15.7722 ], [ 74.2074, 15.7832 ], [ 74.2174, 15.7788 ], [ 74.2044, 15.7534 ], [ 74.1677, 15.7493 ], [ 74.1601, 15.7343 ], [ 74.1306, 15.7179 ], [ 74.1415, 15.7004 ], [ 74.1336, 15.6784 ], [ 74.0965, 15.6708 ], [ 74.126, 15.6503 ], [ 74.1228, 15.6452 ], [ 74.0806, 15.6262 ], [ 74.0393, 15.6209 ], [ 74.0279, 15.6046 ], [ 74.0024, 15.6091 ], [ 73.976, 15.6289 ], [ 73.9693, 15.6443 ] ] ], [ [ [ 73.4546, 15.8885 ], [ 73.4568, 15.8888 ], [ 73.4568, 15.8871 ], [ 73.4546, 15.8885 ] ] ], [ [ [ 73.4615, 15.889 ], [ 73.4646, 15.8888 ], [ 73.4643, 15.8868 ], [ 73.4615, 15.889 ] ] ], [ [ [ 73.4651, 15.8957 ], [ 73.4676, 15.894 ], [ 73.4662, 15.8935 ], [ 73.4651, 15.8957 ] ] ], [ [ [ 73.4571, 16.0418 ], [ 73.4624, 16.0435 ], [ 73.4604, 16.0388 ], [ 73.4571, 16.0418 ] ] ], [ [ [ 73.4424, 16.1026 ], [ 73.4443, 16.1015 ], [ 73.4437, 16.0996 ], [ 73.4424, 16.1026 ] ] ] ] } },
{ "type": "Feature", "properties": { "jurisdiction": "Solapur", "total_segments": 228.0, "flagged_segments": 5.0, "mean_sss": 51.4, "flagged_pct": 2.2 }, "geometry": { "type": "MultiPolygon", "coordinates": [ [ [ [ 74.9103, 17.2691 ], [ 74.9416, 17.272 ], [ 74.9448, 17.2845 ], [ 74.9658, 17.2922 ], [ 74.9728, 17.3395 ], [ 75.011, 17.3668 ], [ 75.0024, 17.403 ], [ 75.0279, 17.4074 ], [ 75.038, 17.4187 ], [ 75.0446, 17.4728 ], [ 75.0397, 17.49 ], [ 75.0181, 17.4866 ], [ 74.9844, 17.4634 ], [ 74.9689, 17.49 ], [ 74.9459, 17.5095 ], [ 74.9481, 17.517 ], [ 74.9673, 17.5213 ], [ 74.9927, 17.5406 ], [ 74.9675, 17.5626 ], [ 74.9671, 17.5894 ], [ 74.9251, 17.5751 ], [ 74.9227, 17.5973 ], [ 74.9317, 17.616 ], [ 74.9143, 17.6187 ], [ 74.8931, 17.6742 ], [ 74.8818, 17.6776 ], [ 74.8709, 17.6948 ], [ 74.8776, 17.7252 ], [ 74.8449, 17.7244 ], [ 74.7846, 17.7699 ], [ 74.7693, 17.7581 ], [ 74.752, 17.7623 ], [ 74.7488, 17.7694 ], [ 74.7556, 17.7661 ], [ 74.7611, 17.7791 ], [ 74.7452, 17.787 ], [ 74.7526, 17.7968 ], [ 74.7188, 17.7825 ], [ 74.718, 17.7904 ], [ 74.7161, 17.7832 ], [ 74.7071, 17.7849 ], [ 74.7109, 17.7917 ], [ 74.7008, 17.7904 ], [ 74.7063, 17.8044 ], [ 74.6904, 17.8093 ], [ 74.6839, 17.8493 ], [ 74.6661, 17.8606 ], [ 74.6448, 17.8344 ], [ 74.6476, 17.8284 ], [ 74.6352, 17.8381 ], [ 74.6342, 17.8313 ], [ 74.6239, 17.833 ], [ 74.6248, 17.8434 ], [ 74.614, 17.8458 ], [ 74.6403, 17.8717 ], [ 74.6402, 17.8998 ], [ 74.6632, 17.929 ], [ 74.6732, 17.9747 ], [ 74.6699, 18.0001 ], [ 74.7149, 18.0288 ], [ 74.7527, 18.018 ], [ 74.7682, 18.0236 ], [ 74.812, 17.996 ], [ 74.8137, 18.0138 ], [ 74.8204, 18.0161 ], [ 74.8372, 17.9921 ], [ 74.8689, 17.9894 ], [ 74.8514, 17.9472 ], [ 74.8739, 17.9502 ], [ 74.9009, 17.9368 ], [ 74.9155, 17.9443 ], [ 74.9432, 17.9393 ], [ 74.9475, 17.9241 ], [ 74.9661, 17.9143 ], [ 75.0215, 17.9068 ], [ 75.0277, 17.8914 ], [ 75.0431, 17.9026 ], [ 75.0581, 17.9013 ], [ 75.0501, 17.9169 ], [ 75.0563, 17.9238 ], [ 75.0758, 17.9137 ], [ 75.093, 17.9225 ], [ 75.0881, 17.9381 ], [ 75.1032, 17.9417 ], [ 75.1145, 17.934 ], [ 75.1309, 17.9498 ], [ 75.1329, 17.9573 ], [ 75.1208, 17.9678 ], [ 75.1384, 17.969 ], [ 75.1235, 17.9973 ], [ 75.1125, 17.9925 ], [ 75.1061, 17.9726 ], [ 75.0742, 17.9752 ], [ 75.0544, 17.946 ], [ 75.0253, 17.9614 ], [ 75.0329, 17.9879 ], [ 75.0563, 18.0197 ], [ 75.0873, 18.0415 ], [ 75.0958, 18.0656 ], [ 75.1337, 18.0749 ], [ 75.141, 18.0911 ], [ 75.1664, 18.106 ], [ 75.1613, 18.1205 ], [ 75.0973, 18.1218 ], [ 75.0952, 18.1456 ], [ 75.1176, 18.1991 ], [ 75.1131, 18.2139 ], [ 75.1006, 18.2208 ], [ 75.0855, 18.2175 ], [ 75.063, 18.1972 ], [ 75.0257, 18.1871 ], [ 75.0123, 18.2117 ], [ 75.0484, 18.2531 ], [ 75.0484, 18.2618 ], [ 74.997, 18.2406 ], [ 74.9551, 18.2631 ], [ 74.8994, 18.2586 ], [ 74.881, 18.247 ], [ 74.8464, 18.2429 ], [ 74.7997, 18.284 ], [ 74.8086, 18.3011 ], [ 74.8411, 18.2946 ], [ 74.8507, 18.2996 ], [ 74.8383, 18.3389 ], [ 74.866, 18.3335 ], [ 74.8755, 18.3526 ], [ 74.9115, 18.3559 ], [ 74.9199, 18.3769 ], [ 74.9693, 18.3849 ], [ 74.9875, 18.3995 ], [ 75.0079, 18.4027 ], [ 75.02, 18.4365 ], [ 75.0539, 18.4295 ], [ 75.0626, 18.4198 ], [ 75.0822, 18.4203 ], [ 75.0961, 18.4336 ], [ 75.109, 18.4891 ], [ 75.129, 18.4937 ], [ 75.1382, 18.5261 ], [ 75.1627, 18.5198 ], [ 75.2004, 18.5284 ], [ 75.2184, 18.5543 ], [ 75.2307, 18.5432 ], [ 75.2429, 18.5434 ], [ 75.2642, 18.5087 ], [ 75.3171, 18.5184 ], [ 75.3023, 18.4981 ], [ 75.3065, 18.4342 ], [ 75.2881, 18.4077 ], [ 75.3095, 18.3919 ], [ 75.3215, 18.3964 ], [ 75.3303, 18.387 ], [ 75.3368, 18.3902 ], [ 75.3628, 18.3697 ], [ 75.3921, 18.3285 ], [ 75.4088, 18.3264 ], [ 75.3966, 18.3076 ], [ 75.4036, 18.2971 ], [ 75.3994, 18.2647 ], [ 75.4345, 18.2612 ], [ 75.4267, 18.2407 ], [ 75.43, 18.2191 ], [ 75.441, 18.2076 ], [ 75.4326, 18.1773 ], [ 75.4675, 18.1607 ], [ 75.4723, 18.1741 ], [ 75.4932, 18.1735 ], [ 75.4932, 18.1558 ], [ 75.5102, 18.159 ], [ 75.5353, 18.1338 ], [ 75.5528, 18.1443 ], [ 75.5489, 18.1631 ], [ 75.5565, 18.2006 ], [ 75.5767, 18.2396 ], [ 75.6345, 18.2474 ], [ 75.6352, 18.2639 ], [ 75.6206, 18.2738 ], [ 75.6533, 18.3301 ], [ 75.6912, 18.3238 ], [ 75.7052, 18.3382 ], [ 75.7215, 18.3372 ], [ 75.7332, 18.3601 ], [ 75.7293, 18.3857 ], [ 75.7101, 18.3956 ], [ 75.7298, 18.4337 ], [ 75.765, 18.4396 ], [ 75.7753, 18.4114 ], [ 75.7999, 18.3837 ], [ 75.8256, 18.3801 ], [ 75.8525, 18.3641 ], [ 75.8879, 18.3631 ], [ 75.9054, 18.3244 ], [ 75.9251, 18.3017 ], [ 75.928, 18.2601 ], [ 75.9487, 18.2378 ], [ 75.9398, 18.2114 ], [ 75.961, 18.1582 ], [ 75.943, 18.1226 ], [ 75.9622, 18.0889 ], [ 75.9934, 18.0928 ], [ 76.0005, 18.0715 ], [ 75.9924, 18.0608 ], [ 76.0166, 18.0386 ], [ 75.9989, 17.9935 ], [ 75.9862, 17.9891 ], [ 75.9843, 17.974 ], [ 75.9763, 17.9697 ], [ 75.9616, 17.9787 ], [ 75.9191, 17.9732 ], [ 75.9115, 17.9975 ], [ 75.9007, 18.0057 ], [ 75.8706, 18.0124 ], [ 75.853, 18.0056 ], [ 75.8404, 17.9776 ], [ 75.8475, 17.9774 ], [ 75.8391, 17.938 ], [ 75.8524, 17.919 ], [ 75.8463, 17.891 ], [ 75.8589, 17.8629 ], [ 75.8771, 17.845 ], [ 75.9202, 17.8312 ], [ 75.9403, 17.8507 ], [ 75.9689, 17.8176 ], [ 75.977, 17.8188 ], [ 75.9785, 17.8412 ], [ 76.0188, 17.8279 ], [ 76.0066, 17.7489 ], [ 76.0279, 17.7647 ], [ 76.0564, 17.7641 ], [ 76.0965, 17.7774 ], [ 76.1032, 17.7713 ], [ 76.1001, 17.76 ], [ 76.1224, 17.7678 ], [ 76.1454, 17.753 ], [ 76.1482, 17.7315 ], [ 76.1761, 17.7297 ], [ 76.1663, 17.7127 ], [ 76.1498, 17.7169 ], [ 76.1496, 17.6977 ], [ 76.1662, 17.6986 ], [ 76.1663, 17.6915 ], [ 76.1897, 17.681 ], [ 76.2392, 17.6965 ], [ 76.271, 17.7261 ], [ 76.2987, 17.7276 ], [ 76.3156, 17.7141 ], [ 76.3186, 17.6956 ], [ 76.3554, 17.6947 ], [ 76.3609, 17.6852 ], [ 76.3785, 17.684 ], [ 76.3805, 17.658 ], [ 76.4287, 17.6444 ], [ 76.4157, 17.6042 ], [ 76.3317, 17.5949 ], [ 76.34, 17.5426 ], [ 76.3609, 17.5363 ], [ 76.3661, 17.5222 ], [ 76.3463, 17.5115 ], [ 76.3435, 17.4944 ], [ 76.375, 17.4935 ], [ 76.35, 17.4721 ], [ 76.3308, 17.4688 ], [ 76.3337, 17.4323 ], [ 76.3732, 17.4344 ], [ 76.362, 17.3751 ], [ 76.4081, 17.3693 ], [ 76.4106, 17.3477 ], [ 76.393, 17.3363 ], [ 76.3817, 17.3118 ], [ 76.3523, 17.3106 ], [ 76.3436, 17.3499 ], [ 76.313, 17.3433 ], [ 76.3172, 17.3294 ], [ 76.2759, 17.3305 ], [ 76.2702, 17.3565 ], [ 76.25, 17.3579 ], [ 76.2444, 17.3747 ], [ 76.229, 17.3632 ], [ 76.1723, 17.3487 ], [ 76.1838, 17.311 ], [ 76.1758, 17.2972 ], [ 76.1638, 17.3003 ], [ 76.1631, 17.3409 ], [ 76.1212, 17.3663 ], [ 76.096, 17.3578 ], [ 76.0869, 17.3337 ], [ 76.0787, 17.3301 ], [ 76.0545, 17.3543 ], [ 76.0155, 17.3506 ], [ 76.0003, 17.3377 ], [ 75.9312, 17.3241 ], [ 75.8937, 17.3536 ], [ 75.8964, 17.395 ], [ 75.8872, 17.4173 ], [ 75.8784, 17.4165 ], [ 75.8789, 17.4003 ], [ 75.862, 17.3859 ], [ 75.856, 17.4077 ], [ 75.8247, 17.4228 ], [ 75.8151, 17.3738 ], [ 75.8023, 17.3701 ], [ 75.7823, 17.3788 ], [ 75.7698, 17.4068 ], [ 75.737, 17.4219 ], [ 75.7152, 17.4089 ], [ 75.6912, 17.4126 ], [ 75.6776, 17.458 ], [ 75.6356, 17.4775 ], [ 75.6101, 17.4195 ], [ 75.6158, 17.3919 ], [ 75.5785, 17.3829 ], [ 75.5848, 17.3498 ], [ 75.6131, 17.3423 ], [ 75.616, 17.3288 ], [ 75.606, 17.3033 ], [ 75.5587, 17.2834 ], [ 75.5171, 17.2378 ], [ 75.4659, 17.2375 ], [ 75.4693, 17.2499 ], [ 75.4244, 17.2635 ], [ 75.4056, 17.2096 ], [ 75.4083, 17.1818 ], [ 75.3698, 17.1895 ], [ 75.3723, 17.2134 ], [ 75.3642, 17.2342 ], [ 75.3364, 17.2311 ], [ 75.3335, 17.2173 ], [ 75.2915, 17.2138 ], [ 75.2872, 17.1912 ], [ 75.3079, 17.1694 ], [ 75.2988, 17.1447 ], [ 75.2733, 17.1471 ], [ 75.2721, 17.1818 ], [ 75.2357, 17.179 ], [ 75.2227, 17.188 ], [ 75.2169, 17.1978 ], [ 75.2423, 17.2148 ], [ 75.2508, 17.2537 ], [ 75.2281, 17.2543 ], [ 75.207, 17.2675 ], [ 75.1948, 17.2652 ], [ 75.1831, 17.2351 ], [ 75.0918, 17.2477 ], [ 75.0789, 17.2369 ], [ 75.083, 17.2205 ], [ 75.021, 17.2238 ], [ 75.0117, 17.207 ], [ 74.9675, 17.1895 ], [ 74.9613, 17.1694 ], [ 74.9741, 17.1336 ], [ 74.9705, 17.1249 ], [ 74.9337, 17.1292 ], [ 74.9167, 17.1194 ], [ 74.9217, 17.1126 ], [ 74.901, 17.1181 ], [ 74.8989, 17.1272 ], [ 74.9299, 17.1354 ], [ 74.9272, 17.1535 ], [ 74.9094, 17.163 ], [ 74.9049, 17.181 ], [ 74.9004, 17.1741 ], [ 74.8924, 17.1783 ], [ 74.9017, 17.1923 ], [ 74.8765, 17.1889 ], [ 74.8709, 17.1939 ], [ 74.8767, 17.207 ], [ 74.8633, 17.2035 ], [ 74.8553, 17.2097 ], [ 74.8829, 17.2107 ], [ 74.8805, 17.2194 ], [ 74.8904, 17.2212 ], [ 74.8904, 17.2308 ], [ 74.9039, 17.2411 ], [ 74.9103, 17.2691 ] ] ] ] } },
{ "type": "Feature", "properties": { "jurisdiction": "Thane", "total_segments": 137.0, "flagged_segments": 1.0, "mean_sss": 33.2, "flagged_pct": 0.7 }, "geometry": { "type": "MultiPolygon", "coordinates": [ [ [ [ 72.9491, 19.2042 ], [ 72.9196, 19.2459 ], [ 72.8687, 19.2683 ], [ 72.8422, 19.266 ], [ 72.8374, 19.2571 ], [ 72.839, 19.2676 ], [ 72.8365, 19.2512 ], [ 72.8262, 19.2488 ], [ 72.8128, 19.26 ], [ 72.7846, 19.2657 ], [ 72.7782, 19.279 ], [ 72.7838, 19.2804 ], [ 72.7862, 19.3071 ], [ 72.8088, 19.3029 ], [ 72.8562, 19.3154 ], [ 72.8717, 19.3129 ], [ 72.9121, 19.284 ], [ 72.9174, 19.2876 ], [ 72.9053, 19.2984 ], [ 72.9184, 19.29 ], [ 72.949, 19.2895 ], [ 72.9638, 19.3018 ], [ 72.953, 19.3145 ], [ 72.951, 19.3321 ], [ 72.9585, 19.372 ], [ 72.9733, 19.3789 ], [ 72.9678, 19.3975 ], [ 72.9871, 19.394 ], [ 72.985, 19.4072 ], [ 73.008, 19.4172 ], [ 73.0304, 19.446 ], [ 73.0025, 19.4722 ], [ 73.0014, 19.4883 ], [ 73.0121, 19.5024 ], [ 73.0281, 19.5044 ], [ 73.0389, 19.4925 ], [ 73.0605, 19.491 ], [ 73.0685, 19.4789 ], [ 73.1416, 19.4993 ], [ 73.1458, 19.5143 ], [ 73.1759, 19.5204 ], [ 73.2213, 19.5553 ], [ 73.2035, 19.5955 ], [ 73.2399, 19.6004 ], [ 73.2433, 19.6126 ], [ 73.2593, 19.607 ], [ 73.266, 19.6263 ], [ 73.2916, 19.6174 ], [ 73.2772, 19.6653 ], [ 73.2863, 19.6656 ], [ 73.2939, 19.6897 ], [ 73.332, 19.6705 ], [ 73.3422, 19.6926 ], [ 73.3621, 19.6865 ], [ 73.369, 19.6682 ], [ 73.3809, 19.675 ], [ 73.3793, 19.6863 ], [ 73.4274, 19.6933 ], [ 73.4262, 19.7014 ], [ 73.4442, 19.6988 ], [ 73.4595, 19.7132 ], [ 73.4888, 19.7222 ], [ 73.5291, 19.7018 ], [ 73.5604, 19.6503 ], [ 73.5724, 19.6424 ], [ 73.5747, 19.6165 ], [ 73.5951, 19.6087 ], [ 73.5863, 19.6014 ], [ 73.6288, 19.5871 ], [ 73.6372, 19.5726 ], [ 73.6348, 19.5428 ], [ 73.6436, 19.5328 ], [ 73.6649, 19.5348 ], [ 73.6768, 19.5143 ], [ 73.6949, 19.5162 ], [ 73.7175, 19.4964 ], [ 73.7156, 19.4831 ], [ 73.6842, 19.4626 ], [ 73.6993, 19.4393 ], [ 73.7373, 19.4303 ], [ 73.7382, 19.4145 ], [ 73.7611, 19.4095 ], [ 73.7635, 19.397 ], [ 73.7897, 19.3861 ], [ 73.8061, 19.3362 ], [ 73.8024, 19.3303 ], [ 73.783, 19.3396 ], [ 73.7826, 19.33 ], [ 73.7566, 19.3274 ], [ 73.761, 19.3342 ], [ 73.7244, 19.3265 ], [ 73.6825, 19.3026 ], [ 73.6802, 19.2881 ], [ 73.7046, 19.2567 ], [ 73.699, 19.2442 ], [ 73.6712, 19.239 ], [ 73.642, 19.202 ], [ 73.6356, 19.2097 ], [ 73.6231, 19.2061 ], [ 73.6179, 19.1892 ], [ 73.5537, 19.1827 ], [ 73.5499, 19.1596 ], [ 73.5423, 19.1553 ], [ 73.5543, 19.1423 ], [ 73.5489, 19.1216 ], [ 73.524, 19.1304 ], [ 73.4961, 19.1244 ], [ 73.4821, 19.1346 ], [ 73.4419, 19.1271 ], [ 73.4121, 19.1343 ], [ 73.3602, 19.1283 ], [ 73.3212, 19.1069 ], [ 73.3271, 19.0815 ], [ 73.3107, 19.0745 ], [ 73.3102, 19.0817 ], [ 73.2898, 19.084 ], [ 73.2734, 19.0655 ], [ 73.2571, 19.0633 ], [ 73.2088, 19.1242 ], [ 73.1876, 19.1084 ], [ 73.1651, 19.1124 ], [ 73.1551, 19.1254 ], [ 73.1414, 19.1095 ], [ 73.0754, 19.1099 ], [ 73.0584, 19.0971 ], [ 73.0598, 19.0268 ], [ 73.0424, 18.9988 ], [ 73.0029, 19.0015 ], [ 73.0037, 19.0293 ], [ 72.9921, 19.0596 ], [ 72.9626, 19.0582 ], [ 72.9596, 19.0667 ], [ 72.9452, 19.0593 ], [ 72.9419, 19.061 ], [ 72.9592, 19.0687 ], [ 72.9571, 19.0878 ], [ 72.944, 19.0953 ], [ 72.958, 19.0893 ], [ 72.9499, 19.109 ], [ 72.9601, 19.1009 ], [ 72.9685, 19.1226 ], [ 72.9637, 19.1338 ], [ 72.9696, 19.1273 ], [ 72.9847, 19.1727 ], [ 72.9492, 19.1889 ], [ 72.9491, 19.2042 ] ] ] ] } },
{ "type": "Feature", "properties": { "jurisdiction": "Wardha", "total_segments": 50.0, "flagged_segments": 4.0, "mean_sss": 60.2, "flagged_pct": 8.0 }, "geometry": { "type": "MultiPolygon", "coordinates": [ [ [ [ 78.9454, 20.4282 ], [ 78.8939, 20.437 ], [ 78.8662, 20.4215 ], [ 78.8365, 20.4309 ], [ 78.8504, 20.4088 ], [ 78.8212, 20.4018 ], [ 78.8141, 20.3927 ], [ 78.8227, 20.3619 ], [ 78.8185, 20.3491 ], [ 78.8283, 20.3333 ], [ 78.8248, 20.3186 ], [ 78.8067, 20.3123 ], [ 78.7966, 20.2975 ], [ 78.7331, 20.2927 ], [ 78.729, 20.3046 ], [ 78.7031, 20.3092 ], [ 78.7062, 20.3491 ], [ 78.6873, 20.3567 ], [ 78.6771, 20.381 ], [ 78.642, 20.4195 ], [ 78.6427, 20.4319 ], [ 78.6146, 20.4319 ], [ 78.6062, 20.4423 ], [ 78.5989, 20.4286 ], [ 78.566, 20.4325 ], [ 78.5325, 20.4632 ], [ 78.5308, 20.4798 ], [ 78.5044, 20.5199 ], [ 78.4762, 20.5287 ], [ 78.4493, 20.5121 ], [ 78.4298, 20.5182 ], [ 78.4079, 20.5118 ], [ 78.3738, 20.5305 ], [ 78.3553, 20.5271 ], [ 78.336, 20.5436 ], [ 78.2754, 20.5629 ], [ 78.2595, 20.58 ], [ 78.2455, 20.6437 ], [ 78.2625, 20.6619 ], [ 78.275, 20.6971 ], [ 78.2921, 20.6975 ], [ 78.3037, 20.724 ], [ 78.3057, 20.7591 ], [ 78.2897, 20.7787 ], [ 78.291, 20.8033 ], [ 78.3133, 20.8239 ], [ 78.3047, 20.8353 ], [ 78.2893, 20.8285 ], [ 78.2877, 20.8406 ], [ 78.2755, 20.8448 ], [ 78.2512, 20.8874 ], [ 78.2116, 20.9093 ], [ 78.2003, 20.9005 ], [ 78.18, 20.9057 ], [ 78.1652, 20.9421 ], [ 78.1418, 20.9533 ], [ 78.1452, 20.9871 ], [ 78.1332, 21.0053 ], [ 78.1429, 21.0239 ], [ 78.136, 21.0362 ], [ 78.1469, 21.0456 ], [ 78.1496, 21.0762 ], [ 78.1433, 21.1009 ], [ 78.1279, 21.1143 ], [ 78.141, 21.1385 ], [ 78.0903, 21.1784 ], [ 78.0945, 21.2007 ], [ 78.0696, 21.2211 ], [ 78.0675, 21.2369 ], [ 78.0513, 21.2507 ], [ 78.0569, 21.2758 ], [ 78.0774, 21.2794 ], [ 78.0637, 21.3004 ], [ 78.0755, 21.3297 ], [ 78.0708, 21.355 ], [ 78.1009, 21.3564 ], [ 78.1459, 21.3429 ], [ 78.1536, 21.3314 ], [ 78.2557, 21.3309 ], [ 78.2904, 21.2961 ], [ 78.3088, 21.2933 ], [ 78.3029, 21.2752 ], [ 78.3216, 21.2726 ], [ 78.3283, 21.2519 ], [ 78.4023, 21.2388 ], [ 78.4146, 21.229 ], [ 78.4418, 21.2354 ], [ 78.4733, 21.2208 ], [ 78.5136, 21.1762 ], [ 78.5208, 21.154 ], [ 78.55, 21.1189 ], [ 78.5915, 21.1096 ], [ 78.5936, 21.0911 ], [ 78.6057, 21.0895 ], [ 78.6019, 21.0702 ], [ 78.6382, 21.0604 ], [ 78.647, 21.0368 ], [ 78.6835, 21.0303 ], [ 78.7258, 21.0054 ], [ 78.7215, 20.9725 ], [ 78.7299, 20.9477 ], [ 78.7442, 20.9439 ], [ 78.7408, 20.9361 ], [ 78.7607, 20.9215 ], [ 78.7733, 20.8918 ], [ 78.8044, 20.8766 ], [ 78.8269, 20.8936 ], [ 78.8372, 20.8911 ], [ 78.8358, 20.8809 ], [ 78.8594, 20.8718 ], [ 78.8587, 20.8426 ], [ 78.8697, 20.8271 ], [ 78.8831, 20.8422 ], [ 78.9106, 20.8355 ], [ 78.9101, 20.8067 ], [ 78.9413, 20.7942 ], [ 78.9398, 20.7672 ], [ 78.9682, 20.7544 ], [ 78.9921, 20.7541 ], [ 78.9945, 20.7426 ], [ 79.0142, 20.7362 ], [ 79.0473, 20.7344 ], [ 79.048, 20.7264 ], [ 79.0686, 20.7237 ], [ 79.0866, 20.708 ], [ 79.0985, 20.7122 ], [ 79.1013, 20.6857 ], [ 79.1372, 20.6758 ], [ 79.1438, 20.6515 ], [ 79.1647, 20.6429 ], [ 79.165, 20.6243 ], [ 79.1805, 20.6186 ], [ 79.1869, 20.5959 ], [ 79.2037, 20.5972 ], [ 79.219, 20.5818 ], [ 79.2086, 20.5461 ], [ 79.1861, 20.5324 ], [ 79.1737, 20.5103 ], [ 79.166, 20.5121 ], [ 79.1509, 20.4763 ], [ 79.1337, 20.4772 ], [ 79.125, 20.4537 ], [ 79.108, 20.4497 ], [ 79.0908, 20.4596 ], [ 79.0463, 20.4637 ], [ 79.0412, 20.4732 ], [ 79.0184, 20.4782 ], [ 78.9964, 20.4474 ], [ 78.9828, 20.4627 ], [ 78.9785, 20.4561 ], [ 78.9631, 20.4583 ], [ 78.9583, 20.4358 ], [ 78.9454, 20.4282 ] ] ] ] } },
{ "type": "Feature", "properties": { "jurisdiction": "Washim", "total_segments": 30.0, "flagged_segments": 1.0, "mean_sss": 49.7, "flagged_pct": 3.3 }, "geometry": { "type": "MultiPolygon", "coordinates": [ [ [ [ 76.6456, 19.8663 ], [ 76.6553, 19.8978 ], [ 76.6462, 19.9007 ], [ 76.6105, 19.8912 ], [ 76.6137, 19.9079 ], [ 76.6055, 19.9218 ], [ 76.6322, 19.9273 ], [ 76.6368, 19.9593 ], [ 76.6581, 19.9638 ], [ 76.6585, 19.9771 ], [ 76.6442, 19.9826 ], [ 76.6575, 20.0016 ], [ 76.6612, 20.0489 ], [ 76.6236, 20.0507 ], [ 76.6291, 20.0833 ], [ 76.6355, 20.0704 ], [ 76.6464, 20.0694 ], [ 76.6478, 20.0847 ], [ 76.6595, 20.0985 ], [ 76.6574, 20.1139 ], [ 76.6695, 20.1274 ], [ 76.7048, 20.1234 ], [ 76.7571, 20.1317 ], [ 76.7604, 20.1627 ], [ 76.7479, 20.1673 ], [ 76.7456, 20.2058 ], [ 76.7852, 20.2041 ], [ 76.795, 20.2203 ], [ 76.8098, 20.2206 ], [ 76.8252, 20.247 ], [ 76.8214, 20.2645 ], [ 76.828, 20.2681 ], [ 76.8202, 20.2815 ], [ 76.8353, 20.3008 ], [ 76.8575, 20.3006 ], [ 76.8711, 20.2794 ], [ 76.8811, 20.2833 ], [ 76.8829, 20.2987 ], [ 76.9068, 20.3151 ], [ 76.8903, 20.3192 ], [ 76.8984, 20.3417 ], [ 76.9188, 20.3612 ], [ 76.9285, 20.3604 ], [ 76.9326, 20.3715 ], [ 76.9497, 20.3656 ], [ 76.9775, 20.3731 ], [ 76.9747, 20.3837 ], [ 76.9957, 20.3959 ], [ 76.9917, 20.4097 ], [ 77.0154, 20.4139 ], [ 77.0134, 20.4305 ], [ 77.0225, 20.4515 ], [ 77.0528, 20.4497 ], [ 77.057, 20.4397 ], [ 77.076, 20.4387 ], [ 77.0833, 20.4224 ], [ 77.1213, 20.4109 ], [ 77.1386, 20.3836 ], [ 77.1497, 20.402 ], [ 77.19, 20.4081 ], [ 77.1945, 20.4216 ], [ 77.1822, 20.4307 ], [ 77.1842, 20.4499 ], [ 77.2225, 20.4491 ], [ 77.2387, 20.4295 ], [ 77.2457, 20.4275 ], [ 77.2479, 20.4385 ], [ 77.2927, 20.4208 ], [ 77.2984, 20.4485 ], [ 77.3304, 20.452 ], [ 77.3458, 20.466 ], [ 77.3397, 20.4706 ], [ 77.3435, 20.4801 ], [ 77.3243, 20.4863 ], [ 77.3262, 20.4997 ], [ 77.3684, 20.4989 ], [ 77.3645, 20.4808 ], [ 77.3781, 20.4841 ], [ 77.395, 20.527 ], [ 77.3681, 20.5287 ], [ 77.3638, 20.5209 ], [ 77.3334, 20.5277 ], [ 77.3412, 20.5483 ], [ 77.3348, 20.5512 ], [ 77.3375, 20.5779 ], [ 77.3595, 20.5687 ], [ 77.3627, 20.5825 ], [ 77.4009, 20.5799 ], [ 77.4146, 20.6096 ], [ 77.4637, 20.6113 ], [ 77.4664, 20.6184 ], [ 77.4314, 20.6488 ], [ 77.4309, 20.6626 ], [ 77.4536, 20.6551 ], [ 77.4681, 20.6893 ], [ 77.4931, 20.6813 ], [ 77.5012, 20.6657 ], [ 77.5143, 20.6742 ], [ 77.5097, 20.6843 ], [ 77.5403, 20.6767 ], [ 77.5361, 20.6898 ], [ 77.5202, 20.6962 ], [ 77.5216, 20.702 ], [ 77.5124, 20.6993 ], [ 77.5048, 20.7113 ], [ 77.5185, 20.7328 ], [ 77.5625, 20.7223 ], [ 77.5686, 20.7424 ], [ 77.5854, 20.7491 ], [ 77.5878, 20.7584 ], [ 77.633, 20.7563 ], [ 77.6293, 20.7393 ], [ 77.6108, 20.7202 ], [ 77.6301, 20.7127 ], [ 77.637, 20.6917 ], [ 77.6336, 20.6585 ], [ 77.6494, 20.6637 ], [ 77.6523, 20.6483 ], [ 77.6461, 20.6096 ], [ 77.6273, 20.5678 ], [ 77.6496, 20.5652 ], [ 77.6414, 20.5301 ], [ 77.6669, 20.5381 ], [ 77.6869, 20.533 ], [ 77.6875, 20.5242 ], [ 77.6651, 20.5159 ], [ 77.6594, 20.4978 ], [ 77.6506, 20.4956 ], [ 77.6441, 20.4498 ], [ 77.6133, 20.4617 ], [ 77.598, 20.4457 ], [ 77.6038, 20.437 ], [ 77.59, 20.4254 ], [ 77.593, 20.4114 ], [ 77.5816, 20.4125 ], [ 77.5722, 20.3934 ], [ 77.5749, 20.3718 ], [ 77.5643, 20.3341 ], [ 77.5811, 20.3261 ], [ 77.5926, 20.2813 ], [ 77.606, 20.2788 ], [ 77.6083, 20.2646 ], [ 77.6651, 20.2482 ], [ 77.6512, 20.2111 ], [ 77.6564, 20.2026 ], [ 77.6432, 20.1906 ], [ 77.6503, 20.1741 ], [ 77.6779, 20.1693 ], [ 77.6734, 20.1484 ], [ 77.6807, 20.1449 ], [ 77.6683, 20.1047 ], [ 77.6558, 20.0969 ], [ 77.6528, 20.0812 ], [ 77.6225, 20.0416 ], [ 77.5776, 20.0301 ], [ 77.5537, 20.0487 ], [ 77.5501, 20.0646 ], [ 77.5229, 20.0945 ], [ 77.4528, 20.0708 ], [ 77.3874, 20.0869 ], [ 77.3666, 20.1016 ], [ 77.3523, 20.0688 ], [ 77.3709, 20.0467 ], [ 77.3516, 20.0146 ], [ 77.3381, 20.0068 ], [ 77.3373, 19.9695 ], [ 77.3296, 19.9714 ], [ 77.3222, 19.9567 ], [ 77.3048, 19.963 ], [ 77.3028, 19.947 ], [ 77.2847, 19.9359 ], [ 77.2831, 19.9109 ], [ 77.2728, 19.9148 ], [ 77.2664, 19.8976 ], [ 77.2349, 19.8963 ], [ 77.2461, 19.9062 ], [ 77.2367, 19.9386 ], [ 77.2079, 19.9435 ], [ 77.2154, 19.9784 ], [ 77.2014, 19.9919 ], [ 77.1758, 19.9781 ], [ 77.1693, 19.9649 ], [ 77.155, 19.9672 ], [ 77.1316, 19.9434 ], [ 77.0997, 19.9333 ], [ 77.0588, 19.9967 ], [ 77.0341, 20.011 ], [ 77.0131, 20.0033 ], [ 76.9911, 20.0185 ], [ 76.987, 19.9968 ], [ 76.899, 19.9633 ], [ 76.8943, 19.9467 ], [ 76.8354, 19.9615 ], [ 76.8217, 19.9274 ], [ 76.7717, 19.9335 ], [ 76.7657, 19.9044 ], [ 76.7449, 19.9074 ], [ 76.7379, 19.8727 ], [ 76.69, 19.8731 ], [ 76.6772, 19.8468 ], [ 76.6456, 19.8663 ] ] ] ] } },
{ "type": "Feature", "properties": { "jurisdiction": "Yavatmal", "total_segments": 99.0, "flagged_segments": 1.0, "mean_sss": 59.4, "flagged_pct": 1.0 }, "geometry": { "type": "MultiPolygon", "coordinates": [ [ [ [ 77.9873, 19.4545 ], [ 77.9683, 19.5079 ], [ 77.9491, 19.5089 ], [ 77.9395, 19.4977 ], [ 77.9126, 19.5147 ], [ 77.9037, 19.5327 ], [ 77.886, 19.5189 ], [ 77.8816, 19.4998 ], [ 77.8577, 19.5191 ], [ 77.8391, 19.5093 ], [ 77.8431, 19.4862 ], [ 77.8237, 19.4749 ], [ 77.8437, 19.4552 ], [ 77.8309, 19.4387 ], [ 77.8159, 19.4447 ], [ 77.8011, 19.4638 ], [ 77.7944, 19.45 ], [ 77.7525, 19.4318 ], [ 77.6954, 19.4382 ], [ 77.6955, 19.4593 ], [ 77.7104, 19.4761 ], [ 77.7367, 19.4827 ], [ 77.7328, 19.4945 ], [ 77.7491, 19.5092 ], [ 77.746, 19.5214 ], [ 77.7301, 19.5317 ], [ 77.7104, 19.5253 ], [ 77.6968, 19.5375 ], [ 77.6307, 19.5555 ], [ 77.6459, 19.5553 ], [ 77.6371, 19.5873 ], [ 77.6413, 19.6076 ], [ 77.6261, 19.6078 ], [ 77.6258, 19.6242 ], [ 77.6126, 19.6292 ], [ 77.6041, 19.6468 ], [ 77.577, 19.6576 ], [ 77.552, 19.6524 ], [ 77.5518, 19.6637 ], [ 77.443, 19.6877 ], [ 77.4483, 19.6999 ], [ 77.4377, 19.7222 ], [ 77.4103, 19.7437 ], [ 77.3938, 19.7259 ], [ 77.3825, 19.7265 ], [ 77.3762, 19.7462 ], [ 77.3842, 19.7662 ], [ 77.4016, 19.7643 ], [ 77.407, 19.7727 ], [ 77.3806, 19.7883 ], [ 77.3923, 19.8114 ], [ 77.3871, 19.8212 ], [ 77.3678, 19.8225 ], [ 77.3594, 19.8153 ], [ 77.344, 19.8255 ], [ 77.3434, 19.8341 ], [ 77.3607, 19.8333 ], [ 77.3538, 19.8457 ], [ 77.3636, 19.8519 ], [ 77.3624, 19.8584 ], [ 77.3462, 19.8606 ], [ 77.3451, 19.8738 ], [ 77.3208, 19.8854 ], [ 77.2959, 19.8799 ], [ 77.2955, 19.8931 ], [ 77.3122, 19.8902 ], [ 77.315, 19.9066 ], [ 77.308, 19.9108 ], [ 77.2864, 19.9011 ], [ 77.2847, 19.9359 ], [ 77.3028, 19.947 ], [ 77.3048, 19.963 ], [ 77.3222, 19.9567 ], [ 77.3296, 19.9714 ], [ 77.3373, 19.9695 ], [ 77.3381, 20.0068 ], [ 77.3516, 20.0146 ], [ 77.3709, 20.0467 ], [ 77.3523, 20.0688 ], [ 77.3666, 20.1016 ], [ 77.3874, 20.0869 ], [ 77.4528, 20.0708 ], [ 77.5229, 20.0945 ], [ 77.5501, 20.0646 ], [ 77.5537, 20.0487 ], [ 77.5776, 20.0301 ], [ 77.6225, 20.0416 ], [ 77.6528, 20.0812 ], [ 77.6558, 20.0969 ], [ 77.6683, 20.1047 ], [ 77.6807, 20.1449 ], [ 77.6734, 20.1484 ], [ 77.6779, 20.1693 ], [ 77.6503, 20.1741 ], [ 77.6432, 20.1906 ], [ 77.6564, 20.2026 ], [ 77.6512, 20.2111 ], [ 77.6651, 20.2482 ], [ 77.6083, 20.2646 ], [ 77.606, 20.2788 ], [ 77.5926, 20.2813 ], [ 77.5811, 20.3261 ], [ 77.5643, 20.3341 ], [ 77.5749, 20.3718 ], [ 77.5722, 20.3934 ], [ 77.5816, 20.4125 ], [ 77.593, 20.4114 ], [ 77.59, 20.4254 ], [ 77.6038, 20.437 ], [ 77.598, 20.4457 ], [ 77.6133, 20.4617 ], [ 77.6441, 20.4498 ], [ 77.6506, 20.4956 ], [ 77.6594, 20.4978 ], [ 77.6651, 20.5159 ], [ 77.6875, 20.5242 ], [ 77.6869, 20.533 ], [ 77.6669, 20.5381 ], [ 77.6414, 20.5301 ], [ 77.6496, 20.5652 ], [ 77.6633, 20.5814 ], [ 77.7383, 20.5623 ], [ 77.7469, 20.5488 ], [ 77.768, 20.5408 ], [ 77.8032, 20.5677 ], [ 77.8078, 20.5881 ], [ 77.8338, 20.5664 ], [ 77.843, 20.5713 ], [ 77.8429, 20.5885 ], [ 77.8619, 20.5958 ], [ 77.8623, 20.6102 ], [ 77.8735, 20.6103 ], [ 77.8892, 20.6244 ], [ 77.9151, 20.6054 ], [ 77.9084, 20.5662 ], [ 77.9204, 20.5593 ], [ 77.9302, 20.5779 ], [ 77.9471, 20.5761 ], [ 77.9698, 20.5909 ], [ 77.992, 20.6237 ], [ 78.0225, 20.6336 ], [ 78.0172, 20.6431 ], [ 78.0345, 20.6673 ], [ 78.0595, 20.6735 ], [ 78.0729, 20.6646 ], [ 78.0848, 20.6729 ], [ 78.0961, 20.6668 ], [ 78.0891, 20.6417 ], [ 78.1077, 20.6409 ], [ 78.108, 20.6497 ], [ 78.1271, 20.6488 ], [ 78.1208, 20.6616 ], [ 78.128, 20.6651 ], [ 78.1547, 20.6599 ], [ 78.1546, 20.668 ], [ 78.1768, 20.6713 ], [ 78.1785, 20.678 ], [ 78.2046, 20.6772 ], [ 78.209, 20.6901 ], [ 78.2496, 20.6846 ], [ 78.2552, 20.6964 ], [ 78.275, 20.6971 ], [ 78.2625, 20.6619 ], [ 78.2455, 20.6437 ], [ 78.2595, 20.58 ], [ 78.2754, 20.5629 ], [ 78.336, 20.5436 ], [ 78.3553, 20.5271 ], [ 78.3738, 20.5305 ], [ 78.4079, 20.5118 ], [ 78.4298, 20.5182 ], [ 78.4493, 20.5121 ], [ 78.4762, 20.5287 ], [ 78.5044, 20.5199 ], [ 78.5308, 20.4798 ], [ 78.5325, 20.4632 ], [ 78.566, 20.4325 ], [ 78.5989, 20.4286 ], [ 78.6062, 20.4423 ], [ 78.6146, 20.4319 ], [ 78.6427, 20.4319 ], [ 78.642, 20.4195 ], [ 78.6771, 20.381 ], [ 78.6873, 20.3567 ], [ 78.7062, 20.3491 ], [ 78.7031, 20.3092 ], [ 78.729, 20.3046 ], [ 78.7354, 20.2924 ], [ 78.7966, 20.2975 ], [ 78.813, 20.2748 ], [ 78.8061, 20.2594 ], [ 78.8149, 20.2465 ], [ 78.9159, 20.2519 ], [ 78.9163, 20.2367 ], [ 78.9572, 20.2021 ], [ 78.9496, 20.1677 ], [ 78.9759, 20.148 ], [ 78.9649, 20.137 ], [ 78.965, 20.1225 ], [ 79.0111, 20.112 ], [ 79.0427, 20.0833 ], [ 79.0385, 20.0705 ], [ 79.0651, 20.0629 ], [ 79.0776, 20.0276 ], [ 79.1029, 20.007 ], [ 79.1095, 19.9874 ], [ 79.0881, 19.9761 ], [ 79.1048, 19.9636 ], [ 79.0879, 19.9446 ], [ 79.0892, 19.9135 ], [ 79.1459, 19.8918 ], [ 79.1301, 19.8643 ], [ 79.06, 19.8135 ], [ 79.0373, 19.8159 ], [ 79.0148, 19.7979 ], [ 78.9531, 19.802 ], [ 78.9349, 19.7771 ], [ 78.9434, 19.7474 ], [ 78.8974, 19.7359 ], [ 78.8776, 19.7448 ], [ 78.8696, 19.7665 ], [ 78.8076, 19.758 ], [ 78.7849, 19.7787 ], [ 78.7431, 19.7797 ], [ 78.7164, 19.7668 ], [ 78.6959, 19.7897 ], [ 78.6037, 19.8175 ], [ 78.585, 19.8117 ], [ 78.5263, 19.8217 ], [ 78.5124, 19.8143 ], [ 78.5037, 19.7924 ], [ 78.4939, 19.7931 ], [ 78.4762, 19.8164 ], [ 78.4287, 19.8231 ], [ 78.3977, 19.8364 ], [ 78.3859, 19.8527 ], [ 78.3841, 19.8792 ], [ 78.3363, 19.8832 ], [ 78.3252, 19.8905 ], [ 78.3346, 19.9043 ], [ 78.3284, 19.9161 ], [ 78.2824, 19.9104 ], [ 78.2763, 19.8848 ], [ 78.2502, 19.8726 ], [ 78.2379, 19.8872 ], [ 78.2552, 19.9114 ], [ 78.2483, 19.9291 ], [ 78.1961, 19.9024 ], [ 78.1451, 19.9157 ], [ 78.1268, 19.9018 ], [ 78.0988, 19.8965 ], [ 78.0742, 19.9004 ], [ 78.0491, 19.9306 ], [ 78.0294, 19.9284 ], [ 78.0078, 19.9141 ], [ 77.9499, 19.9112 ], [ 77.9366, 19.8928 ], [ 77.8942, 19.878 ], [ 77.8724, 19.8495 ], [ 77.8665, 19.8238 ], [ 77.8453, 19.8007 ], [ 77.8617, 19.7713 ], [ 77.8567, 19.7435 ], [ 77.8729, 19.7442 ], [ 77.8921, 19.7253 ], [ 77.8956, 19.7346 ], [ 77.9105, 19.7295 ], [ 77.9296, 19.7391 ], [ 77.9492, 19.7291 ], [ 77.9609, 19.7061 ], [ 77.9813, 19.6991 ], [ 77.9844, 19.6804 ], [ 78.0429, 19.6985 ], [ 78.0525, 19.6705 ], [ 78.0856, 19.6447 ], [ 78.1267, 19.6666 ], [ 78.17, 19.6564 ], [ 78.1913, 19.6176 ], [ 78.1812, 19.5834 ], [ 78.1846, 19.5666 ], [ 78.1431, 19.5522 ], [ 78.1156, 19.5529 ], [ 78.1319, 19.5305 ], [ 78.1101, 19.4906 ], [ 78.059, 19.4662 ], [ 78.0154, 19.4955 ], [ 78.009, 19.4647 ], [ 77.9873, 19.4545 ] ] ] ] } }
]
}
