{
"type": "FeatureCollection",
"name": "thailand_jurisdictions",
"crs": { "type": "name", "properties": { "name": "urn:ogc:def:crs:OGC:1.3:CRS84" } },
"features": [
{ "type": "Feature", "properties": { "jurisdiction": "AmnatCharoen", "total_segments": 31, "flagged_segments": 0, "mean_sss": 52.6, "flagged_pct": 0.0 }, "geometry": { "type": "MultiPolygon", "coordinates": [ [ [ [ 104.607, 15.6111 ], [ 104.5792, 15.5968 ], [ 104.5873, 15.5645 ], [ 104.5573, 15.5547 ], [ 104.5495, 15.5406 ], [ 104.5287, 15.5567 ], [ 104.5135, 15.5585 ], [ 104.5067, 15.585 ], [ 104.494, 15.5848 ], [ 104.4914, 15.5927 ], [ 104.484, 15.5833 ], [ 104.4613, 15.5916 ], [ 104.4692, 15.5996 ], [ 104.4665, 15.6263 ], [ 104.4418, 15.6167 ], [ 104.4499, 15.6342 ], [ 104.4405, 15.6472 ], [ 104.4486, 15.654 ], [ 104.4388, 15.6655 ], [ 104.4481, 15.6697 ], [ 104.439, 15.6852 ], [ 104.4438, 15.6981 ], [ 104.422, 15.6961 ], [ 104.4333, 15.7365 ], [ 104.4211, 15.7458 ], [ 104.4361, 15.7515 ], [ 104.4278, 15.7704 ], [ 104.4423, 15.8046 ], [ 104.4374, 15.8118 ], [ 104.4627, 15.842 ], [ 104.4502, 15.866 ], [ 104.4591, 15.8736 ], [ 104.4563, 15.8995 ], [ 104.4695, 15.9011 ], [ 104.471, 15.9164 ], [ 104.5056, 15.9488 ], [ 104.5065, 15.9803 ], [ 104.52, 15.982 ], [ 104.528, 15.9986 ], [ 104.5328, 15.9961 ], [ 104.5182, 16.024 ], [ 104.5329, 16.0363 ], [ 104.5637, 16.0965 ], [ 104.6043, 16.1033 ], [ 104.6265, 16.1215 ], [ 104.6665, 16.1207 ], [ 104.7434, 16.0972 ], [ 104.7652, 16.0966 ], [ 104.7871, 16.1084 ], [ 104.8149, 16.0934 ], [ 104.8266, 16.1537 ], [ 104.8079, 16.16 ], [ 104.7933, 16.1547 ], [ 104.7701, 16.1937 ], [ 104.7924, 16.1973 ], [ 104.802, 16.1863 ], [ 104.8227, 16.185 ], [ 104.8311, 16.2019 ], [ 104.857, 16.199 ], [ 104.882, 16.2087 ], [ 104.8887, 16.2337 ], [ 104.9162, 16.2537 ], [ 104.9336, 16.2517 ], [ 104.949, 16.2605 ], [ 104.9621, 16.2722 ], [ 104.9604, 16.2819 ], [ 104.9818, 16.2776 ], [ 105.0184, 16.2401 ], [ 105.0142, 16.19 ], [ 105.0432, 16.1074 ], [ 105.0628, 16.0955 ], [ 105.0431, 16.0909 ], [ 105.0076, 16.026 ], [ 105.0116, 15.9633 ], [ 104.9765, 15.9279 ], [ 104.9743, 15.9121 ], [ 104.9921, 15.9096 ], [ 104.9657, 15.8586 ], [ 104.9615, 15.7871 ], [ 104.9074, 15.7534 ], [ 104.9089, 15.7258 ], [ 104.8935, 15.687 ], [ 104.8971, 15.6523 ], [ 104.9354, 15.6371 ], [ 104.929, 15.6012 ], [ 104.9104, 15.5947 ], [ 104.8882, 15.5728 ], [ 104.8977, 15.5618 ], [ 104.8832, 15.5361 ], [ 104.8733, 15.5366 ], [ 104.8675, 15.5594 ], [ 104.8792, 15.5609 ], [ 104.8643, 15.5778 ], [ 104.8495, 15.5723 ], [ 104.8476, 15.5817 ], [ 104.8389, 15.5792 ], [ 104.8393, 15.59 ], [ 104.8261, 15.5835 ], [ 104.8137, 15.6043 ], [ 104.7989, 15.5929 ], [ 104.7898, 15.6189 ], [ 104.7486, 15.6406 ], [ 104.7448, 15.6563 ], [ 104.7311, 15.6461 ], [ 104.7164, 15.6587 ], [ 104.6996, 15.6561 ], [ 104.6872, 15.6687 ], [ 104.6501, 15.6759 ], [ 104.6345, 15.6873 ], [ 104.6037, 15.6715 ], [ 104.6142, 15.6617 ], [ 104.6319, 15.6614 ], [ 104.6403, 15.6454 ], [ 104.6171, 15.6374 ], [ 104.6187, 15.622 ], [ 104.607, 15.6111 ] ] ] ] } },
{ "type": "Feature", "properties": { "jurisdiction": "AngThong", "total_segments": 63, "flagged_segments": 2, "mean_sss": 46.1, "flagged_pct": 3.2 }, "geometry": { "type": "MultiPolygon", "coordinates": [ [ [ [ 100.3837, 14.7422 ], [ 100.4081, 14.7543 ], [ 100.4263, 14.7503 ], [ 100.4175, 14.7474 ], [ 100.4162, 14.7264 ], [ 100.4638, 14.7207 ], [ 100.478, 14.7015 ], [ 100.4965, 14.6972 ], [ 100.5043, 14.68 ], [ 100.5167, 14.6797 ], [ 100.4982, 14.6529 ], [ 100.5041, 14.6288 ], [ 100.4926, 14.6077 ], [ 100.493, 14.5794 ], [ 100.4793, 14.5644 ], [ 100.4921, 14.5497 ], [ 100.4985, 14.5243 ], [ 100.4924, 14.5117 ], [ 100.5014, 14.5012 ], [ 100.5009, 14.4591 ], [ 100.4613, 14.4377 ], [ 100.4431, 14.4362 ], [ 100.438, 14.446 ], [ 100.4189, 14.4432 ], [ 100.4192, 14.4787 ], [ 100.41, 14.509 ], [ 100.3216, 14.4877 ], [ 100.2872, 14.4964 ], [ 100.2791, 14.4858 ], [ 100.2588, 14.4895 ], [ 100.2542, 14.4807 ], [ 100.2424, 14.4806 ], [ 100.2076, 14.5218 ], [ 100.2092, 14.5383 ], [ 100.1972, 14.5552 ], [ 100.2112, 14.5778 ], [ 100.196, 14.6075 ], [ 100.2316, 14.6504 ], [ 100.2094, 14.6823 ], [ 100.2168, 14.6955 ], [ 100.2163, 14.7216 ], [ 100.2068, 14.7401 ], [ 100.2114, 14.7765 ], [ 100.2469, 14.797 ], [ 100.2746, 14.7969 ], [ 100.295, 14.7807 ], [ 100.33, 14.8008 ], [ 100.3438, 14.785 ], [ 100.3437, 14.768 ], [ 100.3566, 14.7582 ], [ 100.3702, 14.7632 ], [ 100.3837, 14.7422 ] ] ] ] } },
{ "type": "Feature", "properties": { "jurisdiction": "BangkokMetropolis", "total_segments": 595, "flagged_segments": 3, "mean_sss": 43.3, "flagged_pct": 0.5 }, "geometry": { "type": "MultiPolygon", "coordinates": [ [ [ [ 100.5227, 13.6786 ], [ 100.5157, 13.627 ], [ 100.5216, 13.6044 ], [ 100.4819, 13.607 ], [ 100.4708, 13.5927 ], [ 100.468, 13.6028 ], [ 100.4555, 13.6043 ], [ 100.4453, 13.5549 ], [ 100.4532, 13.5016 ], [ 100.4086, 13.4931 ], [ 100.4052, 13.5108 ], [ 100.4204, 13.5418 ], [ 100.4176, 13.5616 ], [ 100.3953, 13.5566 ], [ 100.3851, 13.5877 ], [ 100.377, 13.585 ], [ 100.3822, 13.59 ], [ 100.371, 13.6286 ], [ 100.3393, 13.6421 ], [ 100.3307, 13.793 ], [ 100.32, 13.8215 ], [ 100.3307, 13.8032 ], [ 100.4603, 13.7968 ], [ 100.4715, 13.7883 ], [ 100.5019, 13.7995 ], [ 100.5169, 13.8121 ], [ 100.5083, 13.8165 ], [ 100.5103, 13.824 ], [ 100.5451, 13.8489 ], [ 100.5651, 13.9487 ], [ 100.5755, 13.9534 ], [ 100.6052, 13.9438 ], [ 100.6127, 13.9542 ], [ 100.6416, 13.9306 ], [ 100.6908, 13.9289 ], [ 100.7081, 13.9169 ], [ 100.7299, 13.9157 ], [ 100.8218, 13.9357 ], [ 100.9151, 13.9443 ], [ 100.9074, 13.8598 ], [ 100.9035, 13.8481 ], [ 100.8933, 13.8495 ], [ 100.939, 13.8132 ], [ 100.9106, 13.7891 ], [ 100.8562, 13.6997 ], [ 100.8602, 13.6884 ], [ 100.7894, 13.7153 ], [ 100.7182, 13.7177 ], [ 100.7112, 13.717 ], [ 100.7132, 13.6942 ], [ 100.6995, 13.6545 ], [ 100.6686, 13.6653 ], [ 100.6679, 13.6745 ], [ 100.6558, 13.6697 ], [ 100.6485, 13.6507 ], [ 100.5811, 13.6672 ], [ 100.5891, 13.6911 ], [ 100.5608, 13.706 ], [ 100.5531, 13.7005 ], [ 100.549, 13.6723 ], [ 100.5362, 13.6684 ], [ 100.5227, 13.6786 ] ] ] ] } },
{ "type": "Feature", "properties": { "jurisdiction": "BuengKan", "total_segments": 38, "flagged_segments": 0, "mean_sss": 42.5, "flagged_pct": 0.0 }, "geometry": { "type": "MultiPolygon", "coordinates": [ [ [ [ 104.0007, 17.8905 ], [ 103.9846, 17.8575 ], [ 104.0051, 17.8473 ], [ 104.0009, 17.8398 ], [ 104.0148, 17.8286 ], [ 104.0194, 17.8081 ], [ 104.0031, 17.8054 ], [ 104.0023, 17.7863 ], [ 103.9902, 17.7857 ], [ 103.9821, 17.7671 ], [ 103.9727, 17.7762 ], [ 103.9764, 17.781 ], [ 103.9609, 17.7715 ], [ 103.9447, 17.781 ], [ 103.9366, 17.8035 ], [ 103.9198, 17.817 ], [ 103.928, 17.831 ], [ 103.9256, 17.853 ], [ 103.9184, 17.8573 ], [ 103.9032, 17.8463 ], [ 103.9084, 17.8789 ], [ 103.8784, 17.8738 ], [ 103.8681, 17.862 ], [ 103.871, 17.8771 ], [ 103.8587, 17.8811 ], [ 103.8384, 17.8678 ], [ 103.7997, 17.8748 ], [ 103.7979, 17.8685 ], [ 103.8146, 17.8556 ], [ 103.7985, 17.8397 ], [ 103.7679, 17.8811 ], [ 103.7709, 17.8885 ], [ 103.79, 17.8896 ], [ 103.7782, 17.9056 ], [ 103.7853, 17.9293 ], [ 103.7599, 17.9193 ], [ 103.7683, 17.9527 ], [ 103.7491, 17.9085 ], [ 103.7242, 17.9239 ], [ 103.7189, 17.94 ], [ 103.7067, 17.9367 ], [ 103.6863, 17.9538 ], [ 103.6646, 17.9485 ], [ 103.666, 17.9714 ], [ 103.6548, 17.9613 ], [ 103.6417, 17.962 ], [ 103.6405, 17.9749 ], [ 103.6283, 17.9665 ], [ 103.6244, 18.0006 ], [ 103.6444, 18.0114 ], [ 103.6147, 18.0119 ], [ 103.5983, 18.0488 ], [ 103.5908, 18.0368 ], [ 103.5826, 18.0379 ], [ 103.5629, 18.0609 ], [ 103.5463, 18.0636 ], [ 103.5442, 18.0884 ], [ 103.5399, 18.0678 ], [ 103.5183, 18.0737 ], [ 103.5075, 18.0676 ], [ 103.5073, 18.0578 ], [ 103.4997, 18.0648 ], [ 103.4964, 18.0601 ], [ 103.5009, 18.0423 ], [ 103.4938, 18.039 ], [ 103.5066, 17.9974 ], [ 103.5001, 17.9886 ], [ 103.4737, 18.0038 ], [ 103.4676, 17.9873 ], [ 103.4513, 17.9927 ], [ 103.4414, 17.9815 ], [ 103.4544, 17.976 ], [ 103.449, 17.9652 ], [ 103.4291, 17.9749 ], [ 103.4321, 17.9809 ], [ 103.4062, 17.989 ], [ 103.4092, 18.0025 ], [ 103.3982, 18.0076 ], [ 103.3941, 18.0225 ], [ 103.3738, 18.0307 ], [ 103.3562, 18.0246 ], [ 103.3525, 18.0443 ], [ 103.3148, 18.0552 ], [ 103.302, 18.079 ], [ 103.3166, 18.0986 ], [ 103.2949, 18.106 ], [ 103.3005, 18.151 ], [ 103.3255, 18.1486 ], [ 103.3281, 18.1301 ], [ 103.3591, 18.1643 ], [ 103.3173, 18.2113 ], [ 103.2838, 18.2325 ], [ 103.2675, 18.2294 ], [ 103.2609, 18.2592 ], [ 103.2973, 18.2697 ], [ 103.3021, 18.3076 ], [ 103.2898, 18.329 ], [ 103.26, 18.3329 ], [ 103.2494, 18.3421 ], [ 103.2501, 18.3688 ], [ 103.3098, 18.4297 ], [ 103.4084, 18.4467 ], [ 103.4595, 18.4227 ], [ 103.5304, 18.4232 ], [ 103.573, 18.403 ], [ 103.6139, 18.4003 ], [ 103.6986, 18.3407 ], [ 103.8212, 18.3356 ], [ 103.8368, 18.324 ], [ 103.8602, 18.2804 ], [ 103.8869, 18.2895 ], [ 103.9257, 18.3253 ], [ 103.956, 18.3366 ], [ 103.9762, 18.3334 ], [ 104.0639, 18.2162 ], [ 104.1106, 18.1115 ], [ 104.1926, 18.0211 ], [ 104.1764, 18.0184 ], [ 104.1747, 18.0005 ], [ 104.1531, 18.0214 ], [ 104.1475, 18.0118 ], [ 104.1149, 18.0012 ], [ 104.1217, 17.9727 ], [ 104.1425, 17.95 ], [ 104.1295, 17.9269 ], [ 104.0914, 17.899 ], [ 104.0755, 17.8774 ], [ 104.0515, 17.8879 ], [ 104.0516, 17.9029 ], [ 104.0335, 17.9081 ], [ 104.0185, 17.892 ], [ 104.0007, 17.8905 ] ] ] ] } },
{ "type": "Feature", "properties": { "jurisdiction": "BuriRam", "total_segments": 167, "flagged_segments": 8, "mean_sss": 53.4, "flagged_pct": 4.8 }, "geometry": { "type": "MultiPolygon", "coordinates": [ [ [ [ 102.7368, 14.1398 ], [ 102.6968, 14.1295 ], [ 102.6868, 14.1478 ], [ 102.6578, 14.164 ], [ 102.6353, 14.1475 ], [ 102.609, 14.1698 ], [ 102.5514, 14.1334 ], [ 102.5237, 14.1414 ], [ 102.5037, 14.1305 ], [ 102.4848, 14.1398 ], [ 102.4758, 14.1298 ], [ 102.4348, 14.1454 ], [ 102.454, 14.1919 ], [ 102.4698, 14.1901 ], [ 102.4777, 14.1985 ], [ 102.5004, 14.1859 ], [ 102.5136, 14.1994 ], [ 102.5409, 14.2007 ], [ 102.5509, 14.2155 ], [ 102.5776, 14.2238 ], [ 102.6248, 14.263 ], [ 102.6883, 14.2971 ], [ 102.642, 14.3246 ], [ 102.6044, 14.3214 ], [ 102.5886, 14.334 ], [ 102.5842, 14.3567 ], [ 102.57, 14.361 ], [ 102.5641, 14.3743 ], [ 102.5708, 14.4257 ], [ 102.5841, 14.4435 ], [ 102.6005, 14.4458 ], [ 102.6111, 14.4927 ], [ 102.4965, 14.5041 ], [ 102.4834, 14.5118 ], [ 102.4971, 14.564 ], [ 102.472, 14.6157 ], [ 102.478, 14.6493 ], [ 102.4606, 14.7057 ], [ 102.4684, 14.7224 ], [ 102.491, 14.7329 ], [ 102.4819, 14.7355 ], [ 102.4713, 14.7608 ], [ 102.4461, 14.7783 ], [ 102.4419, 14.7984 ], [ 102.4613, 14.8335 ], [ 102.4778, 14.8125 ], [ 102.5021, 14.801 ], [ 102.5352, 14.813 ], [ 102.5539, 14.8595 ], [ 102.5429, 14.8981 ], [ 102.5692, 14.926 ], [ 102.5656, 14.9361 ], [ 102.5487, 14.9445 ], [ 102.5599, 14.9547 ], [ 102.5747, 14.956 ], [ 102.6025, 14.9348 ], [ 102.6985, 14.9327 ], [ 102.7115, 14.9541 ], [ 102.716, 14.9828 ], [ 102.7345, 14.9938 ], [ 102.7519, 14.9913 ], [ 102.7555, 15.0275 ], [ 102.7839, 15.039 ], [ 102.7768, 15.0693 ], [ 102.7639, 15.0768 ], [ 102.7813, 15.0877 ], [ 102.819, 15.141 ], [ 102.8328, 15.1454 ], [ 102.8508, 15.1685 ], [ 102.877, 15.1719 ], [ 102.8971, 15.1872 ], [ 102.94, 15.182 ], [ 102.9686, 15.1909 ], [ 102.9766, 15.2053 ], [ 102.962, 15.2194 ], [ 102.9572, 15.2498 ], [ 102.9631, 15.2603 ], [ 102.9566, 15.27 ], [ 102.9697, 15.2912 ], [ 102.9544, 15.3135 ], [ 102.9695, 15.3314 ], [ 102.9921, 15.3339 ], [ 102.9939, 15.3467 ], [ 102.9872, 15.3533 ], [ 102.9892, 15.3691 ], [ 102.9581, 15.3794 ], [ 102.9536, 15.4009 ], [ 102.9595, 15.4087 ], [ 102.9605, 15.4016 ], [ 102.9684, 15.4052 ], [ 102.9672, 15.4174 ], [ 102.9784, 15.4278 ], [ 102.9802, 15.4151 ], [ 102.9848, 15.4253 ], [ 102.9956, 15.4133 ], [ 103.0022, 15.4253 ], [ 103.0138, 15.4267 ], [ 103.0115, 15.4354 ], [ 102.9798, 15.4805 ], [ 102.9699, 15.4763 ], [ 102.9671, 15.4839 ], [ 102.9521, 15.4753 ], [ 102.9477, 15.4809 ], [ 102.9394, 15.4742 ], [ 102.9465, 15.488 ], [ 102.9412, 15.4951 ], [ 102.9313, 15.4874 ], [ 102.9241, 15.4977 ], [ 102.9332, 15.5016 ], [ 102.9278, 15.5093 ], [ 102.9147, 15.5064 ], [ 102.8985, 15.5193 ], [ 102.8907, 15.512 ], [ 102.8857, 15.5218 ], [ 102.8661, 15.5064 ], [ 102.838, 15.5146 ], [ 102.8317, 15.5038 ], [ 102.8279, 15.5118 ], [ 102.8173, 15.5112 ], [ 102.8134, 15.5229 ], [ 102.7989, 15.5297 ], [ 102.7948, 15.5538 ], [ 102.7831, 15.5618 ], [ 102.7867, 15.583 ], [ 102.7729, 15.6208 ], [ 102.7813, 15.6273 ], [ 102.7815, 15.644 ], [ 102.8175, 15.6307 ], [ 102.8686, 15.6486 ], [ 102.8819, 15.6914 ], [ 102.8798, 15.767 ], [ 102.8982, 15.7859 ], [ 102.9328, 15.794 ], [ 102.9433, 15.7651 ], [ 102.9734, 15.7557 ], [ 102.9894, 15.7315 ], [ 102.9996, 15.738 ], [ 103.0069, 15.7273 ], [ 103.0126, 15.7022 ], [ 103.0072, 15.6833 ], [ 102.9773, 15.6688 ], [ 102.9759, 15.659 ], [ 103.014, 15.6259 ], [ 103.0149, 15.6132 ], [ 103.0288, 15.5985 ], [ 103.0548, 15.5907 ], [ 103.0483, 15.5622 ], [ 103.08, 15.5416 ], [ 103.0836, 15.5457 ], [ 103.093, 15.532 ], [ 103.0743, 15.4965 ], [ 103.1128, 15.4822 ], [ 103.1178, 15.4677 ], [ 103.0922, 15.4176 ], [ 103.1097, 15.4127 ], [ 103.1198, 15.3996 ], [ 103.1366, 15.3987 ], [ 103.1407, 15.4096 ], [ 103.1472, 15.4003 ], [ 103.1428, 15.3871 ], [ 103.1551, 15.3828 ], [ 103.1507, 15.3734 ], [ 103.1655, 15.3618 ], [ 103.1593, 15.3512 ], [ 103.1737, 15.3618 ], [ 103.1808, 15.3585 ], [ 103.1827, 15.3659 ], [ 103.1967, 15.3635 ], [ 103.199, 15.3567 ], [ 103.1897, 15.3558 ], [ 103.1989, 15.334 ], [ 103.2141, 15.3405 ], [ 103.2126, 15.3303 ], [ 103.2221, 15.3326 ], [ 103.2215, 15.3202 ], [ 103.2325, 15.3148 ], [ 103.2335, 15.322 ], [ 103.2458, 15.3158 ], [ 103.2547, 15.321 ], [ 103.2513, 15.3058 ], [ 103.2872, 15.3174 ], [ 103.2829, 15.3056 ], [ 103.2915, 15.298 ], [ 103.3079, 15.3182 ], [ 103.3192, 15.3185 ], [ 103.3166, 15.3264 ], [ 103.3309, 15.3297 ], [ 103.3313, 15.3366 ], [ 103.3409, 15.3344 ], [ 103.344, 15.3431 ], [ 103.3512, 15.3388 ], [ 103.3517, 15.3464 ], [ 103.3869, 15.326 ], [ 103.3988, 15.3328 ], [ 103.4015, 15.3274 ], [ 103.3882, 15.3194 ], [ 103.4055, 15.3069 ], [ 103.4222, 15.3149 ], [ 103.4314, 15.307 ], [ 103.4382, 15.3333 ], [ 103.4529, 15.3338 ], [ 103.4441, 15.3379 ], [ 103.4498, 15.3437 ], [ 103.4586, 15.3352 ], [ 103.4638, 15.3406 ], [ 103.4738, 15.3361 ], [ 103.4718, 15.3232 ], [ 103.4875, 15.3093 ], [ 103.4946, 15.3144 ], [ 103.4994, 15.3058 ], [ 103.5047, 15.3122 ], [ 103.4992, 15.2971 ], [ 103.5067, 15.2911 ], [ 103.4825, 15.2934 ], [ 103.4717, 15.2784 ], [ 103.4641, 15.2804 ], [ 103.4606, 15.2546 ], [ 103.4434, 15.2609 ], [ 103.4492, 15.2534 ], [ 103.4371, 15.2352 ], [ 103.4393, 15.2186 ], [ 103.4308, 15.2127 ], [ 103.4383, 15.2049 ], [ 103.4215, 15.2003 ], [ 103.4208, 15.1865 ], [ 103.431, 15.1806 ], [ 103.4229, 15.1667 ], [ 103.431, 15.1573 ], [ 103.4228, 15.1494 ], [ 103.4305, 15.1395 ], [ 103.4262, 15.1273 ], [ 103.435, 15.1205 ], [ 103.4275, 15.1045 ], [ 103.4435, 15.1047 ], [ 103.4336, 15.0979 ], [ 103.4307, 15.0815 ], [ 103.4442, 15.0855 ], [ 103.4252, 15.0633 ], [ 103.45, 15.0434 ], [ 103.4404, 15.0282 ], [ 103.4238, 15.0282 ], [ 103.4121, 15.0011 ], [ 103.4291, 14.992 ], [ 103.4228, 14.9851 ], [ 103.4334, 14.9768 ], [ 103.423, 14.9756 ], [ 103.4319, 14.9698 ], [ 103.4196, 14.9565 ], [ 103.4305, 14.9404 ], [ 103.4282, 14.9273 ], [ 103.4209, 14.9175 ], [ 103.4052, 14.918 ], [ 103.4016, 14.8996 ], [ 103.4078, 14.896 ], [ 103.3925, 14.8929 ], [ 103.3949, 14.8839 ], [ 103.3819, 14.8742 ], [ 103.3874, 14.8707 ], [ 103.3799, 14.8691 ], [ 103.378, 14.858 ], [ 103.3696, 14.8588 ], [ 103.354, 14.8383 ], [ 103.344, 14.8369 ], [ 103.3492, 14.8291 ], [ 103.3317, 14.8305 ], [ 103.3166, 14.8086 ], [ 103.2915, 14.8058 ], [ 103.2948, 14.7832 ], [ 103.2684, 14.766 ], [ 103.2767, 14.7352 ], [ 103.2618, 14.6698 ], [ 103.2346, 14.6452 ], [ 103.2392, 14.6157 ], [ 103.2148, 14.5919 ], [ 103.212, 14.5744 ], [ 103.2229, 14.5627 ], [ 103.2247, 14.5451 ], [ 103.2149, 14.5371 ], [ 103.2232, 14.5165 ], [ 103.2159, 14.5034 ], [ 103.237, 14.4805 ], [ 103.2489, 14.4399 ], [ 103.238, 14.4077 ], [ 103.2228, 14.3997 ], [ 103.2339, 14.3869 ], [ 103.2234, 14.3763 ], [ 103.2293, 14.329 ], [ 103.2189, 14.3236 ], [ 103.168, 14.3348 ], [ 103.1536, 14.3139 ], [ 103.1419, 14.3263 ], [ 103.1286, 14.3198 ], [ 103.1306, 14.3066 ], [ 103.1241, 14.3027 ], [ 103.0573, 14.285 ], [ 103.0569, 14.2743 ], [ 103.0319, 14.2502 ], [ 103.0332, 14.2391 ], [ 103.0221, 14.2285 ], [ 103.0133, 14.2308 ], [ 102.9972, 14.2135 ], [ 102.954, 14.2083 ], [ 102.9562, 14.1967 ], [ 102.9388, 14.1954 ], [ 102.9408, 14.1862 ], [ 102.9313, 14.1751 ], [ 102.9129, 14.1662 ], [ 102.8998, 14.1626 ], [ 102.8773, 14.1716 ], [ 102.8706, 14.148 ], [ 102.8328, 14.1666 ], [ 102.8317, 14.1561 ], [ 102.8137, 14.1706 ], [ 102.8018, 14.1579 ], [ 102.7939, 14.1708 ], [ 102.7651, 14.138 ], [ 102.7368, 14.1398 ] ] ] ] } },
{ "type": "Feature", "properties": { "jurisdiction": "Chachoengsao", "total_segments": 144, "flagged_segments": 1, "mean_sss": 40.2, "flagged_pct": 0.7 }, "geometry": { "type": "MultiPolygon", "coordinates": [ [ [ [ 101.8947, 13.5185 ], [ 101.9156, 13.4764 ], [ 101.9344, 13.4745 ], [ 101.9422, 13.4358 ], [ 101.9762, 13.4064 ], [ 101.973, 13.392 ], [ 101.9902, 13.352 ], [ 101.9903, 13.3322 ], [ 101.9688, 13.3237 ], [ 101.9478, 13.2919 ], [ 101.9297, 13.2876 ], [ 101.9288, 13.2943 ], [ 101.9066, 13.286 ], [ 101.907, 13.2706 ], [ 101.8986, 13.2619 ], [ 101.9019, 13.2338 ], [ 101.8923, 13.2259 ], [ 101.8843, 13.2352 ], [ 101.8746, 13.2214 ], [ 101.8709, 13.2488 ], [ 101.8509, 13.246 ], [ 101.8385, 13.2325 ], [ 101.8289, 13.2356 ], [ 101.8211, 13.2174 ], [ 101.7738, 13.183 ], [ 101.7418, 13.1847 ], [ 101.7315, 13.1774 ], [ 101.7167, 13.1833 ], [ 101.7148, 13.2043 ], [ 101.6949, 13.2212 ], [ 101.6688, 13.2723 ], [ 101.6407, 13.292 ], [ 101.6009, 13.302 ], [ 101.5823, 13.3315 ], [ 101.5652, 13.331 ], [ 101.5415, 13.4078 ], [ 101.5277, 13.4061 ], [ 101.4916, 13.4241 ], [ 101.4868, 13.4159 ], [ 101.4548, 13.4058 ], [ 101.4436, 13.4222 ], [ 101.4256, 13.4305 ], [ 101.4243, 13.4543 ], [ 101.3964, 13.4507 ], [ 101.3679, 13.4577 ], [ 101.2969, 13.5242 ], [ 101.274, 13.5568 ], [ 101.1744, 13.5958 ], [ 101.1492, 13.5974 ], [ 101.1293, 13.5674 ], [ 101.1201, 13.5628 ], [ 101.1124, 13.5684 ], [ 101.0947, 13.5525 ], [ 101.0451, 13.5573 ], [ 101.0412, 13.5491 ], [ 101.0535, 13.5453 ], [ 101.0719, 13.5174 ], [ 101.0335, 13.4954 ], [ 101.0337, 13.4825 ], [ 101.0092, 13.4631 ], [ 100.9805, 13.4673 ], [ 100.9861, 13.4836 ], [ 100.9797, 13.4983 ], [ 100.9955, 13.4928 ], [ 100.9831, 13.5025 ], [ 100.9744, 13.4958 ], [ 100.9778, 13.4819 ], [ 100.9414, 13.4622 ], [ 100.8501, 13.4786 ], [ 100.8536, 13.4945 ], [ 100.8729, 13.4898 ], [ 100.8736, 13.5228 ], [ 100.8906, 13.5624 ], [ 100.906, 13.5536 ], [ 100.9162, 13.5694 ], [ 100.9085, 13.5902 ], [ 100.925, 13.5927 ], [ 100.964, 13.6423 ], [ 100.9491, 13.652 ], [ 100.956, 13.6624 ], [ 100.8559, 13.699 ], [ 100.9106, 13.7891 ], [ 100.939, 13.8132 ], [ 100.8933, 13.8495 ], [ 100.9035, 13.8481 ], [ 100.9074, 13.8598 ], [ 100.9155, 13.9587 ], [ 101.0461, 13.9756 ], [ 101.1387, 13.9681 ], [ 101.1531, 13.9497 ], [ 101.1534, 13.9298 ], [ 101.1617, 13.931 ], [ 101.1533, 13.9104 ], [ 101.1561, 13.8958 ], [ 101.1473, 13.8917 ], [ 101.1519, 13.8874 ], [ 101.1609, 13.8946 ], [ 101.1625, 13.889 ], [ 101.1535, 13.8785 ], [ 101.1444, 13.8861 ], [ 101.1404, 13.8815 ], [ 101.1458, 13.8694 ], [ 101.1616, 13.8614 ], [ 101.1508, 13.8507 ], [ 101.1758, 13.8565 ], [ 101.2023, 13.8768 ], [ 101.2226, 13.8753 ], [ 101.2225, 13.8841 ], [ 101.2456, 13.8761 ], [ 101.2509, 13.8646 ], [ 101.2795, 13.8771 ], [ 101.3371, 13.8684 ], [ 101.3439, 13.8579 ], [ 101.3512, 13.8683 ], [ 101.3698, 13.8622 ], [ 101.381, 13.8707 ], [ 101.3831, 13.8463 ], [ 101.4711, 13.8216 ], [ 101.4901, 13.8021 ], [ 101.5274, 13.7855 ], [ 101.5291, 13.7749 ], [ 101.5538, 13.7943 ], [ 101.5612, 13.7686 ], [ 101.5934, 13.7344 ], [ 101.6426, 13.7457 ], [ 101.6697, 13.7366 ], [ 101.6837, 13.7627 ], [ 101.6971, 13.7679 ], [ 101.7017, 13.7902 ], [ 101.7329, 13.7951 ], [ 101.7493, 13.8118 ], [ 101.7906, 13.7682 ], [ 101.7889, 13.7531 ], [ 101.7981, 13.7389 ], [ 101.7919, 13.7202 ], [ 101.8007, 13.6941 ], [ 101.8233, 13.7046 ], [ 101.8383, 13.6965 ], [ 101.8381, 13.6368 ], [ 101.8647, 13.6283 ], [ 101.8723, 13.6046 ], [ 101.892, 13.5811 ], [ 101.9154, 13.5842 ], [ 101.8987, 13.5469 ], [ 101.8617, 13.5386 ], [ 101.8739, 13.5235 ], [ 101.8947, 13.5185 ] ] ] ] } },
{ "type": "Feature", "properties": { "jurisdiction": "ChaiNat", "total_segments": 55, "flagged_segments": 2, "mean_sss": 50.8, "flagged_pct": 3.6 }, "geometry": { "type": "MultiPolygon", "coordinates": [ [ [ [ 100.2634, 15.2876 ], [ 100.3039, 15.1728 ], [ 100.3475, 15.146 ], [ 100.3547, 15.1178 ], [ 100.2972, 15.0824 ], [ 100.2948, 15.0652 ], [ 100.2338, 15.0541 ], [ 100.2335, 15.024 ], [ 100.2472, 15.0214 ], [ 100.2578, 15.006 ], [ 100.2698, 15.0083 ], [ 100.2614, 14.9888 ], [ 100.2793, 14.9589 ], [ 100.261, 14.9435 ], [ 100.2009, 14.9525 ], [ 100.1364, 14.9115 ], [ 100.1137, 14.9449 ], [ 100.0415, 14.9598 ], [ 100.0431, 14.9175 ], [ 99.9653, 14.9021 ], [ 99.9503, 14.9102 ], [ 99.884, 14.9121 ], [ 99.8544, 14.9394 ], [ 99.8189, 14.9372 ], [ 99.7751, 14.951 ], [ 99.7662, 14.9607 ], [ 99.7206, 14.9646 ], [ 99.7169, 14.9762 ], [ 99.7251, 14.9796 ], [ 99.7306, 15.0008 ], [ 99.7791, 15.0246 ], [ 99.785, 15.0412 ], [ 99.7739, 15.0546 ], [ 99.8071, 15.0933 ], [ 99.7489, 15.163 ], [ 99.7606, 15.1738 ], [ 99.7224, 15.228 ], [ 99.7327, 15.2445 ], [ 99.7222, 15.2569 ], [ 99.722, 15.2769 ], [ 99.7888, 15.317 ], [ 99.8517, 15.3102 ], [ 99.8764, 15.302 ], [ 99.8847, 15.2862 ], [ 99.9582, 15.3041 ], [ 99.966, 15.2981 ], [ 100.0057, 15.3002 ], [ 100.025, 15.2895 ], [ 100.0416, 15.2945 ], [ 100.055, 15.2868 ], [ 100.0576, 15.2738 ], [ 100.0789, 15.2953 ], [ 100.0796, 15.3179 ], [ 100.1006, 15.336 ], [ 100.0984, 15.3497 ], [ 100.0752, 15.3691 ], [ 100.0819, 15.3792 ], [ 100.106, 15.374 ], [ 100.0882, 15.4017 ], [ 100.0907, 15.4115 ], [ 100.1033, 15.4166 ], [ 100.1387, 15.4022 ], [ 100.1421, 15.3848 ], [ 100.1504, 15.389 ], [ 100.1701, 15.3736 ], [ 100.202, 15.3639 ], [ 100.2255, 15.3389 ], [ 100.2634, 15.2876 ] ] ] ] } },
{ "type": "Feature", "properties": { "jurisdiction": "Chaiyaphum", "total_segments": 153, "flagged_segments": 1, "mean_sss": 47.3, "flagged_pct": 0.7 }, "geometry": { "type": "MultiPolygon", "coordinates": [ [ [ [ 101.5033, 15.3577 ], [ 101.4742, 15.3676 ], [ 101.4351, 15.3689 ], [ 101.4125, 15.3149 ], [ 101.3908, 15.32 ], [ 101.382, 15.3377 ], [ 101.3792, 15.4317 ], [ 101.3876, 15.4731 ], [ 101.3717, 15.5823 ], [ 101.4078, 15.7345 ], [ 101.3937, 15.7435 ], [ 101.3851, 15.7351 ], [ 101.3368, 15.7536 ], [ 101.3397, 15.7664 ], [ 101.3299, 15.7833 ], [ 101.3182, 15.7879 ], [ 101.3321, 15.8013 ], [ 101.333, 15.8267 ], [ 101.3257, 15.8307 ], [ 101.3329, 15.8789 ], [ 101.354, 15.8873 ], [ 101.3762, 15.9178 ], [ 101.3624, 15.9226 ], [ 101.3755, 15.9658 ], [ 101.359, 15.9611 ], [ 101.3428, 15.9837 ], [ 101.3422, 16.0113 ], [ 101.3244, 16.0393 ], [ 101.343, 16.1509 ], [ 101.3649, 16.1831 ], [ 101.3833, 16.1871 ], [ 101.3734, 16.2191 ], [ 101.3772, 16.2397 ], [ 101.3535, 16.2542 ], [ 101.3763, 16.2681 ], [ 101.3724, 16.2887 ], [ 101.3838, 16.3127 ], [ 101.3831, 16.3442 ], [ 101.4141, 16.3806 ], [ 101.4039, 16.396 ], [ 101.4223, 16.4073 ], [ 101.429, 16.4255 ], [ 101.4493, 16.4355 ], [ 101.4524, 16.4539 ], [ 101.4748, 16.477 ], [ 101.4651, 16.5 ], [ 101.4687, 16.5181 ], [ 101.4743, 16.5272 ], [ 101.4855, 16.5234 ], [ 101.5207, 16.5468 ], [ 101.4979, 16.5694 ], [ 101.5019, 16.6082 ], [ 101.5278, 16.6183 ], [ 101.5109, 16.6547 ], [ 101.5126, 16.6779 ], [ 101.5287, 16.6776 ], [ 101.5401, 16.6641 ], [ 101.5502, 16.6664 ], [ 101.5632, 16.6478 ], [ 101.5734, 16.6475 ], [ 101.579, 16.6707 ], [ 101.5548, 16.7161 ], [ 101.5556, 16.7287 ], [ 101.5622, 16.7297 ], [ 101.5893, 16.7223 ], [ 101.5949, 16.7073 ], [ 101.6063, 16.7062 ], [ 101.6194, 16.6853 ], [ 101.6354, 16.6791 ], [ 101.6844, 16.6863 ], [ 101.728, 16.6498 ], [ 101.753, 16.6655 ], [ 101.7557, 16.6504 ], [ 101.7664, 16.6534 ], [ 101.7806, 16.645 ], [ 101.7761, 16.6268 ], [ 101.8075, 16.6508 ], [ 101.8244, 16.6484 ], [ 101.8313, 16.6565 ], [ 101.8546, 16.6554 ], [ 101.8565, 16.6478 ], [ 101.8752, 16.6407 ], [ 101.8916, 16.6428 ], [ 101.9078, 16.6263 ], [ 101.9142, 16.6322 ], [ 101.9212, 16.6256 ], [ 101.9289, 16.6324 ], [ 101.9536, 16.6323 ], [ 101.9577, 16.6165 ], [ 101.9795, 16.6094 ], [ 101.9855, 16.5953 ], [ 101.9804, 16.5868 ], [ 101.9941, 16.5819 ], [ 101.9915, 16.5652 ], [ 102.0255, 16.5567 ], [ 102.027, 16.5435 ], [ 102.0347, 16.5401 ], [ 102.0349, 16.5181 ], [ 102.046, 16.5067 ], [ 102.0758, 16.5008 ], [ 102.0704, 16.4921 ], [ 102.1254, 16.4925 ], [ 102.1599, 16.5014 ], [ 102.1747, 16.4894 ], [ 102.1851, 16.5045 ], [ 102.1951, 16.4967 ], [ 102.2056, 16.5024 ], [ 102.2697, 16.4535 ], [ 102.2794, 16.458 ], [ 102.3024, 16.444 ], [ 102.3197, 16.4547 ], [ 102.3253, 16.444 ], [ 102.367, 16.4517 ], [ 102.3675, 16.4369 ], [ 102.3756, 16.4347 ], [ 102.3852, 16.4441 ], [ 102.4014, 16.445 ], [ 102.3968, 16.4576 ], [ 102.4057, 16.4642 ], [ 102.4164, 16.4224 ], [ 102.4608, 16.3904 ], [ 102.4499, 16.3755 ], [ 102.4459, 16.3402 ], [ 102.422, 16.2976 ], [ 102.4131, 16.2667 ], [ 102.4161, 16.2478 ], [ 102.2826, 16.0737 ], [ 102.305, 16.0369 ], [ 102.3152, 16.0407 ], [ 102.3299, 16.0292 ], [ 102.341, 16.0366 ], [ 102.3546, 16.0243 ], [ 102.3575, 16.0036 ], [ 102.3887, 15.9914 ], [ 102.3865, 15.9778 ], [ 102.3666, 15.9624 ], [ 102.3763, 15.9436 ], [ 102.357, 15.9278 ], [ 102.3638, 15.9257 ], [ 102.3551, 15.8985 ], [ 102.339, 15.8719 ], [ 102.3221, 15.8647 ], [ 102.3173, 15.8459 ], [ 102.3297, 15.8028 ], [ 102.3142, 15.8065 ], [ 102.3088, 15.7914 ], [ 102.2943, 15.7839 ], [ 102.2586, 15.78 ], [ 102.2599, 15.7707 ], [ 102.2472, 15.756 ], [ 102.2512, 15.7494 ], [ 102.2319, 15.7427 ], [ 102.2052, 15.7557 ], [ 102.202, 15.7383 ], [ 102.1886, 15.7378 ], [ 102.1867, 15.7466 ], [ 102.166, 15.7439 ], [ 102.1645, 15.7363 ], [ 102.1568, 15.7407 ], [ 102.1632, 15.7256 ], [ 102.1544, 15.7252 ], [ 102.1506, 15.7059 ], [ 102.1443, 15.7058 ], [ 102.1478, 15.6837 ], [ 102.1382, 15.6699 ], [ 102.1289, 15.6697 ], [ 102.1287, 15.6499 ], [ 102.1243, 15.6533 ], [ 102.1223, 15.6442 ], [ 102.1039, 15.6373 ], [ 102.1069, 15.631 ], [ 102.1004, 15.6338 ], [ 102.0932, 15.6254 ], [ 102.0904, 15.6324 ], [ 102.086, 15.6199 ], [ 102.0759, 15.6218 ], [ 102.0635, 15.579 ], [ 102.0404, 15.5441 ], [ 102.0451, 15.5268 ], [ 102.0343, 15.4977 ], [ 102.0375, 15.4752 ], [ 102.0117, 15.4543 ], [ 101.9979, 15.4628 ], [ 101.9327, 15.4511 ], [ 101.8991, 15.3993 ], [ 101.8809, 15.3858 ], [ 101.8087, 15.4265 ], [ 101.7852, 15.3876 ], [ 101.771, 15.3798 ], [ 101.7302, 15.3808 ], [ 101.7049, 15.3932 ], [ 101.6864, 15.3899 ], [ 101.6598, 15.3999 ], [ 101.642, 15.3933 ], [ 101.6219, 15.3612 ], [ 101.5991, 15.3778 ], [ 101.5684, 15.3703 ], [ 101.5227, 15.3737 ], [ 101.5033, 15.3577 ] ] ] ] } },
{ "type": "Feature", "properties": { "jurisdiction": "Chanthaburi", "total_segments": 124, "flagged_segments": 5, "mean_sss": 54.8, "flagged_pct": 4.0 }, "geometry": { "type": "MultiPolygon", "coordinates": [ [ [ [ 102.1316, 12.3924 ], [ 102.1328, 12.3983 ], [ 102.1339, 12.3994 ], [ 102.1316, 12.3924 ] ] ], [ [ [ 102.1117, 12.4236 ], [ 102.1075, 12.4222 ], [ 102.1111, 12.4253 ], [ 102.1117, 12.4236 ] ] ], [ [ [ 102.2212, 12.3297 ], [ 102.1454, 12.4065 ], [ 102.13, 12.4122 ], [ 102.1267, 12.4039 ], [ 102.1194, 12.4075 ], [ 102.1258, 12.4186 ], [ 102.1075, 12.4478 ], [ 102.0608, 12.4806 ], [ 102.0717, 12.51 ], [ 102.0817, 12.51 ], [ 102.0814, 12.4994 ], [ 102.0978, 12.4947 ], [ 102.1058, 12.4831 ], [ 102.1072, 12.4953 ], [ 102.0858, 12.4994 ], [ 102.0836, 12.51 ], [ 102.0756, 12.5144 ], [ 102.1092, 12.5253 ], [ 102.1089, 12.5418 ], [ 102.0931, 12.5225 ], [ 102.0689, 12.53 ], [ 102.0847, 12.5353 ], [ 102.0908, 12.5444 ], [ 102.0489, 12.5292 ], [ 102.0439, 12.5385 ], [ 102.0231, 12.5456 ], [ 102.0305, 12.5498 ], [ 102.0275, 12.5622 ], [ 102.0414, 12.5586 ], [ 102.0535, 12.5763 ], [ 102.0397, 12.5608 ], [ 102.022, 12.5706 ], [ 102.0065, 12.5653 ], [ 102.0062, 12.5752 ], [ 102.0045, 12.5712 ], [ 102.0066, 12.5637 ], [ 102.0264, 12.5656 ], [ 102.0219, 12.5396 ], [ 102.0342, 12.5389 ], [ 102.0461, 12.525 ], [ 102.0624, 12.5257 ], [ 102.055, 12.4856 ], [ 102.06, 12.4694 ], [ 102.0439, 12.4719 ], [ 102.0461, 12.4903 ], [ 102.0356, 12.4889 ], [ 102.0433, 12.4936 ], [ 102.041, 12.5006 ], [ 102.0181, 12.5236 ], [ 101.9836, 12.5411 ], [ 101.9492, 12.54 ], [ 101.9578, 12.5617 ], [ 101.9536, 12.5728 ], [ 101.9631, 12.5811 ], [ 101.95, 12.5961 ], [ 101.9697, 12.6239 ], [ 101.9531, 12.6189 ], [ 101.96, 12.6114 ], [ 101.9517, 12.6047 ], [ 101.9387, 12.5888 ], [ 101.9278, 12.5947 ], [ 101.9436, 12.5686 ], [ 101.9428, 12.56 ], [ 101.9511, 12.5186 ], [ 101.9493, 12.5162 ], [ 101.9436, 12.5325 ], [ 101.9287, 12.5372 ], [ 101.898, 12.5703 ], [ 101.8892, 12.57 ], [ 101.884, 12.5823 ], [ 101.9075, 12.5758 ], [ 101.905, 12.5961 ], [ 101.8833, 12.601 ], [ 101.8821, 12.5884 ], [ 101.8661, 12.6156 ], [ 101.8625, 12.6425 ], [ 101.7853, 12.6931 ], [ 101.7914, 12.7008 ], [ 101.7854, 12.7101 ], [ 101.8001, 12.7224 ], [ 101.8014, 12.7484 ], [ 101.8207, 12.7536 ], [ 101.8195, 12.8 ], [ 101.832, 12.8233 ], [ 101.8266, 12.8745 ], [ 101.8163, 12.9009 ], [ 101.809, 12.8857 ], [ 101.7914, 12.942 ], [ 101.7799, 12.9517 ], [ 101.7576, 12.9399 ], [ 101.7401, 12.9582 ], [ 101.7399, 12.9814 ], [ 101.7603, 13.0126 ], [ 101.7587, 13.03 ], [ 101.7457, 13.0366 ], [ 101.7279, 13.0288 ], [ 101.7186, 13.033 ], [ 101.6946, 13.0911 ], [ 101.7013, 13.1076 ], [ 101.6868, 13.1155 ], [ 101.6985, 13.1512 ], [ 101.7143, 13.1617 ], [ 101.7199, 13.1797 ], [ 101.7735, 13.1829 ], [ 101.8211, 13.2174 ], [ 101.8289, 13.2356 ], [ 101.8385, 13.2325 ], [ 101.8509, 13.246 ], [ 101.8709, 13.2488 ], [ 101.8746, 13.2214 ], [ 101.8843, 13.2352 ], [ 101.8923, 13.2259 ], [ 101.9019, 13.2338 ], [ 101.8986, 13.2619 ], [ 101.907, 13.2706 ], [ 101.9066, 13.286 ], [ 101.9288, 13.2943 ], [ 101.9297, 13.2876 ], [ 101.9478, 13.2919 ], [ 101.9688, 13.3237 ], [ 101.9903, 13.3322 ], [ 102.0139, 13.2885 ], [ 102.0362, 13.2827 ], [ 102.0297, 13.2357 ], [ 102.0582, 13.2397 ], [ 102.0732, 13.2545 ], [ 102.11, 13.2631 ], [ 102.1193, 13.2764 ], [ 102.131, 13.3346 ], [ 102.1536, 13.2971 ], [ 102.1894, 13.3011 ], [ 102.2058, 13.2569 ], [ 102.2219, 13.2631 ], [ 102.2694, 13.2544 ], [ 102.2874, 13.2592 ], [ 102.2968, 13.2831 ], [ 102.2926, 13.2989 ], [ 102.3124, 13.2858 ], [ 102.337, 13.315 ], [ 102.3529, 13.2974 ], [ 102.3494, 13.2774 ], [ 102.3671, 13.2629 ], [ 102.3706, 13.2368 ], [ 102.3932, 13.1992 ], [ 102.399, 13.1566 ], [ 102.4178, 13.1373 ], [ 102.4166, 13.123 ], [ 102.4338, 13.0909 ], [ 102.4595, 13.0822 ], [ 102.4944, 13.0134 ], [ 102.5301, 13.0025 ], [ 102.4873, 12.9832 ], [ 102.5008, 12.9606 ], [ 102.4855, 12.948 ], [ 102.5091, 12.8951 ], [ 102.5078, 12.8658 ], [ 102.4982, 12.8578 ], [ 102.5148, 12.8411 ], [ 102.5147, 12.8233 ], [ 102.5319, 12.8128 ], [ 102.534, 12.7702 ], [ 102.5175, 12.7519 ], [ 102.4932, 12.7554 ], [ 102.4759, 12.7347 ], [ 102.4426, 12.7362 ], [ 102.4261, 12.7221 ], [ 102.425, 12.7107 ], [ 102.4019, 12.6982 ], [ 102.3949, 12.6787 ], [ 102.3858, 12.6776 ], [ 102.3918, 12.6312 ], [ 102.4023, 12.6145 ], [ 102.3888, 12.6032 ], [ 102.424, 12.5685 ], [ 102.3999, 12.5674 ], [ 102.3764, 12.5958 ], [ 102.3602, 12.5949 ], [ 102.3481, 12.5894 ], [ 102.34, 12.5683 ], [ 102.3064, 12.5538 ], [ 102.3174, 12.5379 ], [ 102.3172, 12.5102 ], [ 102.3312, 12.5028 ], [ 102.3431, 12.4801 ], [ 102.3384, 12.4631 ], [ 102.3213, 12.4511 ], [ 102.3313, 12.4445 ], [ 102.3269, 12.4264 ], [ 102.3688, 12.4018 ], [ 102.3706, 12.3878 ], [ 102.3636, 12.3864 ], [ 102.3422, 12.3675 ], [ 102.3314, 12.3725 ], [ 102.3328, 12.3803 ], [ 102.3225, 12.3811 ], [ 102.318, 12.3763 ], [ 102.3197, 12.3811 ], [ 102.315, 12.3862 ], [ 102.3169, 12.3758 ], [ 102.3264, 12.3754 ], [ 102.3201, 12.3658 ], [ 102.3253, 12.3717 ], [ 102.3389, 12.3672 ], [ 102.3339, 12.3558 ], [ 102.3311, 12.3619 ], [ 102.3178, 12.3583 ], [ 102.3311, 12.3605 ], [ 102.3364, 12.3364 ], [ 102.3147, 12.3233 ], [ 102.305, 12.3061 ], [ 102.2839, 12.32 ], [ 102.2772, 12.3392 ], [ 102.2884, 12.3439 ], [ 102.2711, 12.3472 ], [ 102.2672, 12.3681 ], [ 102.2872, 12.3758 ], [ 102.2933, 12.3725 ], [ 102.2964, 12.375 ], [ 102.2831, 12.3931 ], [ 102.2817, 12.4103 ], [ 102.2992, 12.4167 ], [ 102.3008, 12.4222 ], [ 102.2917, 12.4153 ], [ 102.2872, 12.4222 ], [ 102.2811, 12.4142 ], [ 102.2742, 12.385 ], [ 102.2561, 12.4161 ], [ 102.2664, 12.4403 ], [ 102.2258, 12.4225 ], [ 102.2156, 12.4417 ], [ 102.1889, 12.435 ], [ 102.1997, 12.4539 ], [ 102.1947, 12.4583 ], [ 102.1875, 12.4342 ], [ 102.2156, 12.4381 ], [ 102.2192, 12.4222 ], [ 102.2022, 12.4047 ], [ 102.2344, 12.4183 ], [ 102.2472, 12.4075 ], [ 102.2372, 12.3981 ], [ 102.2316, 12.3815 ], [ 102.2456, 12.3742 ], [ 102.2408, 12.3614 ], [ 102.2532, 12.3821 ], [ 102.2581, 12.3496 ], [ 102.2764, 12.3253 ], [ 102.2758, 12.3106 ], [ 102.2542, 12.3061 ], [ 102.2212, 12.3297 ] ] ], [ [ [ 102.1037, 12.4912 ], [ 102.1017, 12.493 ], [ 102.1025, 12.4933 ], [ 102.1037, 12.4912 ] ] ], [ [ [ 102.3483, 12.3656 ], [ 102.3517, 12.3717 ], [ 102.3568, 12.3733 ], [ 102.3483, 12.3656 ] ] ], [ [ [ 102.3576, 12.3737 ], [ 102.3578, 12.3739 ], [ 102.3581, 12.3739 ], [ 102.3576, 12.3737 ] ] ], [ [ [ 102.3581, 12.3739 ], [ 102.3633, 12.3839 ], [ 102.3667, 12.3861 ], [ 102.3605, 12.375 ], [ 102.3581, 12.3739 ] ] ], [ [ [ 102.2517, 12.2853 ], [ 102.2511, 12.2903 ], [ 102.2531, 12.2867 ], [ 102.2517, 12.2853 ] ] ], [ [ [ 102.2406, 12.2972 ], [ 102.2381, 12.2858 ], [ 102.235, 12.2967 ], [ 102.2406, 12.2972 ] ] ], [ [ [ 102.2475, 12.3931 ], [ 102.2461, 12.3814 ], [ 102.233, 12.3828 ], [ 102.2394, 12.3978 ], [ 102.2475, 12.3931 ] ] ], [ [ [ 102.2792, 12.3856 ], [ 102.2944, 12.3758 ], [ 102.2939, 12.3742 ], [ 102.2792, 12.3856 ] ] ], [ [ [ 102.3689, 12.3858 ], [ 102.3725, 12.3897 ], [ 102.3714, 12.3928 ], [ 102.3735, 12.3897 ], [ 102.3733, 12.3869 ], [ 102.3689, 12.3858 ] ] ], [ [ [ 102.0213, 12.4631 ], [ 102.0247, 12.4635 ], [ 102.0249, 12.4601 ], [ 102.0213, 12.4631 ] ] ], [ [ [ 101.9477, 12.5073 ], [ 101.9478, 12.5136 ], [ 101.9497, 12.5142 ], [ 101.9514, 12.5117 ], [ 101.9477, 12.5073 ] ] ], [ [ [ 101.9489, 12.5578 ], [ 101.9442, 12.5581 ], [ 101.9458, 12.5619 ], [ 101.9489, 12.5578 ] ] ], [ [ [ 101.9536, 12.6029 ], [ 101.9533, 12.6043 ], [ 101.9542, 12.6043 ], [ 101.9536, 12.6029 ] ] ] ] } },
{ "type": "Feature", "properties": { "jurisdiction": "ChiangMai", "total_segments": 369, "flagged_segments": 13, "mean_sss": 48.0, "flagged_pct": 3.5 }, "geometry": { "type": "MultiPolygon", "coordinates": [ [ [ [ 98.5508, 17.5623 ], [ 98.5288, 17.535 ], [ 98.5203, 17.509 ], [ 98.5256, 17.4949 ], [ 98.5202, 17.4767 ], [ 98.53, 17.4518 ], [ 98.5466, 17.4466 ], [ 98.5598, 17.4304 ], [ 98.5562, 17.3939 ], [ 98.5386, 17.3615 ], [ 98.5628, 17.3496 ], [ 98.5556, 17.336 ], [ 98.5582, 17.2937 ], [ 98.5784, 17.2978 ], [ 98.5756, 17.2834 ], [ 98.5306, 17.2727 ], [ 98.5188, 17.279 ], [ 98.4979, 17.2737 ], [ 98.4884, 17.2896 ], [ 98.4941, 17.2998 ], [ 98.4837, 17.2907 ], [ 98.4875, 17.3 ], [ 98.4581, 17.3126 ], [ 98.4388, 17.3027 ], [ 98.3983, 17.3047 ], [ 98.3627, 17.287 ], [ 98.3228, 17.31 ], [ 98.3191, 17.3215 ], [ 98.3329, 17.3273 ], [ 98.3346, 17.3479 ], [ 98.3189, 17.3648 ], [ 98.3208, 17.3771 ], [ 98.2929, 17.4056 ], [ 98.3231, 17.4146 ], [ 98.3287, 17.4274 ], [ 98.3211, 17.4439 ], [ 98.3303, 17.469 ], [ 98.298, 17.5739 ], [ 98.2688, 17.5773 ], [ 98.2387, 17.5476 ], [ 98.1802, 17.5354 ], [ 98.1692, 17.5449 ], [ 98.1389, 17.5392 ], [ 98.1279, 17.5649 ], [ 98.1081, 17.5846 ], [ 98.1071, 17.61 ], [ 98.0922, 17.6354 ], [ 98.1461, 17.6804 ], [ 98.1541, 17.7287 ], [ 98.1366, 17.7574 ], [ 98.1478, 17.7754 ], [ 98.1339, 17.7941 ], [ 98.1109, 17.7929 ], [ 98.0892, 17.807 ], [ 98.0751, 17.8263 ], [ 98.0691, 17.8523 ], [ 98.012, 17.8928 ], [ 98.012, 17.9225 ], [ 98.0185, 17.9188 ], [ 98.0255, 17.9352 ], [ 98.0903, 17.9605 ], [ 98.1448, 17.934 ], [ 98.1709, 17.9718 ], [ 98.2453, 17.9873 ], [ 98.2347, 18.025 ], [ 98.2579, 18.0345 ], [ 98.2655, 18.0464 ], [ 98.2749, 18.0424 ], [ 98.2902, 18.0733 ], [ 98.2875, 18.0822 ], [ 98.2682, 18.0843 ], [ 98.2486, 18.0745 ], [ 98.2429, 18.0858 ], [ 98.2308, 18.0878 ], [ 98.2319, 18.0966 ], [ 98.2208, 18.087 ], [ 98.2067, 18.0872 ], [ 98.1918, 18.1124 ], [ 98.1678, 18.1168 ], [ 98.1691, 18.139 ], [ 98.1579, 18.1608 ], [ 98.1774, 18.1882 ], [ 98.168, 18.2017 ], [ 98.1735, 18.2158 ], [ 98.1489, 18.2253 ], [ 98.137, 18.2645 ], [ 98.1464, 18.2817 ], [ 98.1938, 18.2826 ], [ 98.2035, 18.2892 ], [ 98.1742, 18.298 ], [ 98.171, 18.3467 ], [ 98.1475, 18.3608 ], [ 98.125, 18.3941 ], [ 98.1266, 18.4046 ], [ 98.0955, 18.4189 ], [ 98.0834, 18.4155 ], [ 98.0752, 18.4268 ], [ 98.0843, 18.4446 ], [ 98.1072, 18.4562 ], [ 98.1236, 18.5006 ], [ 98.1718, 18.524 ], [ 98.1762, 18.5453 ], [ 98.2104, 18.5357 ], [ 98.2381, 18.5679 ], [ 98.2295, 18.584 ], [ 98.2142, 18.589 ], [ 98.2118, 18.606 ], [ 98.1851, 18.6079 ], [ 98.1843, 18.6218 ], [ 98.146, 18.6372 ], [ 98.1188, 18.6331 ], [ 98.1071, 18.6467 ], [ 98.1138, 18.6683 ], [ 98.1065, 18.6759 ], [ 98.1016, 18.7012 ], [ 98.1084, 18.7119 ], [ 98.0978, 18.7372 ], [ 98.1218, 18.7565 ], [ 98.1226, 18.7729 ], [ 98.0991, 18.7735 ], [ 98.0907, 18.7821 ], [ 98.0808, 18.8193 ], [ 98.0905, 18.8593 ], [ 98.1261, 18.9059 ], [ 98.1586, 18.9178 ], [ 98.1588, 18.9354 ], [ 98.174, 18.9495 ], [ 98.1653, 18.9798 ], [ 98.1714, 18.9983 ], [ 98.186, 19.0114 ], [ 98.1917, 19.0396 ], [ 98.2066, 19.0466 ], [ 98.2277, 19.0859 ], [ 98.252, 19.1064 ], [ 98.242, 19.1385 ], [ 98.2543, 19.1586 ], [ 98.266, 19.1511 ], [ 98.3438, 19.1494 ], [ 98.3549, 19.0919 ], [ 98.3717, 19.0838 ], [ 98.3736, 19.0642 ], [ 98.3876, 19.0585 ], [ 98.4022, 19.0342 ], [ 98.422, 19.0261 ], [ 98.4409, 19.0458 ], [ 98.5472, 19.0243 ], [ 98.5694, 19.0436 ], [ 98.5944, 19.0414 ], [ 98.634, 19.0604 ], [ 98.6498, 19.0797 ], [ 98.6528, 19.093 ], [ 98.634, 19.154 ], [ 98.5861, 19.1856 ], [ 98.5694, 19.208 ], [ 98.6, 19.228 ], [ 98.5906, 19.2592 ], [ 98.6055, 19.2776 ], [ 98.596, 19.286 ], [ 98.6026, 19.3065 ], [ 98.5907, 19.3306 ], [ 98.5965, 19.352 ], [ 98.5823, 19.3652 ], [ 98.5748, 19.3877 ], [ 98.5957, 19.4013 ], [ 98.5873, 19.4138 ], [ 98.5863, 19.4417 ], [ 98.6006, 19.4678 ], [ 98.5965, 19.4877 ], [ 98.5801, 19.5072 ], [ 98.5701, 19.5065 ], [ 98.5671, 19.5448 ], [ 98.5443, 19.5568 ], [ 98.5403, 19.6092 ], [ 98.4708, 19.6595 ], [ 98.4704, 19.6921 ], [ 98.5123, 19.7155 ], [ 98.5676, 19.6696 ], [ 98.5748, 19.7014 ], [ 98.5899, 19.711 ], [ 98.626, 19.7114 ], [ 98.628, 19.7243 ], [ 98.7141, 19.7616 ], [ 98.7411, 19.7515 ], [ 98.7531, 19.7582 ], [ 98.779, 19.7497 ], [ 98.7983, 19.7731 ], [ 98.8289, 19.7903 ], [ 98.8415, 19.8111 ], [ 98.9104, 19.7611 ], [ 98.9188, 19.7395 ], [ 98.9319, 19.7715 ], [ 98.9825, 19.7319 ], [ 98.9936, 19.7805 ], [ 99.0053, 19.7795 ], [ 99.017, 19.7924 ], [ 99.0324, 19.8317 ], [ 99.036, 19.8527 ], [ 99.0257, 19.8621 ], [ 99.0246, 19.9254 ], [ 99.0441, 19.9283 ], [ 99.0462, 19.9469 ], [ 99.0321, 19.9692 ], [ 99.0383, 19.9876 ], [ 99.0559, 20.0004 ], [ 99.0455, 20.0138 ], [ 99.0457, 20.0341 ], [ 99.0582, 20.0598 ], [ 99.0693, 20.0663 ], [ 99.0697, 20.0871 ], [ 99.0785, 20.0986 ], [ 99.0923, 20.0949 ], [ 99.0974, 20.1033 ], [ 99.1044, 20.0949 ], [ 99.1337, 20.1029 ], [ 99.1314, 20.1173 ], [ 99.1635, 20.1297 ], [ 99.214, 20.1277 ], [ 99.2257, 20.1166 ], [ 99.2372, 20.1215 ], [ 99.2452, 20.1115 ], [ 99.2619, 20.1108 ], [ 99.2959, 20.0802 ], [ 99.3263, 20.0666 ], [ 99.3835, 20.0865 ], [ 99.441, 20.0872 ], [ 99.4466, 20.0954 ], [ 99.5, 20.113 ], [ 99.4993, 20.1302 ], [ 99.5162, 20.1436 ], [ 99.5249, 20.1348 ], [ 99.558, 20.1274 ], [ 99.5739, 20.1116 ], [ 99.5624, 20.0986 ], [ 99.5499, 20.1011 ], [ 99.4953, 20.0781 ], [ 99.4962, 20.0627 ], [ 99.5249, 20.0469 ], [ 99.5272, 20.0391 ], [ 99.5085, 20.052 ], [ 99.469, 20.0313 ], [ 99.4806, 20.0121 ], [ 99.4492, 19.9732 ], [ 99.4231, 19.961 ], [ 99.4165, 19.9349 ], [ 99.4221, 19.9162 ], [ 99.4004, 19.9091 ], [ 99.3856, 19.8894 ], [ 99.39, 19.8618 ], [ 99.4145, 19.8425 ], [ 99.4106, 19.8292 ], [ 99.4217, 19.812 ], [ 99.3931, 19.8109 ], [ 99.378, 19.779 ], [ 99.3638, 19.7744 ], [ 99.3615, 19.7251 ], [ 99.3499, 19.7214 ], [ 99.3461, 19.7091 ], [ 99.3152, 19.7053 ], [ 99.2955, 19.6772 ], [ 99.2662, 19.6606 ], [ 99.2602, 19.6448 ], [ 99.2687, 19.6078 ], [ 99.2862, 19.6006 ], [ 99.3001, 19.5605 ], [ 99.3188, 19.551 ], [ 99.3269, 19.537 ], [ 99.303, 19.5144 ], [ 99.2963, 19.4934 ], [ 99.2987, 19.486 ], [ 99.3104, 19.4847 ], [ 99.308, 19.471 ], [ 99.3188, 19.4527 ], [ 99.3112, 19.4261 ], [ 99.3298, 19.3983 ], [ 99.3338, 19.3585 ], [ 99.3184, 19.3477 ], [ 99.3438, 19.2662 ], [ 99.312, 19.2224 ], [ 99.3157, 19.2063 ], [ 99.3048, 19.191 ], [ 99.3076, 19.1742 ], [ 99.3204, 19.1632 ], [ 99.3228, 19.121 ], [ 99.346, 19.0841 ], [ 99.364, 19.0791 ], [ 99.3673, 19.0665 ], [ 99.3851, 19.0603 ], [ 99.3832, 19.0456 ], [ 99.4025, 18.9976 ], [ 99.3756, 18.9811 ], [ 99.377, 18.9578 ], [ 99.3877, 18.9422 ], [ 99.3799, 18.9203 ], [ 99.3924, 18.8837 ], [ 99.3872, 18.866 ], [ 99.3537, 18.8447 ], [ 99.3523, 18.8348 ], [ 99.3722, 18.7783 ], [ 99.3726, 18.7521 ], [ 99.3495, 18.7316 ], [ 99.329, 18.683 ], [ 99.3503, 18.6538 ], [ 99.3337, 18.647 ], [ 99.329, 18.6192 ], [ 99.36, 18.6052 ], [ 99.3503, 18.5905 ], [ 99.3549, 18.5773 ], [ 99.3345, 18.5743 ], [ 99.3243, 18.5341 ], [ 99.297, 18.5364 ], [ 99.2638, 18.5702 ], [ 99.2204, 18.5906 ], [ 99.2371, 18.6156 ], [ 99.2357, 18.6486 ], [ 99.2086, 18.6575 ], [ 99.1906, 18.6775 ], [ 99.1895, 18.7052 ], [ 99.1574, 18.7081 ], [ 99.1146, 18.6774 ], [ 99.0778, 18.6797 ], [ 99.0534, 18.6664 ], [ 99.0133, 18.6719 ], [ 99.0064, 18.6427 ], [ 98.9793, 18.6337 ], [ 98.9672, 18.6138 ], [ 98.9709, 18.6013 ], [ 98.9345, 18.5527 ], [ 98.9367, 18.5411 ], [ 98.8831, 18.5094 ], [ 98.8693, 18.513 ], [ 98.8579, 18.4981 ], [ 98.8494, 18.5053 ], [ 98.8419, 18.4864 ], [ 98.8152, 18.4613 ], [ 98.7786, 18.4479 ], [ 98.767, 18.4332 ], [ 98.7452, 18.4297 ], [ 98.7286, 18.444 ], [ 98.7206, 18.4323 ], [ 98.709, 18.4385 ], [ 98.695, 18.4148 ], [ 98.7097, 18.4096 ], [ 98.6826, 18.3671 ], [ 98.7053, 18.3336 ], [ 98.6746, 18.3255 ], [ 98.6767, 18.3125 ], [ 98.6667, 18.3005 ], [ 98.7771, 18.2486 ], [ 98.7745, 18.2291 ], [ 98.7866, 18.2145 ], [ 98.7844, 18.1777 ], [ 98.7934, 18.1599 ], [ 98.806, 18.1534 ], [ 98.8109, 18.1142 ], [ 98.7995, 18.0859 ], [ 98.8149, 18.0777 ], [ 98.7989, 18.0561 ], [ 98.7947, 18.0279 ], [ 98.779, 18.0014 ], [ 98.8092, 18.0069 ], [ 98.835, 17.9868 ], [ 98.8333, 17.9721 ], [ 98.8419, 17.9637 ], [ 98.8726, 17.8486 ], [ 98.863, 17.8542 ], [ 98.8552, 17.8467 ], [ 98.8565, 17.8124 ], [ 98.8228, 17.7954 ], [ 98.8002, 17.7954 ], [ 98.7963, 17.8213 ], [ 98.7848, 17.831 ], [ 98.7641, 17.8003 ], [ 98.7427, 17.8032 ], [ 98.7274, 17.7922 ], [ 98.6866, 17.7894 ], [ 98.69, 17.7652 ], [ 98.6411, 17.7352 ], [ 98.6283, 17.7711 ], [ 98.5985, 17.8008 ], [ 98.5848, 17.7997 ], [ 98.574, 17.8083 ], [ 98.5612, 17.7944 ], [ 98.5207, 17.8229 ], [ 98.512, 17.8113 ], [ 98.4957, 17.8122 ], [ 98.4957, 17.7957 ], [ 98.5117, 17.7872 ], [ 98.5054, 17.7576 ], [ 98.5268, 17.7051 ], [ 98.5234, 17.6814 ], [ 98.5335, 17.6195 ], [ 98.5643, 17.6142 ], [ 98.5873, 17.5781 ], [ 98.5508, 17.5623 ] ] ] ] } },
{ "type": "Feature", "properties": { "jurisdiction": "ChiangRai", "total_segments": 239, "flagged_segments": 2, "mean_sss": 42.0, "flagged_pct": 0.8 }, "geometry": { "type": "MultiPolygon", "coordinates": [ [ [ [ 99.4025, 18.9976 ], [ 99.3832, 19.0456 ], [ 99.3851, 19.0603 ], [ 99.3673, 19.0665 ], [ 99.364, 19.0791 ], [ 99.346, 19.0841 ], [ 99.3228, 19.121 ], [ 99.3204, 19.1632 ], [ 99.3076, 19.1742 ], [ 99.3048, 19.191 ], [ 99.3157, 19.2063 ], [ 99.312, 19.2224 ], [ 99.3438, 19.2662 ], [ 99.3184, 19.3477 ], [ 99.3338, 19.3585 ], [ 99.3298, 19.3983 ], [ 99.3112, 19.4261 ], [ 99.3188, 19.4527 ], [ 99.308, 19.471 ], [ 99.3104, 19.4847 ], [ 99.2987, 19.486 ], [ 99.2963, 19.4934 ], [ 99.303, 19.5144 ], [ 99.3269, 19.537 ], [ 99.3188, 19.551 ], [ 99.3001, 19.5605 ], [ 99.2862, 19.6006 ], [ 99.2687, 19.6078 ], [ 99.2602, 19.6448 ], [ 99.2662, 19.6606 ], [ 99.2955, 19.6772 ], [ 99.3152, 19.7053 ], [ 99.3461, 19.7091 ], [ 99.3499, 19.7214 ], [ 99.3615, 19.7251 ], [ 99.3638, 19.7744 ], [ 99.378, 19.779 ], [ 99.3931, 19.8109 ], [ 99.4217, 19.812 ], [ 99.4106, 19.8292 ], [ 99.4145, 19.8425 ], [ 99.39, 19.8618 ], [ 99.3848, 19.887 ], [ 99.4004, 19.9091 ], [ 99.4221, 19.9162 ], [ 99.4165, 19.9349 ], [ 99.4231, 19.961 ], [ 99.4492, 19.9732 ], [ 99.4806, 20.0121 ], [ 99.469, 20.0313 ], [ 99.5085, 20.052 ], [ 99.5272, 20.0391 ], [ 99.4962, 20.0627 ], [ 99.4953, 20.0781 ], [ 99.5499, 20.1011 ], [ 99.5624, 20.0986 ], [ 99.5739, 20.1116 ], [ 99.558, 20.1274 ], [ 99.5249, 20.1348 ], [ 99.5162, 20.1436 ], [ 99.5206, 20.1501 ], [ 99.5421, 20.1451 ], [ 99.5411, 20.1619 ], [ 99.5565, 20.177 ], [ 99.5658, 20.2038 ], [ 99.5241, 20.2316 ], [ 99.5071, 20.2921 ], [ 99.5091, 20.3234 ], [ 99.4984, 20.3391 ], [ 99.4592, 20.3603 ], [ 99.4595, 20.3907 ], [ 99.498, 20.3834 ], [ 99.5182, 20.3601 ], [ 99.56, 20.3558 ], [ 99.6142, 20.3298 ], [ 99.6462, 20.3417 ], [ 99.6837, 20.3146 ], [ 99.7215, 20.3267 ], [ 99.72, 20.3408 ], [ 99.7327, 20.3479 ], [ 99.7782, 20.3326 ], [ 99.8128, 20.3341 ], [ 99.8429, 20.3706 ], [ 99.8427, 20.4003 ], [ 99.8579, 20.4124 ], [ 99.8718, 20.443 ], [ 99.9234, 20.4439 ], [ 99.9618, 20.4631 ], [ 99.9818, 20.448 ], [ 99.9777, 20.4385 ], [ 99.9909, 20.434 ], [ 99.9891, 20.4209 ], [ 99.9968, 20.4199 ], [ 99.9919, 20.416 ], [ 100.0051, 20.4106 ], [ 100.0105, 20.4165 ], [ 100.0562, 20.386 ], [ 100.0592, 20.3945 ], [ 100.0684, 20.3924 ], [ 100.0657, 20.3836 ], [ 100.0741, 20.3864 ], [ 100.0687, 20.3733 ], [ 100.0801, 20.3787 ], [ 100.0883, 20.367 ], [ 100.0812, 20.3615 ], [ 100.0982, 20.316 ], [ 100.0926, 20.2767 ], [ 100.0994, 20.259 ], [ 100.114, 20.2484 ], [ 100.1627, 20.2421 ], [ 100.1757, 20.2457 ], [ 100.1827, 20.2614 ], [ 100.1695, 20.2962 ], [ 100.2228, 20.3152 ], [ 100.2309, 20.3293 ], [ 100.227, 20.35 ], [ 100.2487, 20.3664 ], [ 100.2536, 20.3857 ], [ 100.2744, 20.3988 ], [ 100.3326, 20.3964 ], [ 100.3573, 20.3759 ], [ 100.3614, 20.3533 ], [ 100.3771, 20.3487 ], [ 100.3838, 20.3137 ], [ 100.4081, 20.28 ], [ 100.4168, 20.2525 ], [ 100.454, 20.2297 ], [ 100.4576, 20.1976 ], [ 100.4801, 20.1867 ], [ 100.5106, 20.148 ], [ 100.5304, 20.1419 ], [ 100.5548, 20.1735 ], [ 100.5798, 20.1665 ], [ 100.5717, 20.0966 ], [ 100.5625, 20.0845 ], [ 100.5537, 20.0292 ], [ 100.544, 20.0207 ], [ 100.5193, 19.944 ], [ 100.5209, 19.9118 ], [ 100.4982, 19.8736 ], [ 100.4626, 19.8551 ], [ 100.4448, 19.8354 ], [ 100.446, 19.8131 ], [ 100.4159, 19.7774 ], [ 100.4073, 19.7312 ], [ 100.3606, 19.6871 ], [ 100.3356, 19.6818 ], [ 100.3185, 19.6468 ], [ 100.2853, 19.6418 ], [ 100.2824, 19.6501 ], [ 100.2699, 19.6398 ], [ 100.2626, 19.6466 ], [ 100.2382, 19.6063 ], [ 100.2159, 19.6076 ], [ 100.1841, 19.5857 ], [ 100.1678, 19.5852 ], [ 100.1614, 19.5616 ], [ 100.0766, 19.5446 ], [ 100.062, 19.5244 ], [ 100.0693, 19.519 ], [ 100.0677, 19.4552 ], [ 100.0483, 19.4406 ], [ 100.0119, 19.4373 ], [ 100.0122, 19.4243 ], [ 100.0, 19.4337 ], [ 99.9942, 19.4274 ], [ 99.9509, 19.4268 ], [ 99.9233, 19.4048 ], [ 99.9163, 19.4309 ], [ 99.9013, 19.4241 ], [ 99.8791, 19.4537 ], [ 99.8656, 19.444 ], [ 99.7881, 19.4486 ], [ 99.716, 19.4178 ], [ 99.7081, 19.4235 ], [ 99.6847, 19.4204 ], [ 99.6907, 19.3802 ], [ 99.6781, 19.3903 ], [ 99.6328, 19.3819 ], [ 99.5671, 19.416 ], [ 99.5648, 19.4026 ], [ 99.5775, 19.3873 ], [ 99.5827, 19.3519 ], [ 99.5746, 19.3446 ], [ 99.5829, 19.3362 ], [ 99.5772, 19.326 ], [ 99.582, 19.3089 ], [ 99.5796, 19.2913 ], [ 99.5658, 19.2818 ], [ 99.5643, 19.2641 ], [ 99.5473, 19.2386 ], [ 99.5508, 19.2226 ], [ 99.5378, 19.1603 ], [ 99.5513, 19.1551 ], [ 99.5617, 19.1382 ], [ 99.5391, 19.1071 ], [ 99.5412, 19.0835 ], [ 99.5311, 19.0744 ], [ 99.4958, 19.0758 ], [ 99.4856, 19.0685 ], [ 99.4669, 19.0343 ], [ 99.4379, 19.006 ], [ 99.4025, 18.9976 ] ] ] ] } },
{ "type": "Feature", "properties": { "jurisdiction": "ChonBuri", "total_segments": 345, "flagged_segments": 8, "mean_sss": 45.7, "flagged_pct": 2.3 }, "geometry": { "type": "MultiPolygon", "coordinates": [ [ [ [ 100.9574, 12.5276 ], [ 100.9605, 12.5163 ], [ 100.9569, 12.5079 ], [ 100.952, 12.5154 ], [ 100.9574, 12.5276 ] ] ], [ [ [ 100.9529, 12.587 ], [ 100.9632, 12.5628 ], [ 100.9523, 12.5495 ], [ 100.9419, 12.5801 ], [ 100.9529, 12.587 ] ] ], [ [ [ 100.9361, 12.5734 ], [ 100.9307, 12.5729 ], [ 100.9347, 12.5766 ], [ 100.9361, 12.5734 ] ] ], [ [ [ 100.9161, 12.6014 ], [ 100.9178, 12.6064 ], [ 100.9181, 12.5997 ], [ 100.9161, 12.6014 ] ] ], [ [ [ 100.969, 12.6452 ], [ 100.9618, 12.5942 ], [ 100.9353, 12.6089 ], [ 100.9248, 12.6062 ], [ 100.9128, 12.6256 ], [ 100.9275, 12.6322 ], [ 100.9302, 12.645 ], [ 100.9127, 12.6605 ], [ 100.8499, 12.6498 ], [ 100.8619, 12.667 ], [ 100.8567, 12.6756 ], [ 100.8429, 12.6705 ], [ 100.8406, 12.6831 ], [ 100.855, 12.6935 ], [ 100.8366, 12.6969 ], [ 100.834, 12.7134 ], [ 100.8407, 12.7526 ], [ 100.8535, 12.7541 ], [ 100.8565, 12.7645 ], [ 100.8703, 12.7699 ], [ 100.8796, 12.7613 ], [ 100.8944, 12.7672 ], [ 100.9135, 12.8071 ], [ 100.8961, 12.8599 ], [ 100.8558, 12.9105 ], [ 100.8619, 12.9299 ], [ 100.8693, 12.9252 ], [ 100.8836, 12.9394 ], [ 100.8829, 12.9706 ], [ 100.9127, 12.9804 ], [ 100.928, 13.011 ], [ 100.9147, 13.0447 ], [ 100.9092, 13.0425 ], [ 100.9078, 13.0497 ], [ 100.8911, 13.0425 ], [ 100.9056, 13.0539 ], [ 100.8883, 13.0531 ], [ 100.8847, 13.0608 ], [ 100.8962, 13.0691 ], [ 100.8814, 13.0639 ], [ 100.8859, 13.0769 ], [ 100.8719, 13.0769 ], [ 100.8789, 13.11 ], [ 100.8978, 13.1239 ], [ 100.8997, 13.1433 ], [ 100.925, 13.1706 ], [ 100.9361, 13.2025 ], [ 100.9243, 13.2666 ], [ 100.8967, 13.3022 ], [ 100.9031, 13.3178 ], [ 100.9178, 13.3158 ], [ 100.9257, 13.3413 ], [ 100.9361, 13.3392 ], [ 100.9758, 13.3592 ], [ 100.9844, 13.385 ], [ 100.9669, 13.4347 ], [ 100.9722, 13.4664 ], [ 101.0092, 13.4631 ], [ 101.0337, 13.4825 ], [ 101.0335, 13.4954 ], [ 101.0715, 13.5166 ], [ 101.0546, 13.5442 ], [ 101.0412, 13.5491 ], [ 101.0451, 13.5573 ], [ 101.0947, 13.5525 ], [ 101.1124, 13.5684 ], [ 101.1201, 13.5628 ], [ 101.1293, 13.5674 ], [ 101.1492, 13.5974 ], [ 101.1677, 13.5978 ], [ 101.274, 13.5568 ], [ 101.2969, 13.5242 ], [ 101.3679, 13.4577 ], [ 101.3964, 13.4507 ], [ 101.4243, 13.4543 ], [ 101.4256, 13.4305 ], [ 101.4436, 13.4222 ], [ 101.4548, 13.4058 ], [ 101.4868, 13.4159 ], [ 101.4916, 13.4241 ], [ 101.5277, 13.4061 ], [ 101.5415, 13.4078 ], [ 101.5652, 13.331 ], [ 101.5823, 13.3315 ], [ 101.6009, 13.302 ], [ 101.6407, 13.292 ], [ 101.6688, 13.2723 ], [ 101.6949, 13.2212 ], [ 101.7148, 13.2043 ], [ 101.7199, 13.1775 ], [ 101.7143, 13.1617 ], [ 101.6985, 13.1512 ], [ 101.6625, 13.1527 ], [ 101.648, 13.1631 ], [ 101.6077, 13.1357 ], [ 101.5835, 13.1377 ], [ 101.5889, 13.1182 ], [ 101.573, 13.0837 ], [ 101.5581, 13.0718 ], [ 101.5264, 13.0732 ], [ 101.5154, 13.0583 ], [ 101.4984, 13.0574 ], [ 101.4856, 13.0386 ], [ 101.465, 13.0323 ], [ 101.4383, 13.0508 ], [ 101.4229, 13.0378 ], [ 101.3812, 13.0376 ], [ 101.3255, 13.0842 ], [ 101.2939, 13.0645 ], [ 101.2936, 13.0501 ], [ 101.2733, 13.0564 ], [ 101.2606, 13.0764 ], [ 101.2411, 13.063 ], [ 101.1858, 13.0865 ], [ 101.1756, 13.0746 ], [ 101.1745, 13.0571 ], [ 101.2017, 13.0452 ], [ 101.1884, 13.0374 ], [ 101.1668, 13.0462 ], [ 101.1017, 13.0451 ], [ 101.069, 13.007 ], [ 101.0917, 12.997 ], [ 101.0952, 12.9769 ], [ 101.1044, 12.9711 ], [ 101.0924, 12.9576 ], [ 101.0901, 12.9149 ], [ 101.0783, 12.9035 ], [ 101.0751, 12.8772 ], [ 101.0622, 12.8562 ], [ 101.0646, 12.8329 ], [ 101.0147, 12.7856 ], [ 101.0161, 12.7581 ], [ 100.9924, 12.7245 ], [ 100.9957, 12.7139 ], [ 100.9857, 12.6921 ], [ 100.9941, 12.6571 ], [ 100.969, 12.6452 ] ] ], [ [ [ 100.8751, 12.6107 ], [ 100.8755, 12.615 ], [ 100.8768, 12.6098 ], [ 100.8751, 12.6107 ] ] ], [ [ [ 100.8838, 12.617 ], [ 100.8799, 12.6143 ], [ 100.8778, 12.6175 ], [ 100.8838, 12.617 ] ] ], [ [ [ 100.9076, 12.6188 ], [ 100.8987, 12.6231 ], [ 100.9006, 12.6277 ], [ 100.9028, 12.6227 ], [ 100.9076, 12.6188 ] ] ], [ [ [ 100.8775, 12.6367 ], [ 100.8683, 12.6325 ], [ 100.8639, 12.6406 ], [ 100.8742, 12.6425 ], [ 100.8775, 12.6367 ] ] ], [ [ [ 100.8251, 12.6736 ], [ 100.8212, 12.6772 ], [ 100.8225, 12.6793 ], [ 100.8251, 12.6736 ] ] ], [ [ [ 100.7741, 12.7202 ], [ 100.8032, 12.7177 ], [ 100.8063, 12.6961 ], [ 100.779, 12.6711 ], [ 100.7642, 12.7038 ], [ 100.7664, 12.7134 ], [ 100.7761, 12.7069 ], [ 100.7741, 12.7202 ] ] ], [ [ [ 100.7991, 12.7251 ], [ 100.7972, 12.7294 ], [ 100.7979, 12.7299 ], [ 100.7991, 12.7251 ] ] ], [ [ [ 100.8908, 12.6478 ], [ 100.8853, 12.6418 ], [ 100.8779, 12.6455 ], [ 100.8908, 12.6478 ] ] ], [ [ [ 100.8962, 12.6448 ], [ 100.898, 12.6445 ], [ 100.8962, 12.6443 ], [ 100.8962, 12.6448 ] ] ], [ [ [ 100.9745, 12.5155 ], [ 100.9685, 12.5172 ], [ 100.9667, 12.5218 ], [ 100.9719, 12.5226 ], [ 100.9745, 12.5155 ] ] ], [ [ [ 100.9707, 12.5477 ], [ 100.9714, 12.5521 ], [ 100.9724, 12.5481 ], [ 100.9707, 12.5477 ] ] ], [ [ [ 100.9674, 12.5844 ], [ 100.9593, 12.5829 ], [ 100.9631, 12.591 ], [ 100.9674, 12.5844 ] ] ], [ [ [ 100.8474, 12.7632 ], [ 100.8436, 12.7592 ], [ 100.8383, 12.7614 ], [ 100.8474, 12.7632 ] ] ], [ [ [ 100.7044, 12.7995 ], [ 100.6978, 12.7986 ], [ 100.6999, 12.8031 ], [ 100.7044, 12.7995 ] ] ], [ [ [ 100.6719, 12.8672 ], [ 100.6722, 12.8814 ], [ 100.6733, 12.8832 ], [ 100.6719, 12.8672 ] ] ], [ [ [ 100.6814, 12.9017 ], [ 100.6777, 12.903 ], [ 100.6775, 12.906 ], [ 100.6814, 12.9017 ] ] ], [ [ [ 100.7895, 12.9378 ], [ 100.7808, 12.9011 ], [ 100.7741, 12.8975 ], [ 100.7663, 12.9145 ], [ 100.7699, 12.9279 ], [ 100.7802, 12.926 ], [ 100.7895, 12.9378 ] ] ], [ [ [ 100.8055, 12.9252 ], [ 100.8049, 12.9306 ], [ 100.8064, 12.9251 ], [ 100.8055, 12.9252 ] ] ], [ [ [ 100.6782, 12.9518 ], [ 100.6857, 12.9286 ], [ 100.6804, 12.9198 ], [ 100.6711, 12.9241 ], [ 100.6626, 12.9452 ], [ 100.6782, 12.9518 ] ] ], [ [ [ 100.7897, 12.9459 ], [ 100.7941, 12.9428 ], [ 100.7901, 12.9422 ], [ 100.7897, 12.9459 ] ] ], [ [ [ 100.6473, 12.9536 ], [ 100.6483, 12.9624 ], [ 100.6516, 12.9641 ], [ 100.6533, 12.9589 ], [ 100.6473, 12.9536 ] ] ], [ [ [ 100.805, 13.1178 ], [ 100.8108, 13.114 ], [ 100.8031, 13.1081 ], [ 100.805, 13.1178 ] ] ], [ [ [ 100.801, 13.1785 ], [ 100.8208, 13.15 ], [ 100.8092, 13.1247 ], [ 100.7983, 13.1636 ], [ 100.801, 13.1785 ] ] ], [ [ [ 100.8325, 13.1644 ], [ 100.8331, 13.1669 ], [ 100.8339, 13.1661 ], [ 100.8325, 13.1644 ] ] ], [ [ [ 100.8217, 13.1725 ], [ 100.8264, 13.1639 ], [ 100.8214, 13.165 ], [ 100.8217, 13.1725 ] ] ], [ [ [ 100.8311, 13.1739 ], [ 100.8283, 13.1744 ], [ 100.8306, 13.1753 ], [ 100.8311, 13.1739 ] ] ] ] } },
{ "type": "Feature", "properties": { "jurisdiction": "Chumphon", "total_segments": 149, "flagged_segments": 0, "mean_sss": 60.1, "flagged_pct": 0.0 }, "geometry": { "type": "MultiPolygon", "coordinates": [ [ [ [ 98.7705, 9.688 ], [ 98.7662, 9.6281 ], [ 98.7388, 9.6011 ], [ 98.7219, 9.6282 ], [ 98.697, 9.6351 ], [ 98.6726, 9.6543 ], [ 98.6537, 9.6528 ], [ 98.6471, 9.6632 ], [ 98.6597, 9.6837 ], [ 98.6466, 9.6919 ], [ 98.6505, 9.7001 ], [ 98.6382, 9.7199 ], [ 98.6422, 9.7375 ], [ 98.6268, 9.764 ], [ 98.6331, 9.7674 ], [ 98.6326, 9.7885 ], [ 98.6637, 9.8073 ], [ 98.6827, 9.8344 ], [ 98.6929, 9.8327 ], [ 98.72, 9.8651 ], [ 98.722, 9.8941 ], [ 98.7526, 9.9185 ], [ 98.7558, 9.9335 ], [ 98.7809, 9.9503 ], [ 98.8146, 9.9362 ], [ 98.83, 9.9775 ], [ 98.8449, 9.9936 ], [ 98.8666, 9.9934 ], [ 98.9051, 10.0274 ], [ 98.9033, 10.0544 ], [ 98.8933, 10.0641 ], [ 98.8359, 10.0658 ], [ 98.8636, 10.0961 ], [ 98.8589, 10.1288 ], [ 98.8681, 10.1338 ], [ 98.8698, 10.1549 ], [ 98.8891, 10.1603 ], [ 98.8707, 10.187 ], [ 98.9088, 10.2655 ], [ 98.899, 10.2779 ], [ 98.9005, 10.2885 ], [ 98.9435, 10.351 ], [ 98.9316, 10.3647 ], [ 98.9378, 10.3831 ], [ 98.9289, 10.3946 ], [ 98.9013, 10.3987 ], [ 98.9052, 10.4099 ], [ 98.8937, 10.4162 ], [ 98.8955, 10.4403 ], [ 98.8847, 10.4577 ], [ 98.895, 10.4825 ], [ 98.9114, 10.4896 ], [ 98.9184, 10.5073 ], [ 98.9454, 10.5174 ], [ 98.9521, 10.5347 ], [ 98.9626, 10.5391 ], [ 98.9413, 10.5693 ], [ 98.9599, 10.5837 ], [ 98.9651, 10.6041 ], [ 98.9589, 10.6161 ], [ 98.9453, 10.6115 ], [ 98.9508, 10.6371 ], [ 98.9402, 10.649 ], [ 98.9282, 10.6486 ], [ 98.9296, 10.6728 ], [ 98.9096, 10.6777 ], [ 98.9058, 10.6904 ], [ 98.8944, 10.6818 ], [ 98.8903, 10.6956 ], [ 98.9144, 10.7476 ], [ 98.8948, 10.7561 ], [ 98.8893, 10.774 ], [ 98.9054, 10.7809 ], [ 98.9238, 10.8266 ], [ 98.9363, 10.8125 ], [ 98.9591, 10.8117 ], [ 98.9732, 10.8313 ], [ 98.9832, 10.8312 ], [ 99.0111, 10.856 ], [ 99.012, 10.8716 ], [ 99.0008, 10.8811 ], [ 99.0062, 10.8924 ], [ 98.9996, 10.9229 ], [ 99.024, 10.9695 ], [ 99.0497, 10.9616 ], [ 99.0576, 10.9464 ], [ 99.0795, 10.9538 ], [ 99.0939, 10.9716 ], [ 99.1031, 11.0126 ], [ 99.1302, 11.0299 ], [ 99.1512, 11.0328 ], [ 99.1478, 11.0149 ], [ 99.1653, 11.0101 ], [ 99.169, 11.0018 ], [ 99.1996, 10.9966 ], [ 99.202, 10.9859 ], [ 99.2372, 10.9792 ], [ 99.2802, 10.9573 ], [ 99.2909, 10.969 ], [ 99.3352, 10.9651 ], [ 99.3459, 10.975 ], [ 99.3753, 10.972 ], [ 99.3822, 10.9614 ], [ 99.4089, 10.955 ], [ 99.4701, 10.992 ], [ 99.4963, 10.9883 ], [ 99.4911, 10.9382 ], [ 99.5197, 10.8983 ], [ 99.5078, 10.8839 ], [ 99.5099, 10.8726 ], [ 99.4975, 10.8611 ], [ 99.4968, 10.8748 ], [ 99.4813, 10.8878 ], [ 99.4675, 10.8714 ], [ 99.4412, 10.8708 ], [ 99.4132, 10.7629 ], [ 99.3933, 10.7436 ], [ 99.3802, 10.7077 ], [ 99.3595, 10.6915 ], [ 99.3597, 10.6803 ], [ 99.3699, 10.6755 ], [ 99.3592, 10.6647 ], [ 99.3498, 10.6829 ], [ 99.322, 10.6722 ], [ 99.2969, 10.6188 ], [ 99.2816, 10.6026 ], [ 99.2746, 10.5428 ], [ 99.239, 10.536 ], [ 99.243, 10.509 ], [ 99.2678, 10.5151 ], [ 99.2589, 10.4992 ], [ 99.2326, 10.4947 ], [ 99.2281, 10.4731 ], [ 99.2415, 10.4478 ], [ 99.2836, 10.4112 ], [ 99.2837, 10.3624 ], [ 99.2724, 10.353 ], [ 99.2543, 10.3628 ], [ 99.2392, 10.3438 ], [ 99.2157, 10.3675 ], [ 99.1927, 10.3722 ], [ 99.1638, 10.3655 ], [ 99.1468, 10.3441 ], [ 99.1544, 10.3317 ], [ 99.1486, 10.3113 ], [ 99.1682, 10.2847 ], [ 99.163, 10.279 ], [ 99.1889, 10.2756 ], [ 99.1934, 10.2659 ], [ 99.206, 10.2713 ], [ 99.2038, 10.2499 ], [ 99.2216, 10.2265 ], [ 99.2395, 10.2376 ], [ 99.2475, 10.2328 ], [ 99.2134, 10.2094 ], [ 99.2023, 10.2172 ], [ 99.1941, 10.2138 ], [ 99.172, 10.1527 ], [ 99.1549, 10.1415 ], [ 99.1481, 10.1225 ], [ 99.1492, 10.0933 ], [ 99.1575, 10.0809 ], [ 99.1526, 10.0695 ], [ 99.1683, 10.0445 ], [ 99.1819, 10.0431 ], [ 99.1828, 10.0367 ], [ 99.1732, 10.0277 ], [ 99.1803, 10.0175 ], [ 99.1764, 10.0078 ], [ 99.1611, 10.0117 ], [ 99.1514, 9.9922 ], [ 99.1658, 9.8584 ], [ 99.1625, 9.8469 ], [ 99.1469, 9.8419 ], [ 99.1381, 9.8203 ], [ 99.1464, 9.7408 ], [ 99.1592, 9.7034 ], [ 99.1286, 9.7027 ], [ 99.1177, 9.6929 ], [ 99.1028, 9.7035 ], [ 99.0785, 9.7034 ], [ 99.0723, 9.6878 ], [ 99.0959, 9.6627 ], [ 99.0751, 9.6512 ], [ 99.0526, 9.6664 ], [ 99.0338, 9.6933 ], [ 99.0078, 9.6993 ], [ 99.0057, 9.71 ], [ 98.9964, 9.703 ], [ 98.9869, 9.7106 ], [ 98.9621, 9.7118 ], [ 98.9575, 9.7206 ], [ 98.9288, 9.7205 ], [ 98.9042, 9.7353 ], [ 98.8849, 9.7258 ], [ 98.8712, 9.7305 ], [ 98.8544, 9.709 ], [ 98.8335, 9.7001 ], [ 98.8193, 9.7026 ], [ 98.7914, 9.6832 ], [ 98.7869, 9.6913 ], [ 98.7705, 9.688 ] ] ], [ [ [ 99.1914, 10.0531 ], [ 99.1847, 10.0497 ], [ 99.1869, 10.0575 ], [ 99.1914, 10.0531 ] ] ], [ [ [ 99.1867, 10.0703 ], [ 99.1828, 10.07 ], [ 99.1861, 10.0725 ], [ 99.1867, 10.0703 ] ] ], [ [ [ 99.1772, 10.1468 ], [ 99.1799, 10.142 ], [ 99.1764, 10.1411 ], [ 99.1772, 10.1468 ] ] ], [ [ [ 99.2061, 10.1483 ], [ 99.2028, 10.1506 ], [ 99.2042, 10.1514 ], [ 99.2061, 10.1483 ] ] ], [ [ [ 99.2192, 10.1533 ], [ 99.2167, 10.1531 ], [ 99.2178, 10.1569 ], [ 99.2192, 10.1533 ] ] ], [ [ [ 99.2242, 10.2467 ], [ 99.225, 10.25 ], [ 99.2261, 10.2492 ], [ 99.2242, 10.2467 ] ] ], [ [ [ 99.2281, 10.2564 ], [ 99.2253, 10.2553 ], [ 99.2278, 10.2575 ], [ 99.2281, 10.2564 ] ] ], [ [ [ 99.1669, 10.3606 ], [ 99.1628, 10.3594 ], [ 99.1642, 10.3628 ], [ 99.1669, 10.3606 ] ] ], [ [ [ 99.2472, 10.1997 ], [ 99.25, 10.2019 ], [ 99.2486, 10.1983 ], [ 99.2472, 10.1997 ] ] ], [ [ [ 99.2483, 10.2069 ], [ 99.2503, 10.2081 ], [ 99.25, 10.2061 ], [ 99.2483, 10.2069 ] ] ], [ [ [ 99.2436, 10.2206 ], [ 99.2436, 10.2228 ], [ 99.245, 10.2217 ], [ 99.2436, 10.2206 ] ] ], [ [ [ 99.2482, 10.2472 ], [ 99.2503, 10.2467 ], [ 99.2489, 10.2456 ], [ 99.2482, 10.2472 ] ] ], [ [ [ 99.2533, 10.2556 ], [ 99.2613, 10.2543 ], [ 99.2567, 10.2487 ], [ 99.2533, 10.2556 ] ] ], [ [ [ 99.2361, 10.2717 ], [ 99.2328, 10.2697 ], [ 99.2344, 10.2739 ], [ 99.2361, 10.2717 ] ] ], [ [ [ 99.2489, 10.2961 ], [ 99.2456, 10.2964 ], [ 99.2458, 10.2969 ], [ 99.2489, 10.2961 ] ] ], [ [ [ 99.2844, 10.3261 ], [ 99.2803, 10.32 ], [ 99.2836, 10.3289 ], [ 99.2844, 10.3261 ] ] ], [ [ [ 99.3017, 10.3205 ], [ 99.2994, 10.3169 ], [ 99.2992, 10.3206 ], [ 99.3017, 10.3205 ] ] ], [ [ [ 99.3117, 10.3643 ], [ 99.3092, 10.3642 ], [ 99.3114, 10.3658 ], [ 99.3117, 10.3643 ] ] ], [ [ [ 99.3217, 10.3771 ], [ 99.3247, 10.3786 ], [ 99.3222, 10.3725 ], [ 99.3217, 10.3771 ] ] ], [ [ [ 99.3578, 10.4097 ], [ 99.3511, 10.395 ], [ 99.3406, 10.3903 ], [ 99.3578, 10.4097 ] ] ], [ [ [ 99.2953, 10.3469 ], [ 99.2953, 10.35 ], [ 99.2967, 10.3489 ], [ 99.2953, 10.3469 ] ] ], [ [ [ 99.2939, 10.3872 ], [ 99.2922, 10.3921 ], [ 99.2944, 10.3931 ], [ 99.2939, 10.3872 ] ] ], [ [ [ 99.3172, 10.4264 ], [ 99.3139, 10.4231 ], [ 99.3131, 10.4236 ], [ 99.3172, 10.4264 ] ] ], [ [ [ 99.4172, 10.4867 ], [ 99.4192, 10.4858 ], [ 99.4178, 10.4842 ], [ 99.4172, 10.4867 ] ] ], [ [ [ 99.4217, 10.4989 ], [ 99.4211, 10.4956 ], [ 99.4188, 10.4915 ], [ 99.4217, 10.4989 ] ] ], [ [ [ 99.3808, 10.5569 ], [ 99.375, 10.555 ], [ 99.3811, 10.5608 ], [ 99.3808, 10.5569 ] ] ], [ [ [ 99.2975, 10.4528 ], [ 99.2975, 10.4342 ], [ 99.2881, 10.4372 ], [ 99.2975, 10.4528 ] ] ], [ [ [ 99.2525, 10.4475 ], [ 99.2553, 10.4494 ], [ 99.2539, 10.4461 ], [ 99.2525, 10.4475 ] ] ], [ [ [ 99.4094, 10.7042 ], [ 99.4094, 10.6975 ], [ 99.4075, 10.6994 ], [ 99.4094, 10.7042 ] ] ], [ [ [ 99.4924, 10.8203 ], [ 99.4903, 10.8228 ], [ 99.4925, 10.8236 ], [ 99.4924, 10.8203 ] ] ], [ [ [ 99.4908, 10.8558 ], [ 99.4781, 10.8394 ], [ 99.4714, 10.8353 ], [ 99.4867, 10.8617 ], [ 99.4908, 10.8558 ] ] ], [ [ [ 99.4892, 10.8628 ], [ 99.4889, 10.8656 ], [ 99.4903, 10.8647 ], [ 99.4892, 10.8628 ] ] ] ] } },
{ "type": "Feature", "properties": { "jurisdiction": "Kalasin", "total_segments": 106, "flagged_segments": 4, "mean_sss": 43.9, "flagged_pct": 3.8 }, "geometry": { "type": "MultiPolygon", "coordinates": [ [ [ [ 103.5613, 16.2173 ], [ 103.539, 16.2099 ], [ 103.5432, 16.2201 ], [ 103.535, 16.2176 ], [ 103.5214, 16.1934 ], [ 103.5039, 16.1985 ], [ 103.5056, 16.2069 ], [ 103.496, 16.2003 ], [ 103.4814, 16.2062 ], [ 103.474, 16.1894 ], [ 103.4548, 16.18 ], [ 103.4507, 16.1895 ], [ 103.4583, 16.1896 ], [ 103.4469, 16.1956 ], [ 103.453, 16.2026 ], [ 103.4427, 16.2038 ], [ 103.4509, 16.2106 ], [ 103.4497, 16.2251 ], [ 103.4405, 16.2167 ], [ 103.4347, 16.2311 ], [ 103.4166, 16.2378 ], [ 103.407, 16.2546 ], [ 103.415, 16.2788 ], [ 103.4089, 16.2874 ], [ 103.3539, 16.3065 ], [ 103.3421, 16.3611 ], [ 103.3031, 16.3677 ], [ 103.2932, 16.3936 ], [ 103.2666, 16.3764 ], [ 103.1973, 16.3636 ], [ 103.1785, 16.3611 ], [ 103.17, 16.3736 ], [ 103.1659, 16.3928 ], [ 103.1869, 16.4341 ], [ 103.1608, 16.4941 ], [ 103.1892, 16.5515 ], [ 103.1699, 16.6041 ], [ 103.1977, 16.6278 ], [ 103.192, 16.6403 ], [ 103.1547, 16.6421 ], [ 103.1611, 16.6725 ], [ 103.1482, 16.6997 ], [ 103.1605, 16.7318 ], [ 103.1484, 16.7521 ], [ 103.1847, 16.7851 ], [ 103.188, 16.818 ], [ 103.1751, 16.8453 ], [ 103.1777, 16.8613 ], [ 103.1422, 16.867 ], [ 103.1504, 16.8555 ], [ 103.1398, 16.8297 ], [ 103.1254, 16.8176 ], [ 103.1078, 16.8249 ], [ 103.1047, 16.8394 ], [ 103.1165, 16.8527 ], [ 103.1262, 16.8918 ], [ 103.1237, 16.9003 ], [ 103.1013, 16.9117 ], [ 103.1003, 16.923 ], [ 103.1197, 16.9605 ], [ 103.1615, 16.9447 ], [ 103.1775, 16.9539 ], [ 103.1845, 16.9461 ], [ 103.2012, 16.9472 ], [ 103.2221, 16.966 ], [ 103.2309, 16.9566 ], [ 103.2537, 16.9596 ], [ 103.2891, 16.9239 ], [ 103.3436, 16.9223 ], [ 103.3974, 16.8933 ], [ 103.4141, 16.8636 ], [ 103.4025, 16.8517 ], [ 103.412, 16.8484 ], [ 103.4254, 16.8209 ], [ 103.4124, 16.8071 ], [ 103.4231, 16.8003 ], [ 103.4513, 16.8314 ], [ 103.4451, 16.8452 ], [ 103.4581, 16.8653 ], [ 103.4933, 16.9016 ], [ 103.4957, 16.9255 ], [ 103.4887, 16.9388 ], [ 103.4963, 16.9679 ], [ 103.5218, 16.9963 ], [ 103.5205, 17.0318 ], [ 103.5099, 17.0422 ], [ 103.539, 17.0634 ], [ 103.5506, 17.0866 ], [ 103.5766, 17.0898 ], [ 103.5814, 17.0997 ], [ 103.6226, 17.0908 ], [ 103.6543, 17.0452 ], [ 103.6505, 17.0203 ], [ 103.6744, 17.018 ], [ 103.6812, 17.0294 ], [ 103.6961, 17.0319 ], [ 103.7086, 17.0165 ], [ 103.7262, 17.0132 ], [ 103.7325, 16.9994 ], [ 103.7236, 16.9894 ], [ 103.726, 16.9799 ], [ 103.7381, 16.9877 ], [ 103.7449, 16.9703 ], [ 103.7852, 16.9571 ], [ 103.7914, 16.9388 ], [ 103.7725, 16.9226 ], [ 103.7838, 16.9207 ], [ 103.7925, 16.886 ], [ 103.8109, 16.8844 ], [ 103.8127, 16.8753 ], [ 103.8393, 16.8658 ], [ 103.8385, 16.8483 ], [ 103.8465, 16.839 ], [ 103.8715, 16.8309 ], [ 103.8755, 16.8167 ], [ 103.9224, 16.7948 ], [ 103.941, 16.7711 ], [ 103.9556, 16.7772 ], [ 103.9514, 16.7849 ], [ 103.9613, 16.8218 ], [ 103.9716, 16.809 ], [ 103.9824, 16.8349 ], [ 103.9996, 16.8349 ], [ 104.0237, 16.8557 ], [ 104.0415, 16.8388 ], [ 104.0493, 16.8462 ], [ 104.068, 16.8352 ], [ 104.0842, 16.8076 ], [ 104.0948, 16.8095 ], [ 104.096, 16.789 ], [ 104.119, 16.7592 ], [ 104.1394, 16.7549 ], [ 104.1345, 16.735 ], [ 104.1534, 16.7153 ], [ 104.1558, 16.6991 ], [ 104.173, 16.6947 ], [ 104.1665, 16.6755 ], [ 104.1904, 16.6668 ], [ 104.1788, 16.6457 ], [ 104.1833, 16.6216 ], [ 104.1779, 16.6074 ], [ 104.1811, 16.5956 ], [ 104.1954, 16.5939 ], [ 104.2086, 16.5814 ], [ 104.2104, 16.5623 ], [ 104.2279, 16.5493 ], [ 104.2243, 16.527 ], [ 104.242, 16.5171 ], [ 104.2414, 16.4921 ], [ 104.2296, 16.4715 ], [ 104.2414, 16.4511 ], [ 104.24, 16.4265 ], [ 104.2228, 16.4354 ], [ 104.1919, 16.4283 ], [ 104.173, 16.4439 ], [ 104.1494, 16.4364 ], [ 104.1388, 16.4224 ], [ 104.0743, 16.4086 ], [ 104.0689, 16.397 ], [ 104.0479, 16.3864 ], [ 104.0382, 16.4139 ], [ 104.0405, 16.4347 ], [ 104.0328, 16.4413 ], [ 103.9961, 16.4429 ], [ 103.9809, 16.43 ], [ 103.9511, 16.4407 ], [ 103.9313, 16.4328 ], [ 103.9172, 16.437 ], [ 103.9132, 16.4506 ], [ 103.9022, 16.445 ], [ 103.8677, 16.4686 ], [ 103.8464, 16.4599 ], [ 103.8183, 16.4667 ], [ 103.8087, 16.452 ], [ 103.701, 16.3753 ], [ 103.7301, 16.342 ], [ 103.7271, 16.3269 ], [ 103.7583, 16.2989 ], [ 103.7563, 16.265 ], [ 103.7383, 16.2453 ], [ 103.7354, 16.2202 ], [ 103.7163, 16.2161 ], [ 103.6932, 16.2233 ], [ 103.6997, 16.2158 ], [ 103.688, 16.2092 ], [ 103.6877, 16.216 ], [ 103.676, 16.2101 ], [ 103.6668, 16.2197 ], [ 103.6657, 16.2067 ], [ 103.6781, 16.2004 ], [ 103.6638, 16.191 ], [ 103.655, 16.2021 ], [ 103.6532, 16.1873 ], [ 103.6459, 16.1913 ], [ 103.6397, 16.185 ], [ 103.6174, 16.2162 ], [ 103.6024, 16.2122 ], [ 103.6149, 16.2132 ], [ 103.6206, 16.2008 ], [ 103.6009, 16.191 ], [ 103.5989, 16.2007 ], [ 103.5914, 16.1927 ], [ 103.553, 16.2019 ], [ 103.5613, 16.2173 ] ] ] ] } },
{ "type": "Feature", "properties": { "jurisdiction": "KamphaengPhet", "total_segments": 130, "flagged_segments": 7, "mean_sss": 56.2, "flagged_pct": 5.4 }, "geometry": { "type": "MultiPolygon", "coordinates": [ [ [ [ 99.8113, 16.7018 ], [ 99.8075, 16.7115 ], [ 99.8163, 16.7192 ], [ 99.8301, 16.7223 ], [ 99.8458, 16.7136 ], [ 99.8577, 16.7349 ], [ 99.8611, 16.726 ], [ 99.8991, 16.7236 ], [ 99.8974, 16.6935 ], [ 99.913, 16.6041 ], [ 99.9504, 16.5883 ], [ 99.9613, 16.5709 ], [ 100.0081, 16.5839 ], [ 100.0175, 16.5799 ], [ 100.0115, 16.568 ], [ 100.022, 16.559 ], [ 100.0359, 16.5002 ], [ 99.9966, 16.439 ], [ 99.9961, 16.4054 ], [ 99.9845, 16.3769 ], [ 100.0063, 16.3351 ], [ 100.0288, 16.3303 ], [ 100.0011, 16.2873 ], [ 100.0088, 16.2847 ], [ 100.0105, 16.2726 ], [ 100.0213, 16.2795 ], [ 100.0318, 16.2751 ], [ 100.0232, 16.2482 ], [ 100.0568, 16.2269 ], [ 100.0425, 16.2142 ], [ 100.0454, 16.2021 ], [ 100.0238, 16.1841 ], [ 100.0389, 16.1567 ], [ 100.0176, 16.151 ], [ 99.934, 16.0515 ], [ 99.8886, 16.0483 ], [ 99.8457, 16.0157 ], [ 99.8465, 15.9787 ], [ 99.8256, 15.949 ], [ 99.8081, 15.9402 ], [ 99.8052, 15.9197 ], [ 99.7873, 15.9272 ], [ 99.7701, 15.9195 ], [ 99.7723, 15.8994 ], [ 99.7514, 15.8808 ], [ 99.7431, 15.8571 ], [ 99.7098, 15.8783 ], [ 99.6591, 15.8566 ], [ 99.6348, 15.8825 ], [ 99.615, 15.887 ], [ 99.607, 15.8975 ], [ 99.557, 15.9058 ], [ 99.5399, 15.9243 ], [ 99.5274, 15.9176 ], [ 99.5238, 15.9244 ], [ 99.5022, 15.9275 ], [ 99.48, 15.9212 ], [ 99.4775, 15.8998 ], [ 99.468, 15.8996 ], [ 99.4323, 15.908 ], [ 99.4281, 15.9185 ], [ 99.4098, 15.9106 ], [ 99.3736, 15.916 ], [ 99.3575, 15.9262 ], [ 99.3297, 15.9118 ], [ 99.32, 15.927 ], [ 99.3115, 15.9052 ], [ 99.2903, 15.9044 ], [ 99.2903, 15.8914 ], [ 99.2721, 15.9111 ], [ 99.2679, 15.9068 ], [ 99.2088, 15.948 ], [ 99.2044, 15.9357 ], [ 99.1952, 15.9444 ], [ 99.1876, 15.9281 ], [ 99.1732, 15.9364 ], [ 99.1744, 15.9278 ], [ 99.1482, 15.9076 ], [ 99.1291, 15.911 ], [ 99.0962, 15.8817 ], [ 99.0888, 15.8848 ], [ 99.0863, 15.9076 ], [ 99.098, 15.9293 ], [ 99.0754, 15.9588 ], [ 99.0898, 15.9794 ], [ 99.0845, 16.0251 ], [ 99.0877, 16.0411 ], [ 99.1061, 16.0486 ], [ 99.1174, 16.0721 ], [ 99.1073, 16.0859 ], [ 99.1089, 16.0987 ], [ 99.0945, 16.1019 ], [ 99.0798, 16.1246 ], [ 99.0512, 16.1353 ], [ 99.0513, 16.1582 ], [ 99.0685, 16.1639 ], [ 99.0838, 16.2112 ], [ 99.0505, 16.2562 ], [ 99.0427, 16.2904 ], [ 99.054, 16.3078 ], [ 99.0534, 16.3272 ], [ 99.0429, 16.3383 ], [ 99.0427, 16.3723 ], [ 99.0364, 16.3828 ], [ 99.0173, 16.385 ], [ 99.0239, 16.4269 ], [ 99.0132, 16.4476 ], [ 98.9962, 16.4525 ], [ 98.9878, 16.4715 ], [ 98.99, 16.4919 ], [ 99.0029, 16.4979 ], [ 99.0301, 16.4724 ], [ 99.0573, 16.4801 ], [ 99.0858, 16.4703 ], [ 99.1086, 16.4798 ], [ 99.1241, 16.4735 ], [ 99.1415, 16.499 ], [ 99.1751, 16.5089 ], [ 99.1688, 16.5095 ], [ 99.1717, 16.5199 ], [ 99.1812, 16.5308 ], [ 99.1919, 16.529 ], [ 99.1917, 16.5373 ], [ 99.2202, 16.525 ], [ 99.2415, 16.5321 ], [ 99.2573, 16.5657 ], [ 99.2455, 16.6216 ], [ 99.247, 16.6614 ], [ 99.2727, 16.6686 ], [ 99.2735, 16.683 ], [ 99.283, 16.6878 ], [ 99.283, 16.7078 ], [ 99.3043, 16.7375 ], [ 99.3061, 16.7654 ], [ 99.2961, 16.7711 ], [ 99.2937, 16.7839 ], [ 99.3164, 16.7932 ], [ 99.3249, 16.8116 ], [ 99.3711, 16.8018 ], [ 99.3858, 16.8071 ], [ 99.3879, 16.8247 ], [ 99.3761, 16.8428 ], [ 99.3842, 16.866 ], [ 99.443, 16.8834 ], [ 99.4607, 16.8766 ], [ 99.4684, 16.8957 ], [ 99.4872, 16.9074 ], [ 99.5116, 16.8826 ], [ 99.5158, 16.8661 ], [ 99.5802, 16.853 ], [ 99.5786, 16.8252 ], [ 99.5861, 16.8101 ], [ 99.618, 16.7621 ], [ 99.6454, 16.7429 ], [ 99.6561, 16.7442 ], [ 99.6767, 16.7271 ], [ 99.6957, 16.7298 ], [ 99.6966, 16.715 ], [ 99.7363, 16.7346 ], [ 99.7286, 16.7232 ], [ 99.7325, 16.7077 ], [ 99.7707, 16.6812 ], [ 99.7932, 16.6843 ], [ 99.8113, 16.7018 ] ] ] ] } },
{ "type": "Feature", "properties": { "jurisdiction": "Kanchanaburi", "total_segments": 236, "flagged_segments": 9, "mean_sss": 61.2, "flagged_pct": 3.8 }, "geometry": { "type": "MultiPolygon", "coordinates": [ [ [ [ 99.4604, 14.7004 ], [ 99.5146, 14.7011 ], [ 99.5501, 14.721 ], [ 99.5529, 14.729 ], [ 99.5408, 14.7453 ], [ 99.5499, 14.7664 ], [ 99.5482, 14.8006 ], [ 99.5697, 14.7826 ], [ 99.5808, 14.7889 ], [ 99.6163, 14.7808 ], [ 99.6502, 14.803 ], [ 99.7294, 14.7486 ], [ 99.757, 14.7418 ], [ 99.7831, 14.7461 ], [ 99.797, 14.7377 ], [ 99.7964, 14.725 ], [ 99.776, 14.7058 ], [ 99.7961, 14.6953 ], [ 99.8334, 14.6174 ], [ 99.8077, 14.6114 ], [ 99.7984, 14.588 ], [ 99.8223, 14.5726 ], [ 99.8125, 14.5438 ], [ 99.8215, 14.5019 ], [ 99.8164, 14.4384 ], [ 99.8247, 14.4107 ], [ 99.8178, 14.3937 ], [ 99.8217, 14.3479 ], [ 99.8149, 14.336 ], [ 99.8243, 14.3092 ], [ 99.8215, 14.2247 ], [ 99.8121, 14.2271 ], [ 99.8058, 14.206 ], [ 99.7853, 14.1901 ], [ 99.7684, 14.1987 ], [ 99.7587, 14.1815 ], [ 99.7469, 14.1847 ], [ 99.7314, 14.143 ], [ 99.7299, 14.1059 ], [ 99.7339, 14.0966 ], [ 99.7548, 14.0902 ], [ 99.7918, 14.0988 ], [ 99.7976, 14.0851 ], [ 99.8107, 14.0794 ], [ 99.812, 14.0647 ], [ 99.8442, 14.0584 ], [ 99.8544, 14.0413 ], [ 99.8306, 13.9986 ], [ 99.8457, 13.9973 ], [ 99.8542, 13.9698 ], [ 99.8702, 13.9624 ], [ 99.8779, 13.9483 ], [ 99.8569, 13.9193 ], [ 99.8379, 13.8647 ], [ 99.8216, 13.8639 ], [ 99.8273, 13.8525 ], [ 99.8177, 13.843 ], [ 99.8116, 13.8079 ], [ 99.8033, 13.8074 ], [ 99.7936, 13.8214 ], [ 99.7497, 13.8319 ], [ 99.741, 13.8258 ], [ 99.7102, 13.8277 ], [ 99.6669, 13.8452 ], [ 99.6363, 13.812 ], [ 99.5494, 13.7576 ], [ 99.5051, 13.7659 ], [ 99.4713, 13.8056 ], [ 99.4538, 13.7803 ], [ 99.4155, 13.7733 ], [ 99.3537, 13.7464 ], [ 99.3112, 13.7491 ], [ 99.299, 13.7401 ], [ 99.2851, 13.7602 ], [ 99.2669, 13.7419 ], [ 99.2235, 13.7489 ], [ 99.2002, 13.7279 ], [ 99.1739, 13.739 ], [ 99.1649, 13.7249 ], [ 99.1564, 13.7532 ], [ 99.1255, 13.7683 ], [ 99.1242, 13.8109 ], [ 99.1177, 13.8265 ], [ 99.1038, 13.8347 ], [ 99.1127, 13.8877 ], [ 99.1052, 13.8939 ], [ 99.0829, 13.8906 ], [ 99.0639, 13.9261 ], [ 99.0236, 13.9459 ], [ 99.0017, 14.0175 ], [ 98.9745, 14.0309 ], [ 98.9708, 14.0798 ], [ 98.9619, 14.0948 ], [ 98.9461, 14.0915 ], [ 98.9225, 14.11 ], [ 98.9012, 14.1076 ], [ 98.8791, 14.1235 ], [ 98.8714, 14.1442 ], [ 98.8307, 14.1742 ], [ 98.8142, 14.175 ], [ 98.7187, 14.2434 ], [ 98.6977, 14.2743 ], [ 98.684, 14.2724 ], [ 98.6305, 14.3148 ], [ 98.6153, 14.3117 ], [ 98.6042, 14.3209 ], [ 98.5963, 14.3433 ], [ 98.5994, 14.3665 ], [ 98.5929, 14.3746 ], [ 98.5791, 14.369 ], [ 98.5683, 14.3826 ], [ 98.552, 14.4326 ], [ 98.5143, 14.4751 ], [ 98.4927, 14.5391 ], [ 98.463, 14.5294 ], [ 98.4566, 14.5551 ], [ 98.4606, 14.5772 ], [ 98.4369, 14.6124 ], [ 98.385, 14.6495 ], [ 98.3696, 14.6643 ], [ 98.3667, 14.6855 ], [ 98.3393, 14.7091 ], [ 98.3281, 14.7062 ], [ 98.3092, 14.7309 ], [ 98.2974, 14.7666 ], [ 98.2861, 14.7727 ], [ 98.2785, 14.7949 ], [ 98.2508, 14.8266 ], [ 98.2642, 14.854 ], [ 98.2338, 14.8882 ], [ 98.2533, 14.9129 ], [ 98.2441, 14.9369 ], [ 98.2322, 14.9442 ], [ 98.233, 14.9656 ], [ 98.2099, 14.9811 ], [ 98.2143, 15.0201 ], [ 98.2346, 15.0407 ], [ 98.2128, 15.0744 ], [ 98.1857, 15.0976 ], [ 98.1838, 15.1123 ], [ 98.196, 15.1336 ], [ 98.1917, 15.1489 ], [ 98.214, 15.1758 ], [ 98.1994, 15.2297 ], [ 98.2102, 15.2335 ], [ 98.2369, 15.2186 ], [ 98.2586, 15.2224 ], [ 98.2713, 15.2481 ], [ 98.3061, 15.2786 ], [ 98.2982, 15.2986 ], [ 98.3059, 15.3114 ], [ 98.3735, 15.2817 ], [ 98.4094, 15.2528 ], [ 98.4225, 15.2702 ], [ 98.4165, 15.2937 ], [ 98.3987, 15.3035 ], [ 98.4218, 15.321 ], [ 98.4174, 15.3483 ], [ 98.4229, 15.3582 ], [ 98.4397, 15.3574 ], [ 98.4719, 15.3711 ], [ 98.4872, 15.3861 ], [ 98.5405, 15.3663 ], [ 98.5481, 15.3412 ], [ 98.5599, 15.3306 ], [ 98.5813, 15.3636 ], [ 98.5898, 15.4384 ], [ 98.5831, 15.523 ], [ 98.5574, 15.5996 ], [ 98.5719, 15.6535 ], [ 98.5851, 15.6589 ], [ 98.5907, 15.6444 ], [ 98.6209, 15.6393 ], [ 98.6264, 15.6253 ], [ 98.6433, 15.6366 ], [ 98.6627, 15.5974 ], [ 98.7251, 15.5163 ], [ 98.7178, 15.5049 ], [ 98.7051, 15.5085 ], [ 98.7052, 15.4981 ], [ 98.7584, 15.4723 ], [ 98.755, 15.4407 ], [ 98.7775, 15.4239 ], [ 98.8344, 15.3444 ], [ 98.8418, 15.3465 ], [ 98.8716, 15.3234 ], [ 98.8914, 15.2906 ], [ 98.887, 15.2742 ], [ 98.9139, 15.266 ], [ 98.9249, 15.2451 ], [ 98.9434, 15.2508 ], [ 98.9568, 15.2457 ], [ 98.9714, 15.1919 ], [ 99.0016, 15.1626 ], [ 99.0073, 15.1441 ], [ 98.999, 15.1053 ], [ 99.011, 15.0865 ], [ 99.002, 15.0717 ], [ 99.0304, 15.0481 ], [ 99.0694, 15.0462 ], [ 99.078, 15.0378 ], [ 99.1153, 15.0444 ], [ 99.12, 15.0538 ], [ 99.1431, 15.0508 ], [ 99.1476, 15.0461 ], [ 99.1362, 15.0371 ], [ 99.1623, 15.0148 ], [ 99.1831, 15.0168 ], [ 99.1919, 15.0257 ], [ 99.2047, 15.013 ], [ 99.2337, 15.0113 ], [ 99.257, 14.9867 ], [ 99.2835, 14.9959 ], [ 99.3002, 14.9849 ], [ 99.3219, 14.9472 ], [ 99.3122, 14.9329 ], [ 99.3228, 14.9202 ], [ 99.3148, 14.8837 ], [ 99.2833, 14.8595 ], [ 99.2946, 14.8322 ], [ 99.3106, 14.8117 ], [ 99.332, 14.8049 ], [ 99.3592, 14.7707 ], [ 99.3891, 14.7645 ], [ 99.4199, 14.7793 ], [ 99.4373, 14.7743 ], [ 99.4617, 14.72 ], [ 99.4604, 14.7004 ] ] ] ] } },
{ "type": "Feature", "properties": { "jurisdiction": "KhonKaen", "total_segments": 173, "flagged_segments": 5, "mean_sss": 54.8, "flagged_pct": 2.9 }, "geometry": { "type": "MultiPolygon", "coordinates": [ [ [ [ 102.4564, 15.7161 ], [ 102.4186, 15.6945 ], [ 102.3802, 15.7307 ], [ 102.3599, 15.7333 ], [ 102.365, 15.7652 ], [ 102.3291, 15.7988 ], [ 102.3278, 15.8207 ], [ 102.3214, 15.8246 ], [ 102.326, 15.8327 ], [ 102.3174, 15.8463 ], [ 102.3221, 15.8647 ], [ 102.339, 15.8719 ], [ 102.3551, 15.8985 ], [ 102.3638, 15.9257 ], [ 102.357, 15.9278 ], [ 102.3763, 15.9436 ], [ 102.3666, 15.9624 ], [ 102.3865, 15.9778 ], [ 102.3887, 15.9914 ], [ 102.3575, 16.0036 ], [ 102.3546, 16.0243 ], [ 102.341, 16.0366 ], [ 102.3299, 16.0292 ], [ 102.3152, 16.0407 ], [ 102.305, 16.0369 ], [ 102.2826, 16.0737 ], [ 102.4161, 16.2478 ], [ 102.4131, 16.2667 ], [ 102.4218, 16.2972 ], [ 102.4459, 16.3402 ], [ 102.4499, 16.3755 ], [ 102.4608, 16.3904 ], [ 102.4164, 16.4224 ], [ 102.4031, 16.466 ], [ 102.3968, 16.4576 ], [ 102.4017, 16.4453 ], [ 102.3852, 16.4441 ], [ 102.3756, 16.4347 ], [ 102.3675, 16.4369 ], [ 102.367, 16.4517 ], [ 102.3253, 16.444 ], [ 102.3197, 16.4547 ], [ 102.3024, 16.444 ], [ 102.2794, 16.458 ], [ 102.2697, 16.4535 ], [ 102.2056, 16.5024 ], [ 102.1951, 16.4967 ], [ 102.1851, 16.5045 ], [ 102.1747, 16.4894 ], [ 102.1599, 16.5014 ], [ 102.1254, 16.4925 ], [ 102.0704, 16.4921 ], [ 102.0758, 16.5008 ], [ 102.046, 16.5067 ], [ 102.0349, 16.5181 ], [ 102.0347, 16.5401 ], [ 102.027, 16.5435 ], [ 102.0255, 16.5567 ], [ 101.9915, 16.5652 ], [ 101.9941, 16.5819 ], [ 101.9804, 16.5868 ], [ 101.9855, 16.5953 ], [ 101.9795, 16.6094 ], [ 101.9577, 16.6165 ], [ 101.9536, 16.6323 ], [ 101.9289, 16.6324 ], [ 101.9212, 16.6256 ], [ 101.9142, 16.6322 ], [ 101.9078, 16.6263 ], [ 101.8916, 16.6428 ], [ 101.8752, 16.6407 ], [ 101.8565, 16.6478 ], [ 101.8546, 16.6554 ], [ 101.8313, 16.6565 ], [ 101.8244, 16.6484 ], [ 101.8075, 16.6508 ], [ 101.7765, 16.6267 ], [ 101.7806, 16.645 ], [ 101.7664, 16.6534 ], [ 101.7557, 16.6504 ], [ 101.7497, 16.6667 ], [ 101.7737, 16.6851 ], [ 101.7737, 16.6999 ], [ 101.7895, 16.7207 ], [ 101.7801, 16.7375 ], [ 101.7895, 16.7484 ], [ 101.7892, 16.7628 ], [ 101.8638, 16.7892 ], [ 101.8826, 16.8096 ], [ 101.9071, 16.8129 ], [ 101.9508, 16.8395 ], [ 101.9462, 16.8513 ], [ 101.9969, 16.8386 ], [ 102.0081, 16.8539 ], [ 102.0018, 16.8588 ], [ 102.0128, 16.869 ], [ 102.0426, 16.8571 ], [ 102.0473, 16.8669 ], [ 102.0626, 16.8701 ], [ 102.0581, 16.8748 ], [ 102.0663, 16.8862 ], [ 102.1011, 16.8802 ], [ 102.0984, 16.8886 ], [ 102.1061, 16.8954 ], [ 102.1266, 16.8787 ], [ 102.1574, 16.8794 ], [ 102.1728, 16.8633 ], [ 102.1828, 16.8699 ], [ 102.19, 16.856 ], [ 102.2182, 16.8566 ], [ 102.2314, 16.8742 ], [ 102.2521, 16.876 ], [ 102.2563, 16.8925 ], [ 102.2972, 16.8896 ], [ 102.293, 16.882 ], [ 102.3044, 16.8839 ], [ 102.3043, 16.8733 ], [ 102.3258, 16.865 ], [ 102.3181, 16.8526 ], [ 102.332, 16.8528 ], [ 102.3333, 16.8462 ], [ 102.3254, 16.8441 ], [ 102.3409, 16.835 ], [ 102.3367, 16.8287 ], [ 102.3454, 16.8147 ], [ 102.3525, 16.8279 ], [ 102.3629, 16.8143 ], [ 102.3788, 16.8081 ], [ 102.3791, 16.8147 ], [ 102.4337, 16.7865 ], [ 102.4977, 16.8003 ], [ 102.543, 16.779 ], [ 102.6138, 16.7661 ], [ 102.6264, 16.841 ], [ 102.6832, 16.9583 ], [ 102.6707, 16.9912 ], [ 102.6816, 17.0133 ], [ 102.6799, 17.0431 ], [ 102.701, 17.069 ], [ 102.7057, 17.0874 ], [ 102.7248, 17.0463 ], [ 102.752, 17.0389 ], [ 102.7897, 17.0128 ], [ 102.8037, 16.9846 ], [ 102.827, 16.9707 ], [ 102.8061, 16.9525 ], [ 102.8218, 16.936 ], [ 102.8109, 16.913 ], [ 102.8256, 16.8618 ], [ 102.8617, 16.8817 ], [ 102.8849, 16.8729 ], [ 102.9187, 16.8334 ], [ 102.9542, 16.8378 ], [ 102.9785, 16.8456 ], [ 103.0011, 16.8684 ], [ 103.0105, 16.8644 ], [ 103.1017, 16.9118 ], [ 103.1241, 16.9 ], [ 103.1262, 16.8918 ], [ 103.1165, 16.8527 ], [ 103.1047, 16.8394 ], [ 103.1157, 16.8174 ], [ 103.1283, 16.819 ], [ 103.1487, 16.8432 ], [ 103.1501, 16.8572 ], [ 103.1412, 16.8669 ], [ 103.1777, 16.8613 ], [ 103.1751, 16.8453 ], [ 103.1881, 16.8175 ], [ 103.185, 16.7859 ], [ 103.1484, 16.7521 ], [ 103.1605, 16.7318 ], [ 103.1482, 16.6997 ], [ 103.1611, 16.6725 ], [ 103.1532, 16.6582 ], [ 103.1566, 16.6143 ], [ 103.1485, 16.602 ], [ 103.123, 16.5905 ], [ 103.121, 16.5647 ], [ 103.1066, 16.5525 ], [ 103.0836, 16.51 ], [ 103.0445, 16.4898 ], [ 103.0351, 16.5 ], [ 103.021, 16.4727 ], [ 102.9557, 16.4506 ], [ 102.9646, 16.4282 ], [ 102.9771, 16.4224 ], [ 102.9601, 16.4234 ], [ 102.9586, 16.4115 ], [ 102.9487, 16.4071 ], [ 102.9591, 16.3991 ], [ 102.9523, 16.3883 ], [ 102.9381, 16.3873 ], [ 102.9397, 16.3755 ], [ 102.9226, 16.3758 ], [ 102.9296, 16.3651 ], [ 102.9191, 16.3675 ], [ 102.9074, 16.3563 ], [ 102.9112, 16.3478 ], [ 102.8983, 16.3476 ], [ 102.8965, 16.3127 ], [ 102.8749, 16.3005 ], [ 102.8489, 16.271 ], [ 102.8521, 16.2198 ], [ 102.8456, 16.2097 ], [ 102.8601, 16.16 ], [ 102.8473, 16.1427 ], [ 102.87, 16.1183 ], [ 102.8509, 16.0694 ], [ 102.8619, 16.0586 ], [ 102.861, 16.0392 ], [ 102.8964, 16.0235 ], [ 102.8855, 16.0117 ], [ 102.9011, 15.9997 ], [ 102.908, 15.9697 ], [ 102.8969, 15.9562 ], [ 102.8924, 15.9313 ], [ 102.9086, 15.8957 ], [ 102.9296, 15.8777 ], [ 102.9335, 15.8526 ], [ 102.9216, 15.822 ], [ 102.9343, 15.8115 ], [ 102.9328, 15.794 ], [ 102.8982, 15.7859 ], [ 102.8798, 15.767 ], [ 102.8819, 15.6914 ], [ 102.8686, 15.6486 ], [ 102.8088, 15.6305 ], [ 102.7639, 15.6513 ], [ 102.7487, 15.6688 ], [ 102.7183, 15.6645 ], [ 102.7103, 15.685 ], [ 102.6918, 15.7017 ], [ 102.6992, 15.7229 ], [ 102.6843, 15.7275 ], [ 102.6714, 15.7154 ], [ 102.6524, 15.7136 ], [ 102.6123, 15.7274 ], [ 102.5994, 15.7115 ], [ 102.564, 15.7051 ], [ 102.5363, 15.7095 ], [ 102.5151, 15.7257 ], [ 102.4564, 15.7161 ] ] ] ] } },
{ "type": "Feature", "properties": { "jurisdiction": "Krabi", "total_segments": 121, "flagged_segments": 0, "mean_sss": 34.4, "flagged_pct": 0.0 }, "geometry": { "type": "MultiPolygon", "coordinates": [ [ [ [ 99.2155, 7.406 ], [ 99.197, 7.4003 ], [ 99.2002, 7.4341 ], [ 99.2155, 7.406 ] ] ], [ [ [ 99.145, 7.5584 ], [ 99.1434, 7.5629 ], [ 99.1459, 7.5607 ], [ 99.145, 7.5584 ] ] ], [ [ [ 99.1426, 7.5719 ], [ 99.14, 7.5792 ], [ 99.1411, 7.58 ], [ 99.1426, 7.5719 ] ] ], [ [ [ 99.1407, 7.5925 ], [ 99.1494, 7.5841 ], [ 99.1471, 7.5817 ], [ 99.1407, 7.5925 ] ] ], [ [ [ 99.1508, 7.6081 ], [ 99.1489, 7.6172 ], [ 99.1497, 7.6172 ], [ 99.1508, 7.6081 ] ] ], [ [ [ 99.1389, 7.6389 ], [ 99.15, 7.6281 ], [ 99.1464, 7.6153 ], [ 99.1389, 7.6389 ] ] ], [ [ [ 99.1899, 7.6488 ], [ 99.1932, 7.6503 ], [ 99.1928, 7.6483 ], [ 99.1899, 7.6488 ] ] ], [ [ [ 99.1838, 7.6755 ], [ 99.186, 7.6759 ], [ 99.1843, 7.6744 ], [ 99.1838, 7.6755 ] ] ], [ [ [ 99.114, 7.6885 ], [ 99.1112, 7.6913 ], [ 99.1132, 7.6924 ], [ 99.114, 7.6885 ] ] ], [ [ [ 99.1214, 7.7006 ], [ 99.1139, 7.7053 ], [ 99.1133, 7.7142 ], [ 99.1214, 7.7006 ] ] ], [ [ [ 99.1157, 7.7223 ], [ 99.1172, 7.72 ], [ 99.1164, 7.7192 ], [ 99.1157, 7.7223 ] ] ], [ [ [ 99.1226, 7.744 ], [ 99.1301, 7.7324 ], [ 99.1208, 7.7397 ], [ 99.1226, 7.744 ] ] ], [ [ [ 99.193, 7.6875 ], [ 99.1903, 7.6822 ], [ 99.1894, 7.6817 ], [ 99.1867, 7.6883 ], [ 99.193, 7.6875 ] ] ], [ [ [ 99.2016, 7.6894 ], [ 99.2036, 7.6885 ], [ 99.2018, 7.6859 ], [ 99.2016, 7.6894 ] ] ], [ [ [ 99.2325, 7.7031 ], [ 99.2298, 7.7026 ], [ 99.2295, 7.7043 ], [ 99.2325, 7.7031 ] ] ], [ [ [ 99.2902, 7.8091 ], [ 99.3042, 7.8079 ], [ 99.3022, 7.7891 ], [ 99.2886, 7.7698 ], [ 99.2927, 7.7586 ], [ 99.3068, 7.7548 ], [ 99.3076, 7.7009 ], [ 99.2566, 7.6593 ], [ 99.2433, 7.6771 ], [ 99.2549, 7.6888 ], [ 99.2544, 7.7065 ], [ 99.2541, 7.6904 ], [ 99.2463, 7.6853 ], [ 99.2317, 7.6947 ], [ 99.2381, 7.7068 ], [ 99.2294, 7.705 ], [ 99.2283, 7.7036 ], [ 99.2329, 7.6991 ], [ 99.2311, 7.6935 ], [ 99.2436, 7.6829 ], [ 99.2273, 7.6712 ], [ 99.2135, 7.6777 ], [ 99.1997, 7.6689 ], [ 99.1957, 7.6726 ], [ 99.2063, 7.6872 ], [ 99.2031, 7.6964 ], [ 99.2103, 7.6986 ], [ 99.2116, 7.7024 ], [ 99.2086, 7.7085 ], [ 99.2107, 7.7 ], [ 99.2012, 7.6989 ], [ 99.1965, 7.6911 ], [ 99.19, 7.7031 ], [ 99.1983, 7.7114 ], [ 99.2078, 7.7294 ], [ 99.2045, 7.7362 ], [ 99.2096, 7.7375 ], [ 99.213, 7.7419 ], [ 99.2042, 7.7374 ], [ 99.1969, 7.7117 ], [ 99.1843, 7.7037 ], [ 99.1955, 7.7304 ], [ 99.1788, 7.7031 ], [ 99.1694, 7.7283 ], [ 99.1381, 7.7511 ], [ 99.1379, 7.7816 ], [ 99.1749, 7.8076 ], [ 99.1486, 7.7989 ], [ 99.1339, 7.7843 ], [ 99.1287, 7.8182 ], [ 99.1172, 7.8263 ], [ 99.1023, 7.8199 ], [ 99.1022, 7.8262 ], [ 99.0971, 7.8303 ], [ 99.1018, 7.8386 ], [ 99.1028, 7.8431 ], [ 99.0975, 7.8444 ], [ 99.0804, 7.8412 ], [ 99.0739, 7.8603 ], [ 99.0649, 7.8555 ], [ 99.0789, 7.89 ], [ 99.0914, 7.8942 ], [ 99.0957, 7.8996 ], [ 99.0805, 7.8946 ], [ 99.0866, 7.9233 ], [ 99.0971, 7.9315 ], [ 99.1148, 7.9311 ], [ 99.0953, 7.9325 ], [ 99.1079, 7.94 ], [ 99.0964, 7.9369 ], [ 99.0723, 7.9156 ], [ 99.0717, 7.923 ], [ 99.0833, 7.9417 ], [ 99.0951, 7.9445 ], [ 99.1031, 7.9517 ], [ 99.1032, 7.9672 ], [ 99.1119, 7.9689 ], [ 99.1022, 7.9683 ], [ 99.0983, 7.9564 ], [ 99.0828, 7.9497 ], [ 99.0743, 7.9774 ], [ 99.0791, 7.9551 ], [ 99.0652, 7.9394 ], [ 99.0565, 7.9065 ], [ 99.0275, 7.8893 ], [ 99.0156, 7.9253 ], [ 98.9995, 7.9417 ], [ 98.9932, 7.9421 ], [ 98.997, 7.9508 ], [ 98.9969, 7.9606 ], [ 98.9919, 7.9636 ], [ 98.9955, 7.9499 ], [ 98.9848, 7.9511 ], [ 98.9919, 7.941 ], [ 98.9728, 7.9323 ], [ 98.9426, 7.9872 ], [ 98.9511, 7.9969 ], [ 98.9644, 7.985 ], [ 98.9806, 7.9908 ], [ 98.9747, 7.9947 ], [ 98.9642, 7.9869 ], [ 98.9572, 8.0 ], [ 98.9711, 8.0569 ], [ 98.9814, 8.0642 ], [ 98.9687, 8.0564 ], [ 98.9587, 8.0306 ], [ 98.9525, 8.0313 ], [ 98.9558, 8.0442 ], [ 98.9547, 8.0503 ], [ 98.9433, 8.0586 ], [ 98.9592, 8.0697 ], [ 98.9628, 8.0742 ], [ 98.9636, 8.0819 ], [ 98.9419, 8.0597 ], [ 98.9539, 8.0494 ], [ 98.9501, 8.0312 ], [ 98.9589, 8.0243 ], [ 98.9524, 8.0049 ], [ 98.9189, 8.0363 ], [ 98.9225, 8.0606 ], [ 98.9347, 8.0605 ], [ 98.9377, 8.0646 ], [ 98.9336, 8.0711 ], [ 98.9353, 8.0619 ], [ 98.9217, 8.0631 ], [ 98.9201, 8.0785 ], [ 98.9197, 8.0516 ], [ 98.9125, 8.045 ], [ 98.8897, 8.0615 ], [ 98.8806, 8.0568 ], [ 98.8836, 8.0664 ], [ 98.8815, 8.0721 ], [ 98.8828, 8.0653 ], [ 98.8786, 8.0603 ], [ 98.8761, 8.0496 ], [ 98.8776, 8.0454 ], [ 98.8802, 8.0541 ], [ 98.8914, 8.0546 ], [ 98.903, 8.0398 ], [ 98.8802, 8.0202 ], [ 98.8598, 8.0276 ], [ 98.8416, 8.0102 ], [ 98.8432, 8.0016 ], [ 98.8151, 8.0397 ], [ 98.7969, 8.0449 ], [ 98.7987, 8.0502 ], [ 98.7904, 8.056 ], [ 98.7973, 8.0486 ], [ 98.7726, 8.0411 ], [ 98.7738, 8.0247 ], [ 98.7649, 8.0234 ], [ 98.7639, 8.0401 ], [ 98.7376, 8.0759 ], [ 98.7466, 8.09 ], [ 98.7482, 8.1213 ], [ 98.7571, 8.1328 ], [ 98.7648, 8.1302 ], [ 98.7506, 8.1386 ], [ 98.7531, 8.1492 ], [ 98.7649, 8.1468 ], [ 98.761, 8.1512 ], [ 98.7523, 8.1509 ], [ 98.7433, 8.1349 ], [ 98.7353, 8.1358 ], [ 98.7514, 8.1828 ], [ 98.7479, 8.1994 ], [ 98.7557, 8.201 ], [ 98.7569, 8.2036 ], [ 98.7403, 8.2173 ], [ 98.7366, 8.2308 ], [ 98.7436, 8.2433 ], [ 98.7305, 8.2381 ], [ 98.7337, 8.2706 ], [ 98.7292, 8.2663 ], [ 98.7247, 8.2796 ], [ 98.7192, 8.2766 ], [ 98.7275, 8.2604 ], [ 98.723, 8.2322 ], [ 98.716, 8.2206 ], [ 98.708, 8.2234 ], [ 98.7191, 8.2628 ], [ 98.7065, 8.2885 ], [ 98.7134, 8.3097 ], [ 98.7089, 8.3203 ], [ 98.697, 8.33 ], [ 98.713, 8.3354 ], [ 98.7182, 8.3402 ], [ 98.7182, 8.3429 ], [ 98.7125, 8.3466 ], [ 98.7158, 8.3389 ], [ 98.6954, 8.3304 ], [ 98.6946, 8.3373 ], [ 98.6921, 8.3312 ], [ 98.7075, 8.3153 ], [ 98.6852, 8.3039 ], [ 98.6811, 8.3106 ], [ 98.6799, 8.297 ], [ 98.6494, 8.2731 ], [ 98.6419, 8.2922 ], [ 98.6357, 8.2761 ], [ 98.6319, 8.2828 ], [ 98.6283, 8.2824 ], [ 98.6241, 8.2984 ], [ 98.6303, 8.2983 ], [ 98.6257, 8.313 ], [ 98.6372, 8.3396 ], [ 98.6475, 8.3377 ], [ 98.6342, 8.3428 ], [ 98.6356, 8.3701 ], [ 98.6533, 8.3695 ], [ 98.6686, 8.3836 ], [ 98.6786, 8.3818 ], [ 98.686, 8.3838 ], [ 98.6676, 8.3863 ], [ 98.6682, 8.3929 ], [ 98.6665, 8.3966 ], [ 98.6661, 8.3897 ], [ 98.6455, 8.4089 ], [ 98.6653, 8.4269 ], [ 98.6702, 8.4593 ], [ 98.6489, 8.4815 ], [ 98.6728, 8.5118 ], [ 98.6906, 8.5759 ], [ 98.7067, 8.5964 ], [ 98.7032, 8.6321 ], [ 98.7221, 8.6297 ], [ 98.746, 8.6735 ], [ 98.7604, 8.6722 ], [ 98.7954, 8.6404 ], [ 98.8002, 8.6553 ], [ 98.8436, 8.6549 ], [ 98.8598, 8.6261 ], [ 98.888, 8.6181 ], [ 98.9355, 8.561 ], [ 98.9332, 8.5419 ], [ 98.9501, 8.4903 ], [ 98.9392, 8.4371 ], [ 99.0256, 8.3705 ], [ 99.0561, 8.3599 ], [ 99.1281, 8.3656 ], [ 99.2081, 8.3368 ], [ 99.263, 8.3019 ], [ 99.2759, 8.3007 ], [ 99.2991, 8.3153 ], [ 99.2989, 8.3066 ], [ 99.3304, 8.291 ], [ 99.3333, 8.2577 ], [ 99.3124, 8.2338 ], [ 99.3201, 8.2012 ], [ 99.3062, 8.1895 ], [ 99.3071, 8.1742 ], [ 99.2901, 8.1649 ], [ 99.2889, 8.151 ], [ 99.2993, 8.1409 ], [ 99.2968, 8.132 ], [ 99.3465, 8.1353 ], [ 99.3852, 8.1079 ], [ 99.3962, 8.0412 ], [ 99.4163, 8.0006 ], [ 99.3985, 7.9843 ], [ 99.3971, 7.9549 ], [ 99.3864, 7.9419 ], [ 99.3682, 7.9464 ], [ 99.3634, 7.9363 ], [ 99.3338, 7.9285 ], [ 99.334, 7.9194 ], [ 99.3212, 7.9197 ], [ 99.3033, 7.901 ], [ 99.3068, 7.8883 ], [ 99.3179, 7.8861 ], [ 99.278, 7.8489 ], [ 99.2949, 7.8242 ], [ 99.2902, 7.8091 ] ] ], [ [ [ 99.0762, 7.5685 ], [ 99.1119, 7.4908 ], [ 99.0984, 7.4671 ], [ 99.067, 7.4993 ], [ 99.035, 7.5644 ], [ 99.0274, 7.6215 ], [ 99.0322, 7.631 ], [ 99.0201, 7.649 ], [ 99.0252, 7.6444 ], [ 99.0378, 7.6513 ], [ 99.0486, 7.6435 ], [ 99.0595, 7.6128 ], [ 99.0658, 7.6172 ], [ 99.0673, 7.6081 ], [ 99.0811, 7.5961 ], [ 99.0762, 7.5685 ] ] ], [ [ [ 99.1208, 7.4941 ], [ 99.1178, 7.4988 ], [ 99.1212, 7.4988 ], [ 99.1208, 7.4941 ] ] ], [ [ [ 99.1168, 7.5426 ], [ 99.1363, 7.5338 ], [ 99.1344, 7.525 ], [ 99.1168, 7.5426 ] ] ], [ [ [ 99.102, 7.5993 ], [ 99.0923, 7.5969 ], [ 99.0934, 7.6024 ], [ 99.102, 7.5993 ] ] ], [ [ [ 99.0707, 7.6873 ], [ 99.0955, 7.6795 ], [ 99.1094, 7.6863 ], [ 99.121, 7.6726 ], [ 99.1308, 7.648 ], [ 99.1189, 7.6281 ], [ 99.1244, 7.6093 ], [ 99.119, 7.5869 ], [ 99.1163, 7.5987 ], [ 99.0844, 7.6108 ], [ 99.0935, 7.6126 ], [ 99.096, 7.6157 ], [ 99.0833, 7.6125 ], [ 99.0853, 7.6069 ], [ 99.0917, 7.6019 ], [ 99.0881, 7.5947 ], [ 99.0675, 7.6092 ], [ 99.0728, 7.6336 ], [ 99.0794, 7.625 ], [ 99.085, 7.6279 ], [ 99.0799, 7.6256 ], [ 99.083, 7.6358 ], [ 99.0758, 7.6367 ], [ 99.0706, 7.6325 ], [ 99.065, 7.6206 ], [ 99.0585, 7.6223 ], [ 99.0569, 7.6331 ], [ 99.0742, 7.6525 ], [ 99.0641, 7.6501 ], [ 99.0683, 7.6599 ], [ 99.0562, 7.6344 ], [ 99.0509, 7.648 ], [ 99.0392, 7.6539 ], [ 99.0395, 7.6846 ], [ 99.0707, 7.6873 ] ] ], [ [ [ 99.0188, 7.6507 ], [ 99.0168, 7.6506 ], [ 99.0167, 7.6517 ], [ 99.0188, 7.6507 ] ] ], [ [ [ 99.0463, 7.6928 ], [ 99.0462, 7.6897 ], [ 99.0439, 7.6902 ], [ 99.0463, 7.6928 ] ] ], [ [ [ 99.104, 7.7468 ], [ 99.1089, 7.7106 ], [ 99.0994, 7.6931 ], [ 99.0669, 7.6944 ], [ 99.0542, 7.7203 ], [ 99.0498, 7.7232 ], [ 99.0633, 7.6983 ], [ 99.0408, 7.7037 ], [ 99.0202, 7.7644 ], [ 99.0239, 7.7711 ], [ 99.0449, 7.7713 ], [ 99.0442, 7.7586 ], [ 99.0494, 7.77 ], [ 99.0227, 7.7804 ], [ 99.0308, 7.7974 ], [ 99.0172, 7.8222 ], [ 99.019, 7.8293 ], [ 99.0335, 7.8219 ], [ 99.0483, 7.8533 ], [ 99.0797, 7.8387 ], [ 99.0994, 7.843 ], [ 99.0964, 7.8292 ], [ 99.1017, 7.8192 ], [ 99.1171, 7.8254 ], [ 99.1284, 7.8165 ], [ 99.13, 7.7833 ], [ 99.1256, 7.7714 ], [ 99.1115, 7.767 ], [ 99.1161, 7.7597 ], [ 99.1017, 7.7645 ], [ 99.0992, 7.7875 ], [ 99.1, 7.7646 ], [ 99.1159, 7.7531 ], [ 99.1107, 7.7259 ], [ 99.104, 7.7468 ] ] ], [ [ [ 99.0261, 7.7944 ], [ 99.0242, 7.7922 ], [ 99.0239, 7.7956 ], [ 99.0261, 7.7944 ] ] ], [ [ [ 99.0197, 7.8352 ], [ 99.0163, 7.8291 ], [ 99.015, 7.8306 ], [ 99.0197, 7.8352 ] ] ], [ [ [ 99.0646, 7.8508 ], [ 99.0752, 7.8441 ], [ 99.0741, 7.8433 ], [ 99.0646, 7.8508 ] ] ], [ [ [ 98.9914, 7.8047 ], [ 98.9893, 7.8097 ], [ 98.9941, 7.8057 ], [ 98.9914, 7.8047 ] ] ], [ [ [ 98.9586, 7.8564 ], [ 98.9755, 7.8483 ], [ 98.9839, 7.8034 ], [ 98.993, 7.7954 ], [ 98.9869, 7.7825 ], [ 98.9612, 7.8209 ], [ 98.9353, 7.8383 ], [ 98.9395, 7.8536 ], [ 98.9586, 7.8564 ] ] ], [ [ [ 98.9913, 7.8185 ], [ 98.9819, 7.8318 ], [ 98.9911, 7.8428 ], [ 98.9956, 7.8327 ], [ 98.9913, 7.8185 ] ] ], [ [ [ 98.9834, 7.8432 ], [ 98.9821, 7.8485 ], [ 98.9865, 7.8467 ], [ 98.9834, 7.8432 ] ] ], [ [ [ 99.0531, 7.8572 ], [ 99.0599, 7.8532 ], [ 99.0495, 7.854 ], [ 99.0531, 7.8572 ] ] ], [ [ [ 99.0425, 7.8572 ], [ 99.0411, 7.8589 ], [ 99.0419, 7.8594 ], [ 99.0425, 7.8572 ] ] ], [ [ [ 99.0059, 7.8837 ], [ 99.0227, 7.8838 ], [ 99.0404, 7.8608 ], [ 99.0316, 7.8412 ], [ 99.0228, 7.8444 ], [ 99.0188, 7.8362 ], [ 99.0022, 7.8714 ], [ 99.0059, 7.8837 ] ] ], [ [ [ 99.0447, 7.8656 ], [ 99.0443, 7.8704 ], [ 99.0493, 7.8688 ], [ 99.0447, 7.8656 ] ] ], [ [ [ 98.9473, 7.8823 ], [ 98.948, 7.8859 ], [ 98.9489, 7.8825 ], [ 98.9473, 7.8823 ] ] ], [ [ [ 98.9876, 7.9271 ], [ 99.0004, 7.8983 ], [ 98.9919, 7.8808 ], [ 98.9914, 7.8497 ], [ 98.9678, 7.9217 ], [ 98.9876, 7.9271 ] ] ], [ [ [ 98.9959, 7.9235 ], [ 99.01, 7.9158 ], [ 99.0111, 7.9022 ], [ 99.0025, 7.9064 ], [ 98.9959, 7.9235 ] ] ], [ [ [ 98.9973, 7.9335 ], [ 98.9938, 7.9393 ], [ 98.9947, 7.94 ], [ 99.0011, 7.938 ], [ 98.9973, 7.9335 ] ] ], [ [ [ 99.0467, 7.8797 ], [ 99.042, 7.8762 ], [ 99.0394, 7.8786 ], [ 99.0467, 7.8797 ] ] ], [ [ [ 99.0167, 7.885 ], [ 99.015, 7.8869 ], [ 99.0172, 7.8867 ], [ 99.0167, 7.885 ] ] ], [ [ [ 99.0527, 7.8811 ], [ 99.044, 7.8828 ], [ 99.0564, 7.895 ], [ 99.0567, 7.8886 ], [ 99.0527, 7.8811 ] ] ], [ [ [ 99.0749, 7.9147 ], [ 99.0802, 7.9149 ], [ 99.0789, 7.8992 ], [ 99.0668, 7.8769 ], [ 99.059, 7.8766 ], [ 99.065, 7.9181 ], [ 99.0749, 7.9147 ] ] ], [ [ [ 99.1332, 7.7437 ], [ 99.1351, 7.7456 ], [ 99.135, 7.7419 ], [ 99.1332, 7.7437 ] ] ], [ [ [ 99.1297, 7.7414 ], [ 99.1247, 7.7456 ], [ 99.1256, 7.7497 ], [ 99.1297, 7.7414 ] ] ], [ [ [ 99.137, 7.7434 ], [ 99.1358, 7.7492 ], [ 99.1363, 7.7503 ], [ 99.137, 7.7434 ] ] ], [ [ [ 99.1339, 7.77 ], [ 99.1322, 7.7439 ], [ 99.1275, 7.7539 ], [ 99.1339, 7.77 ] ] ], [ [ [ 99.1187, 7.765 ], [ 99.1224, 7.7679 ], [ 99.1204, 7.7635 ], [ 99.1187, 7.765 ] ] ], [ [ [ 99.0831, 7.9096 ], [ 99.0812, 7.9133 ], [ 99.0823, 7.9142 ], [ 99.0831, 7.9096 ] ] ], [ [ [ 99.0936, 7.9297 ], [ 99.0915, 7.9285 ], [ 99.0939, 7.9306 ], [ 99.0936, 7.9297 ] ] ], [ [ [ 99.0825, 7.9462 ], [ 99.0858, 7.9495 ], [ 99.0833, 7.9452 ], [ 99.0825, 7.9462 ] ] ], [ [ [ 99.0861, 7.9459 ], [ 99.0893, 7.9512 ], [ 99.0967, 7.9541 ], [ 99.0922, 7.947 ], [ 99.0861, 7.9459 ] ] ], [ [ [ 98.8897, 7.4227 ], [ 98.8887, 7.4253 ], [ 98.8903, 7.4255 ], [ 98.8897, 7.4227 ] ] ], [ [ [ 98.8936, 7.4281 ], [ 98.895, 7.4314 ], [ 98.8949, 7.4274 ], [ 98.8936, 7.4281 ] ] ], [ [ [ 98.9814, 7.7758 ], [ 98.9844, 7.7761 ], [ 98.9822, 7.7747 ], [ 98.9814, 7.7758 ] ] ], [ [ [ 98.9982, 7.7962 ], [ 98.9934, 7.8014 ], [ 98.9953, 7.8041 ], [ 98.9982, 7.7962 ] ] ], [ [ [ 98.8639, 7.6172 ], [ 98.8649, 7.6116 ], [ 98.8622, 7.6161 ], [ 98.8639, 7.6172 ] ] ], [ [ [ 98.7642, 7.6776 ], [ 98.7648, 7.6715 ], [ 98.762, 7.6765 ], [ 98.7642, 7.6776 ] ] ], [ [ [ 98.7618, 7.682 ], [ 98.7697, 7.6856 ], [ 98.77, 7.6764 ], [ 98.7618, 7.682 ] ] ], [ [ [ 98.7667, 7.6923 ], [ 98.7656, 7.6915 ], [ 98.7656, 7.6942 ], [ 98.7667, 7.6923 ] ] ], [ [ [ 98.7555, 7.787 ], [ 98.7924, 7.7289 ], [ 98.769, 7.738 ], [ 98.7686, 7.7173 ], [ 98.7572, 7.7419 ], [ 98.7711, 7.741 ], [ 98.7733, 7.7486 ], [ 98.7607, 7.7595 ], [ 98.7592, 7.7656 ], [ 98.7655, 7.7649 ], [ 98.7555, 7.787 ] ] ], [ [ [ 98.7747, 7.8214 ], [ 98.7741, 7.8148 ], [ 98.7703, 7.8108 ], [ 98.7747, 7.8214 ] ] ], [ [ [ 98.7958, 7.8129 ], [ 98.7929, 7.8187 ], [ 98.7977, 7.8182 ], [ 98.7958, 7.8129 ] ] ], [ [ [ 98.7767, 7.9464 ], [ 98.7803, 7.9492 ], [ 98.7778, 7.9456 ], [ 98.7767, 7.9464 ] ] ], [ [ [ 98.8108, 7.9583 ], [ 98.8086, 7.9486 ], [ 98.8028, 7.9553 ], [ 98.8108, 7.9583 ] ] ], [ [ [ 98.8078, 7.9747 ], [ 98.8083, 7.9676 ], [ 98.8028, 7.97 ], [ 98.8078, 7.9747 ] ] ], [ [ [ 98.8342, 8.0042 ], [ 98.8368, 8.005 ], [ 98.8342, 8.0033 ], [ 98.8342, 8.0042 ] ] ], [ [ [ 98.7806, 8.0311 ], [ 98.7822, 8.0339 ], [ 98.782, 8.0309 ], [ 98.7806, 8.0311 ] ] ], [ [ [ 98.7652, 7.6534 ], [ 98.7647, 7.6567 ], [ 98.7669, 7.6542 ], [ 98.7652, 7.6534 ] ] ], [ [ [ 98.7654, 7.6987 ], [ 98.7645, 7.6964 ], [ 98.7645, 7.6987 ], [ 98.7654, 7.6987 ] ] ], [ [ [ 98.7482, 8.0544 ], [ 98.7468, 8.0522 ], [ 98.7465, 8.0533 ], [ 98.7482, 8.0544 ] ] ], [ [ [ 98.6898, 8.1033 ], [ 98.6942, 8.0997 ], [ 98.6881, 8.099 ], [ 98.6898, 8.1033 ] ] ], [ [ [ 98.6764, 8.048 ], [ 98.6758, 8.05 ], [ 98.6771, 8.048 ], [ 98.6764, 8.048 ] ] ], [ [ [ 98.6751, 8.0826 ], [ 98.683, 8.08 ], [ 98.6777, 8.0728 ], [ 98.6751, 8.0826 ] ] ], [ [ [ 98.6878, 8.0881 ], [ 98.686, 8.0903 ], [ 98.6885, 8.0886 ], [ 98.6878, 8.0881 ] ] ], [ [ [ 98.6797, 8.0977 ], [ 98.6816, 8.0985 ], [ 98.6799, 8.0968 ], [ 98.6797, 8.0977 ] ] ], [ [ [ 98.6825, 8.1008 ], [ 98.6831, 8.1056 ], [ 98.6841, 8.1051 ], [ 98.6825, 8.1008 ] ] ], [ [ [ 98.6878, 8.1081 ], [ 98.6893, 8.1049 ], [ 98.687, 8.1047 ], [ 98.6878, 8.1081 ] ] ], [ [ [ 98.6606, 8.115 ], [ 98.6628, 8.115 ], [ 98.6617, 8.1142 ], [ 98.6606, 8.115 ] ] ], [ [ [ 98.6746, 8.1192 ], [ 98.6766, 8.1155 ], [ 98.6743, 8.1191 ], [ 98.6746, 8.1192 ] ] ], [ [ [ 98.6618, 8.1182 ], [ 98.6616, 8.1198 ], [ 98.6623, 8.1195 ], [ 98.6618, 8.1182 ] ] ], [ [ [ 98.6785, 8.1219 ], [ 98.6799, 8.1176 ], [ 98.6775, 8.1202 ], [ 98.6785, 8.1219 ] ] ], [ [ [ 98.6694, 8.1214 ], [ 98.6711, 8.1256 ], [ 98.6736, 8.1232 ], [ 98.6694, 8.1214 ] ] ], [ [ [ 98.6864, 8.1272 ], [ 98.6861, 8.1306 ], [ 98.6875, 8.1297 ], [ 98.6864, 8.1272 ] ] ], [ [ [ 98.9058, 8.0311 ], [ 98.9073, 8.0293 ], [ 98.9058, 8.0288 ], [ 98.9058, 8.0311 ] ] ], [ [ [ 98.7822, 8.0364 ], [ 98.7825, 8.0386 ], [ 98.7827, 8.0362 ], [ 98.7822, 8.0364 ] ] ], [ [ [ 98.7079, 8.1038 ], [ 98.7067, 8.1086 ], [ 98.7104, 8.1067 ], [ 98.7079, 8.1038 ] ] ], [ [ [ 98.7097, 8.1139 ], [ 98.7064, 8.1111 ], [ 98.7065, 8.1143 ], [ 98.7097, 8.1139 ] ] ], [ [ [ 98.7162, 8.1438 ], [ 98.7185, 8.1439 ], [ 98.7168, 8.1427 ], [ 98.7162, 8.1438 ] ] ], [ [ [ 98.7343, 8.1763 ], [ 98.736, 8.174 ], [ 98.7346, 8.174 ], [ 98.7343, 8.1763 ] ] ], [ [ [ 98.722, 8.1814 ], [ 98.7235, 8.1829 ], [ 98.7234, 8.1812 ], [ 98.722, 8.1814 ] ] ], [ [ [ 98.73, 8.1831 ], [ 98.7319, 8.1837 ], [ 98.7314, 8.1826 ], [ 98.73, 8.1831 ] ] ], [ [ [ 98.7261, 8.1907 ], [ 98.7271, 8.1919 ], [ 98.7276, 8.1897 ], [ 98.7261, 8.1907 ] ] ], [ [ [ 98.691, 8.2066 ], [ 98.6916, 8.2094 ], [ 98.6916, 8.2061 ], [ 98.691, 8.2066 ] ] ], [ [ [ 98.6905, 8.2037 ], [ 98.6894, 8.2048 ], [ 98.6916, 8.2054 ], [ 98.6905, 8.2037 ] ] ], [ [ [ 98.687, 8.2104 ], [ 98.6879, 8.2137 ], [ 98.6877, 8.21 ], [ 98.687, 8.2104 ] ] ], [ [ [ 98.6344, 8.2301 ], [ 98.6355, 8.2323 ], [ 98.6355, 8.2295 ], [ 98.6344, 8.2301 ] ] ], [ [ [ 98.6124, 8.2353 ], [ 98.6137, 8.2347 ], [ 98.6126, 8.234 ], [ 98.6124, 8.2353 ] ] ], [ [ [ 98.729, 8.209 ], [ 98.7309, 8.2109 ], [ 98.7304, 8.2078 ], [ 98.729, 8.209 ] ] ], [ [ [ 98.724, 8.215 ], [ 98.7273, 8.2173 ], [ 98.7262, 8.2142 ], [ 98.724, 8.215 ] ] ], [ [ [ 98.732, 8.2155 ], [ 98.7286, 8.2208 ], [ 98.7334, 8.2183 ], [ 98.732, 8.2155 ] ] ], [ [ [ 98.7068, 8.2369 ], [ 98.7099, 8.2378 ], [ 98.709, 8.2361 ], [ 98.7068, 8.2369 ] ] ], [ [ [ 99.0933, 7.9484 ], [ 99.1002, 7.9565 ], [ 99.1011, 7.9564 ], [ 99.0989, 7.9497 ], [ 99.0933, 7.9484 ] ] ], [ [ [ 99.0752, 7.9366 ], [ 99.0671, 7.9398 ], [ 99.0772, 7.9496 ], [ 99.0752, 7.9366 ] ] ], [ [ [ 98.9186, 8.0436 ], [ 98.9169, 8.0464 ], [ 98.9196, 8.048 ], [ 98.9186, 8.0436 ] ] ], [ [ [ 98.636, 8.2464 ], [ 98.6406, 8.2416 ], [ 98.6437, 8.2308 ], [ 98.636, 8.2464 ] ] ], [ [ [ 98.6139, 8.2419 ], [ 98.6129, 8.2459 ], [ 98.6142, 8.2418 ], [ 98.6139, 8.2419 ] ] ], [ [ [ 98.6215, 8.2877 ], [ 98.6285, 8.2652 ], [ 98.6346, 8.2695 ], [ 98.6414, 8.2487 ], [ 98.6243, 8.2608 ], [ 98.6215, 8.2877 ] ] ], [ [ [ 98.6315, 8.2802 ], [ 98.6298, 8.281 ], [ 98.6293, 8.2819 ], [ 98.6315, 8.2802 ] ] ], [ [ [ 98.6163, 8.2926 ], [ 98.6187, 8.293 ], [ 98.6187, 8.2907 ], [ 98.6163, 8.2926 ] ] ], [ [ [ 98.6167, 8.3508 ], [ 98.6186, 8.3514 ], [ 98.6189, 8.3494 ], [ 98.6167, 8.3508 ] ] ], [ [ [ 98.6114, 8.3539 ], [ 98.6133, 8.3517 ], [ 98.6128, 8.3517 ], [ 98.6114, 8.3539 ] ] ], [ [ [ 98.6498, 8.3718 ], [ 98.6498, 8.3752 ], [ 98.6514, 8.3723 ], [ 98.6498, 8.3718 ] ] ], [ [ [ 98.6989, 8.3001 ], [ 98.6994, 8.3037 ], [ 98.7011, 8.3037 ], [ 98.6989, 8.3001 ] ] ], [ [ [ 98.7057, 8.242 ], [ 98.7043, 8.2473 ], [ 98.7062, 8.2415 ], [ 98.7057, 8.242 ] ] ], [ [ [ 98.6969, 8.2893 ], [ 98.6997, 8.2964 ], [ 98.7029, 8.2986 ], [ 98.7021, 8.2906 ], [ 98.6969, 8.2893 ] ] ], [ [ [ 98.6944, 8.2928 ], [ 98.6948, 8.2989 ], [ 98.6973, 8.299 ], [ 98.6944, 8.2928 ] ] ] ] } },
{ "type": "Feature", "properties": { "jurisdiction": "Lampang", "total_segments": 157, "flagged_segments": 2, "mean_sss": 62.3, "flagged_pct": 1.3 }, "geometry": { "type": "MultiPolygon", "coordinates": [ [ [ [ 99.4269, 17.85 ], [ 99.4139, 17.8236 ], [ 99.3954, 17.8141 ], [ 99.3869, 17.7879 ], [ 99.3682, 17.772 ], [ 99.3867, 17.7537 ], [ 99.3818, 17.7425 ], [ 99.4005, 17.7348 ], [ 99.4182, 17.7042 ], [ 99.4509, 17.7076 ], [ 99.4671, 17.7358 ], [ 99.4736, 17.7366 ], [ 99.4795, 17.7235 ], [ 99.4717, 17.689 ], [ 99.4775, 17.6747 ], [ 99.4488, 17.6423 ], [ 99.4551, 17.5974 ], [ 99.4404, 17.6081 ], [ 99.4277, 17.6075 ], [ 99.4205, 17.5981 ], [ 99.424, 17.5906 ], [ 99.4148, 17.5721 ], [ 99.4368, 17.5619 ], [ 99.4322, 17.5467 ], [ 99.4406, 17.5271 ], [ 99.4223, 17.517 ], [ 99.4207, 17.4857 ], [ 99.4074, 17.4697 ], [ 99.4217, 17.4412 ], [ 99.4437, 17.4335 ], [ 99.4406, 17.4192 ], [ 99.4314, 17.4163 ], [ 99.4309, 17.3909 ], [ 99.4429, 17.3877 ], [ 99.4575, 17.3666 ], [ 99.4711, 17.3663 ], [ 99.4791, 17.327 ], [ 99.4562, 17.3074 ], [ 99.4571, 17.2526 ], [ 99.4421, 17.2499 ], [ 99.4408, 17.2285 ], [ 99.4195, 17.2243 ], [ 99.4207, 17.217 ], [ 99.4013, 17.2186 ], [ 99.3909, 17.2055 ], [ 99.3744, 17.2113 ], [ 99.3597, 17.2468 ], [ 99.3416, 17.2657 ], [ 99.3042, 17.2717 ], [ 99.2979, 17.3013 ], [ 99.2725, 17.3477 ], [ 99.2714, 17.3989 ], [ 99.2267, 17.4032 ], [ 99.2076, 17.3797 ], [ 99.2089, 17.3687 ], [ 99.1778, 17.3467 ], [ 99.1722, 17.3344 ], [ 99.1549, 17.336 ], [ 99.1429, 17.3589 ], [ 99.1147, 17.3689 ], [ 99.1102, 17.3568 ], [ 99.0891, 17.3748 ], [ 99.0775, 17.3708 ], [ 99.0587, 17.386 ], [ 99.0492, 17.3839 ], [ 99.0339, 17.4085 ], [ 99.0132, 17.4126 ], [ 99.0149, 17.4205 ], [ 98.9813, 17.4657 ], [ 98.9607, 17.4613 ], [ 98.9573, 17.4729 ], [ 98.9471, 17.4672 ], [ 98.9331, 17.4729 ], [ 98.9234, 17.5117 ], [ 98.9276, 17.5212 ], [ 98.9071, 17.543 ], [ 98.9121, 17.5804 ], [ 98.8904, 17.5872 ], [ 98.881, 17.6089 ], [ 98.8829, 17.6247 ], [ 98.9086, 17.6472 ], [ 98.919, 17.6409 ], [ 98.9835, 17.6386 ], [ 99.001, 17.6339 ], [ 99.0203, 17.6136 ], [ 99.0511, 17.6109 ], [ 99.0651, 17.6426 ], [ 99.0657, 17.6905 ], [ 99.0888, 17.7024 ], [ 99.0866, 17.7358 ], [ 99.1054, 17.739 ], [ 99.1133, 17.7658 ], [ 99.1267, 17.7704 ], [ 99.1049, 17.8106 ], [ 99.1367, 17.8193 ], [ 99.1611, 17.8066 ], [ 99.176, 17.8093 ], [ 99.1612, 17.8407 ], [ 99.1837, 17.8476 ], [ 99.1851, 17.8582 ], [ 99.1479, 17.8969 ], [ 99.1482, 17.9094 ], [ 99.1077, 17.9116 ], [ 99.1168, 17.9447 ], [ 99.1033, 17.9459 ], [ 99.096, 17.9556 ], [ 99.1024, 17.9991 ], [ 99.0718, 18.0611 ], [ 99.0662, 18.1391 ], [ 99.0533, 18.1591 ], [ 99.0583, 18.1731 ], [ 99.0307, 18.214 ], [ 99.0197, 18.2512 ], [ 99.0307, 18.2634 ], [ 99.0818, 18.2672 ], [ 99.0858, 18.2779 ], [ 99.1137, 18.2652 ], [ 99.1147, 18.2921 ], [ 99.1244, 18.299 ], [ 99.1239, 18.3095 ], [ 99.1535, 18.3141 ], [ 99.1549, 18.3284 ], [ 99.171, 18.3461 ], [ 99.1687, 18.3732 ], [ 99.1907, 18.3863 ], [ 99.2005, 18.4193 ], [ 99.2232, 18.4286 ], [ 99.239, 18.4471 ], [ 99.2443, 18.4783 ], [ 99.259, 18.4938 ], [ 99.2843, 18.4981 ], [ 99.3, 18.4877 ], [ 99.3225, 18.4993 ], [ 99.3186, 18.5309 ], [ 99.3282, 18.5409 ], [ 99.3316, 18.5697 ], [ 99.3549, 18.5773 ], [ 99.3503, 18.5905 ], [ 99.361, 18.6029 ], [ 99.3477, 18.6145 ], [ 99.3302, 18.616 ], [ 99.3283, 18.6272 ], [ 99.3337, 18.647 ], [ 99.3503, 18.6538 ], [ 99.329, 18.683 ], [ 99.3495, 18.7316 ], [ 99.3727, 18.7528 ], [ 99.3537, 18.8447 ], [ 99.3872, 18.866 ], [ 99.3924, 18.8837 ], [ 99.3799, 18.9203 ], [ 99.3878, 18.9411 ], [ 99.377, 18.9578 ], [ 99.3756, 18.9811 ], [ 99.3968, 18.9962 ], [ 99.4379, 19.006 ], [ 99.4949, 19.0753 ], [ 99.5311, 19.0744 ], [ 99.5412, 19.0835 ], [ 99.5391, 19.1071 ], [ 99.5617, 19.1382 ], [ 99.5513, 19.1551 ], [ 99.5378, 19.1603 ], [ 99.5508, 19.2226 ], [ 99.5473, 19.2386 ], [ 99.5643, 19.2641 ], [ 99.5658, 19.2818 ], [ 99.5796, 19.2913 ], [ 99.582, 19.3089 ], [ 99.5772, 19.326 ], [ 99.5829, 19.3362 ], [ 99.5746, 19.3446 ], [ 99.5827, 19.3519 ], [ 99.5775, 19.3873 ], [ 99.5648, 19.4026 ], [ 99.5671, 19.416 ], [ 99.6328, 19.3819 ], [ 99.6781, 19.3903 ], [ 99.6976, 19.3788 ], [ 99.6942, 19.3578 ], [ 99.7099, 19.3384 ], [ 99.6996, 19.3045 ], [ 99.7053, 19.2426 ], [ 99.7309, 19.179 ], [ 99.728, 19.1676 ], [ 99.76, 19.1314 ], [ 99.7751, 19.0623 ], [ 99.7962, 19.0515 ], [ 99.8201, 19.0598 ], [ 99.8227, 19.0431 ], [ 99.8345, 19.0385 ], [ 99.8313, 19.0089 ], [ 99.84, 18.9995 ], [ 99.885, 18.9978 ], [ 99.8913, 18.9862 ], [ 99.9082, 18.981 ], [ 99.9126, 18.9862 ], [ 99.9283, 18.9771 ], [ 99.9475, 18.9401 ], [ 99.9763, 18.9176 ], [ 100.0183, 18.8943 ], [ 100.0355, 18.9003 ], [ 100.072, 18.8635 ], [ 100.0635, 18.8326 ], [ 100.0685, 18.8153 ], [ 100.09, 18.8256 ], [ 100.1236, 18.7963 ], [ 100.1273, 18.7826 ], [ 100.1028, 18.7495 ], [ 100.0984, 18.7275 ], [ 100.113, 18.6697 ], [ 100.1014, 18.6275 ], [ 100.1218, 18.599 ], [ 100.1118, 18.5881 ], [ 100.1085, 18.5581 ], [ 100.0923, 18.5711 ], [ 100.0775, 18.5589 ], [ 100.0572, 18.5554 ], [ 100.0507, 18.5293 ], [ 100.0575, 18.5145 ], [ 100.0505, 18.4948 ], [ 100.0257, 18.4677 ], [ 100.0229, 18.446 ], [ 100.0058, 18.4432 ], [ 100.0157, 18.4359 ], [ 100.0073, 18.4083 ], [ 99.989, 18.3903 ], [ 99.9677, 18.3918 ], [ 99.9703, 18.3831 ], [ 99.9564, 18.3739 ], [ 99.9523, 18.354 ], [ 99.9409, 18.3492 ], [ 99.9379, 18.3267 ], [ 99.909, 18.2791 ], [ 99.8595, 18.2821 ], [ 99.8521, 18.2543 ], [ 99.8028, 18.2133 ], [ 99.8005, 18.1983 ], [ 99.7553, 18.1393 ], [ 99.7624, 18.1203 ], [ 99.7407, 18.1069 ], [ 99.7208, 18.0678 ], [ 99.6913, 18.0628 ], [ 99.6934, 18.0543 ], [ 99.6709, 18.0403 ], [ 99.6591, 18.0384 ], [ 99.6519, 18.0548 ], [ 99.634, 18.0608 ], [ 99.6203, 18.0469 ], [ 99.5883, 18.0344 ], [ 99.5952, 18.0063 ], [ 99.5659, 17.9893 ], [ 99.5591, 17.9719 ], [ 99.5088, 17.9418 ], [ 99.4847, 17.9188 ], [ 99.477, 17.8927 ], [ 99.4269, 17.85 ] ] ] ] } },
{ "type": "Feature", "properties": { "jurisdiction": "Lamphun", "total_segments": 92, "flagged_segments": 0, "mean_sss": 36.8, "flagged_pct": 0.0 }, "geometry": { "type": "MultiPolygon", "coordinates": [ [ [ [ 98.7057, 17.7601 ], [ 98.6866, 17.7894 ], [ 98.7274, 17.7922 ], [ 98.7427, 17.8032 ], [ 98.7641, 17.8003 ], [ 98.7848, 17.831 ], [ 98.7963, 17.8213 ], [ 98.8002, 17.7954 ], [ 98.8228, 17.7954 ], [ 98.8565, 17.8124 ], [ 98.8552, 17.8467 ], [ 98.863, 17.8542 ], [ 98.8726, 17.8486 ], [ 98.8419, 17.9637 ], [ 98.8333, 17.9721 ], [ 98.835, 17.9868 ], [ 98.8092, 18.0069 ], [ 98.779, 18.0014 ], [ 98.7947, 18.0279 ], [ 98.7989, 18.0561 ], [ 98.8149, 18.0777 ], [ 98.7995, 18.0859 ], [ 98.8109, 18.1142 ], [ 98.806, 18.1534 ], [ 98.7934, 18.1599 ], [ 98.7844, 18.1777 ], [ 98.7866, 18.2145 ], [ 98.7745, 18.2291 ], [ 98.7771, 18.2486 ], [ 98.6667, 18.3005 ], [ 98.6767, 18.3125 ], [ 98.6746, 18.3255 ], [ 98.7053, 18.3336 ], [ 98.6826, 18.3671 ], [ 98.7097, 18.4096 ], [ 98.7094, 18.4146 ], [ 98.7002, 18.4087 ], [ 98.6952, 18.4171 ], [ 98.709, 18.4385 ], [ 98.7206, 18.4323 ], [ 98.7286, 18.444 ], [ 98.7452, 18.4297 ], [ 98.767, 18.4332 ], [ 98.7786, 18.4479 ], [ 98.8152, 18.4613 ], [ 98.8419, 18.4864 ], [ 98.8494, 18.5053 ], [ 98.8579, 18.4981 ], [ 98.8693, 18.513 ], [ 98.8831, 18.5094 ], [ 98.9367, 18.5411 ], [ 98.9345, 18.5527 ], [ 98.9709, 18.6013 ], [ 98.9672, 18.6138 ], [ 98.9793, 18.6337 ], [ 99.0064, 18.6427 ], [ 99.0133, 18.6719 ], [ 99.0534, 18.6664 ], [ 99.0778, 18.6797 ], [ 99.1146, 18.6774 ], [ 99.1574, 18.7081 ], [ 99.1895, 18.7052 ], [ 99.1906, 18.6775 ], [ 99.2086, 18.6575 ], [ 99.2357, 18.6486 ], [ 99.2371, 18.6156 ], [ 99.2204, 18.5906 ], [ 99.2638, 18.5702 ], [ 99.2979, 18.5359 ], [ 99.3186, 18.5309 ], [ 99.3225, 18.4993 ], [ 99.3, 18.4877 ], [ 99.2843, 18.4981 ], [ 99.259, 18.4938 ], [ 99.2443, 18.4783 ], [ 99.239, 18.4471 ], [ 99.2232, 18.4286 ], [ 99.2005, 18.4193 ], [ 99.1907, 18.3863 ], [ 99.1687, 18.3732 ], [ 99.171, 18.3461 ], [ 99.1549, 18.3284 ], [ 99.1535, 18.3141 ], [ 99.1239, 18.3095 ], [ 99.1244, 18.299 ], [ 99.1147, 18.2921 ], [ 99.1137, 18.2652 ], [ 99.0858, 18.2779 ], [ 99.0818, 18.2672 ], [ 99.0307, 18.2634 ], [ 99.0197, 18.2512 ], [ 99.0307, 18.214 ], [ 99.0583, 18.1731 ], [ 99.0533, 18.1591 ], [ 99.0662, 18.1391 ], [ 99.0718, 18.0611 ], [ 99.1024, 17.9991 ], [ 99.096, 17.9556 ], [ 99.1033, 17.9459 ], [ 99.1168, 17.9447 ], [ 99.1077, 17.9116 ], [ 99.1482, 17.9094 ], [ 99.1479, 17.8969 ], [ 99.1851, 17.8582 ], [ 99.1837, 17.8476 ], [ 99.1612, 17.8407 ], [ 99.176, 17.8093 ], [ 99.1611, 17.8066 ], [ 99.1367, 17.8193 ], [ 99.1049, 17.8106 ], [ 99.1267, 17.7704 ], [ 99.1133, 17.7658 ], [ 99.1054, 17.739 ], [ 99.0866, 17.7358 ], [ 99.0888, 17.7024 ], [ 99.0657, 17.6905 ], [ 99.0651, 17.6426 ], [ 99.0517, 17.6114 ], [ 99.0203, 17.6136 ], [ 99.001, 17.6339 ], [ 98.9835, 17.6386 ], [ 98.9071, 17.6471 ], [ 98.8829, 17.6247 ], [ 98.881, 17.6089 ], [ 98.8904, 17.5872 ], [ 98.9121, 17.5804 ], [ 98.9062, 17.561 ], [ 98.9121, 17.5344 ], [ 98.8839, 17.509 ], [ 98.8814, 17.49 ], [ 98.8597, 17.5101 ], [ 98.8236, 17.5106 ], [ 98.817, 17.4988 ], [ 98.7978, 17.4984 ], [ 98.7616, 17.4809 ], [ 98.7516, 17.467 ], [ 98.7186, 17.4629 ], [ 98.6923, 17.4227 ], [ 98.6839, 17.4597 ], [ 98.7061, 17.4841 ], [ 98.707, 17.5 ], [ 98.6978, 17.513 ], [ 98.7034, 17.554 ], [ 98.6945, 17.5855 ], [ 98.6836, 17.5955 ], [ 98.6933, 17.6292 ], [ 98.6851, 17.6635 ], [ 98.7244, 17.6744 ], [ 98.7471, 17.691 ], [ 98.7409, 17.7067 ], [ 98.7262, 17.7148 ], [ 98.7251, 17.7262 ], [ 98.7049, 17.7418 ], [ 98.7057, 17.7601 ] ] ] ] } },
{ "type": "Feature", "properties": { "jurisdiction": "Loei", "total_segments": 179, "flagged_segments": 1, "mean_sss": 46.2, "flagged_pct": 0.6 }, "geometry": { "type": "MultiPolygon", "coordinates": [ [ [ [ 101.227, 17.1296 ], [ 101.1994, 17.118 ], [ 101.206, 17.1039 ], [ 101.2021, 17.0899 ], [ 101.1721, 17.0522 ], [ 101.1696, 17.0377 ], [ 101.1387, 17.0311 ], [ 101.1166, 17.0164 ], [ 101.1113, 16.9988 ], [ 101.1168, 16.9348 ], [ 101.1051, 16.8968 ], [ 101.0953, 16.8919 ], [ 101.0704, 16.9027 ], [ 101.0711, 16.9247 ], [ 101.0344, 16.9311 ], [ 101.0289, 16.9448 ], [ 101.0521, 16.9574 ], [ 101.0417, 16.9886 ], [ 101.0596, 17.0272 ], [ 101.052, 17.0777 ], [ 101.0615, 17.0849 ], [ 101.0639, 17.1131 ], [ 101.0709, 17.1147 ], [ 101.0799, 17.1378 ], [ 101.0784, 17.1768 ], [ 101.1091, 17.2149 ], [ 101.1109, 17.2326 ], [ 101.0843, 17.2782 ], [ 101.0511, 17.2812 ], [ 101.0283, 17.3078 ], [ 101.0132, 17.3124 ], [ 101.0071, 17.3322 ], [ 100.9933, 17.3388 ], [ 100.9562, 17.3324 ], [ 100.917, 17.34 ], [ 100.9146, 17.3751 ], [ 100.9256, 17.4173 ], [ 100.9163, 17.4325 ], [ 100.9173, 17.4491 ], [ 100.8958, 17.4626 ], [ 100.8777, 17.4481 ], [ 100.8586, 17.4493 ], [ 100.836, 17.4658 ], [ 100.8455, 17.5004 ], [ 100.8746, 17.5276 ], [ 100.8626, 17.5432 ], [ 100.8766, 17.576 ], [ 100.9051, 17.5916 ], [ 100.9296, 17.5678 ], [ 100.9658, 17.5726 ], [ 101.0058, 17.5538 ], [ 101.0253, 17.5552 ], [ 101.0415, 17.539 ], [ 101.047, 17.5428 ], [ 101.0488, 17.527 ], [ 101.062, 17.5247 ], [ 101.0632, 17.5097 ], [ 101.0819, 17.5001 ], [ 101.1039, 17.5066 ], [ 101.0955, 17.4937 ], [ 101.1084, 17.4901 ], [ 101.1114, 17.4797 ], [ 101.1368, 17.4826 ], [ 101.133, 17.4721 ], [ 101.1666, 17.4668 ], [ 101.1726, 17.4912 ], [ 101.1883, 17.4949 ], [ 101.1861, 17.5239 ], [ 101.2346, 17.5342 ], [ 101.2545, 17.5788 ], [ 101.2728, 17.6038 ], [ 101.3131, 17.6329 ], [ 101.3158, 17.6493 ], [ 101.3579, 17.6618 ], [ 101.3904, 17.6943 ], [ 101.4079, 17.6807 ], [ 101.4136, 17.7 ], [ 101.4368, 17.7142 ], [ 101.4044, 17.7265 ], [ 101.4094, 17.7328 ], [ 101.4481, 17.7267 ], [ 101.4837, 17.7583 ], [ 101.4776, 17.7447 ], [ 101.4932, 17.7431 ], [ 101.4866, 17.7247 ], [ 101.4983, 17.7254 ], [ 101.5078, 17.755 ], [ 101.5201, 17.7665 ], [ 101.5437, 17.7743 ], [ 101.5547, 17.7878 ], [ 101.5809, 17.7839 ], [ 101.5744, 17.8015 ], [ 101.5543, 17.812 ], [ 101.5797, 17.867 ], [ 101.5955, 17.8472 ], [ 101.6104, 17.8594 ], [ 101.6249, 17.8917 ], [ 101.6981, 17.9105 ], [ 101.7139, 17.9005 ], [ 101.7364, 17.9192 ], [ 101.733, 17.9481 ], [ 101.7602, 18.0303 ], [ 101.7828, 18.0663 ], [ 101.8284, 18.0551 ], [ 101.8781, 18.027 ], [ 101.9075, 18.0281 ], [ 101.9587, 18.0954 ], [ 102.0296, 18.1478 ], [ 102.0479, 18.1958 ], [ 102.0898, 18.2178 ], [ 102.1087, 18.2115 ], [ 102.1045, 18.1598 ], [ 102.0891, 18.1578 ], [ 102.0708, 18.1406 ], [ 102.0562, 18.0759 ], [ 102.0585, 18.0375 ], [ 102.0413, 18.0205 ], [ 102.0449, 17.9871 ], [ 102.0291, 17.9891 ], [ 102.0206, 17.9804 ], [ 102.0278, 17.9734 ], [ 102.0401, 17.8825 ], [ 102.0529, 17.8673 ], [ 102.0533, 17.8456 ], [ 102.0487, 17.8167 ], [ 102.0376, 17.8036 ], [ 102.0467, 17.787 ], [ 102.031, 17.7831 ], [ 102.0182, 17.7459 ], [ 102.0278, 17.6775 ], [ 102.0405, 17.6611 ], [ 102.0321, 17.6557 ], [ 102.0387, 17.6464 ], [ 102.0589, 17.656 ], [ 102.0812, 17.6441 ], [ 102.1095, 17.6078 ], [ 102.124, 17.5675 ], [ 102.1393, 17.5555 ], [ 102.1428, 17.5203 ], [ 102.1387, 17.5074 ], [ 102.1304, 17.5068 ], [ 102.1301, 17.4901 ], [ 102.0943, 17.4642 ], [ 102.0541, 17.4485 ], [ 102.0338, 17.4581 ], [ 101.9932, 17.4573 ], [ 101.9866, 17.435 ], [ 101.9944, 17.4195 ], [ 101.9836, 17.4103 ], [ 102.0205, 17.3705 ], [ 102.015, 17.3604 ], [ 102.0222, 17.3396 ], [ 101.9995, 17.3313 ], [ 101.992, 17.3191 ], [ 101.9993, 17.2977 ], [ 102.0163, 17.2867 ], [ 102.0161, 17.2776 ], [ 102.0284, 17.2789 ], [ 102.0362, 17.2602 ], [ 102.0531, 17.2495 ], [ 102.0705, 17.253 ], [ 102.0611, 17.2322 ], [ 102.0763, 17.2101 ], [ 102.0713, 17.2053 ], [ 102.0091, 17.215 ], [ 101.9993, 17.2054 ], [ 102.0179, 17.1949 ], [ 102.0792, 17.1887 ], [ 102.0503, 17.1683 ], [ 102.047, 17.1539 ], [ 102.0229, 17.1658 ], [ 102.0228, 17.1302 ], [ 102.0926, 17.1094 ], [ 102.1064, 17.0814 ], [ 102.1058, 17.0628 ], [ 102.1557, 17.0269 ], [ 102.1326, 17.0064 ], [ 102.0988, 17.002 ], [ 102.0977, 16.9853 ], [ 102.0751, 16.9632 ], [ 102.0591, 16.965 ], [ 102.0328, 16.9506 ], [ 102.0479, 16.9058 ], [ 102.0706, 16.8917 ], [ 102.0581, 16.8748 ], [ 102.0626, 16.8701 ], [ 102.0473, 16.8669 ], [ 102.0422, 16.8571 ], [ 102.0128, 16.869 ], [ 102.0018, 16.8588 ], [ 102.0081, 16.8539 ], [ 101.9969, 16.8386 ], [ 101.9462, 16.8513 ], [ 101.9508, 16.8395 ], [ 101.9071, 16.8129 ], [ 101.8802, 16.8083 ], [ 101.8633, 16.789 ], [ 101.7874, 16.7609 ], [ 101.7281, 16.7507 ], [ 101.6877, 16.7954 ], [ 101.7023, 16.8061 ], [ 101.7201, 16.7971 ], [ 101.7226, 16.8047 ], [ 101.6793, 16.8589 ], [ 101.6908, 16.934 ], [ 101.6797, 16.9363 ], [ 101.6733, 16.9507 ], [ 101.6772, 16.9747 ], [ 101.6467, 17.028 ], [ 101.6508, 17.0385 ], [ 101.6308, 17.0432 ], [ 101.6103, 16.9989 ], [ 101.5695, 16.9845 ], [ 101.5519, 16.9939 ], [ 101.5363, 17.0209 ], [ 101.5332, 17.052 ], [ 101.5107, 17.0561 ], [ 101.4885, 17.0748 ], [ 101.4814, 17.0715 ], [ 101.4721, 17.0911 ], [ 101.4611, 17.0927 ], [ 101.4351, 17.071 ], [ 101.4052, 17.0923 ], [ 101.3881, 17.0786 ], [ 101.3747, 17.0883 ], [ 101.3432, 17.0856 ], [ 101.3305, 17.0704 ], [ 101.3124, 17.092 ], [ 101.2831, 17.0824 ], [ 101.2798, 17.0935 ], [ 101.2618, 17.0884 ], [ 101.227, 17.1296 ] ] ] ] } },
{ "type": "Feature", "properties": { "jurisdiction": "LopBuri", "total_segments": 157, "flagged_segments": 6, "mean_sss": 53.5, "flagged_pct": 3.8 }, "geometry": { "type": "MultiPolygon", "coordinates": [ [ [ [ 100.6039, 14.6537 ], [ 100.5546, 14.6598 ], [ 100.5501, 14.6709 ], [ 100.5156, 14.6603 ], [ 100.5105, 14.6742 ], [ 100.5167, 14.6797 ], [ 100.5043, 14.68 ], [ 100.4965, 14.6972 ], [ 100.4705, 14.7077 ], [ 100.4749, 14.7287 ], [ 100.4897, 14.7471 ], [ 100.4739, 14.7612 ], [ 100.469, 14.8348 ], [ 100.4593, 14.8555 ], [ 100.4367, 14.8701 ], [ 100.4403, 14.8884 ], [ 100.4319, 14.8979 ], [ 100.4268, 14.9308 ], [ 100.4505, 14.9427 ], [ 100.4487, 14.9912 ], [ 100.4647, 15.0019 ], [ 100.4719, 15.0271 ], [ 100.4233, 15.0559 ], [ 100.4652, 15.1128 ], [ 100.4746, 15.108 ], [ 100.5079, 15.1296 ], [ 100.5061, 15.1556 ], [ 100.5317, 15.1785 ], [ 100.54, 15.1968 ], [ 100.5687, 15.2213 ], [ 100.5926, 15.2281 ], [ 100.5951, 15.2579 ], [ 100.5909, 15.2663 ], [ 100.5786, 15.2675 ], [ 100.5803, 15.274 ], [ 100.6129, 15.2934 ], [ 100.6234, 15.3176 ], [ 100.6355, 15.3213 ], [ 100.6304, 15.3427 ], [ 100.6473, 15.4026 ], [ 100.6445, 15.4153 ], [ 100.6657, 15.429 ], [ 100.7661, 15.4583 ], [ 100.7732, 15.4645 ], [ 100.7714, 15.4955 ], [ 100.7467, 15.5123 ], [ 100.761, 15.5215 ], [ 100.7888, 15.5236 ], [ 100.814, 15.4842 ], [ 100.854, 15.4703 ], [ 100.8966, 15.4738 ], [ 100.9494, 15.445 ], [ 100.9612, 15.4194 ], [ 100.9797, 15.4118 ], [ 100.978, 15.3855 ], [ 101.0101, 15.3633 ], [ 101.0243, 15.3376 ], [ 101.0709, 15.3361 ], [ 101.0929, 15.3506 ], [ 101.1067, 15.3356 ], [ 101.1363, 15.3248 ], [ 101.1909, 15.3283 ], [ 101.2061, 15.3186 ], [ 101.2253, 15.3413 ], [ 101.2774, 15.3604 ], [ 101.3066, 15.3866 ], [ 101.3089, 15.4333 ], [ 101.2994, 15.4543 ], [ 101.3081, 15.4713 ], [ 101.3055, 15.5175 ], [ 101.2906, 15.5252 ], [ 101.2903, 15.5328 ], [ 101.3044, 15.5421 ], [ 101.312, 15.5719 ], [ 101.3719, 15.5779 ], [ 101.3871, 15.4828 ], [ 101.3772, 15.3745 ], [ 101.3802, 15.3463 ], [ 101.3864, 15.3446 ], [ 101.3818, 15.2909 ], [ 101.3898, 15.2405 ], [ 101.3579, 15.2501 ], [ 101.3687, 15.2289 ], [ 101.3676, 15.1907 ], [ 101.3757, 15.189 ], [ 101.3955, 15.1501 ], [ 101.3913, 15.129 ], [ 101.4024, 15.0674 ], [ 101.4147, 15.0444 ], [ 101.401, 15.0359 ], [ 101.3633, 15.044 ], [ 101.3528, 15.0266 ], [ 101.3497, 14.9924 ], [ 101.3253, 14.9729 ], [ 101.279, 14.9699 ], [ 101.2771, 14.9366 ], [ 101.2592, 14.9116 ], [ 101.2438, 14.9177 ], [ 101.2351, 14.9394 ], [ 101.2265, 14.9208 ], [ 101.1944, 14.9198 ], [ 101.1544, 14.8962 ], [ 101.0948, 14.9046 ], [ 101.0918, 14.8911 ], [ 101.0754, 14.8775 ], [ 101.091, 14.8459 ], [ 101.0849, 14.8426 ], [ 101.081, 14.8499 ], [ 101.0671, 14.8389 ], [ 101.0706, 14.8298 ], [ 101.0903, 14.8294 ], [ 101.0789, 14.8093 ], [ 101.0704, 14.8129 ], [ 101.0742, 14.7902 ], [ 101.064, 14.7899 ], [ 101.0643, 14.7831 ], [ 101.0081, 14.8283 ], [ 100.9677, 14.8309 ], [ 100.9561, 14.8189 ], [ 100.9565, 14.7811 ], [ 100.9588, 14.767 ], [ 100.9722, 14.756 ], [ 100.9648, 14.7448 ], [ 100.9453, 14.7401 ], [ 100.9021, 14.7681 ], [ 100.8898, 14.7709 ], [ 100.873, 14.7615 ], [ 100.8387, 14.8024 ], [ 100.8123, 14.803 ], [ 100.8072, 14.7945 ], [ 100.7907, 14.7924 ], [ 100.7514, 14.8067 ], [ 100.725, 14.7567 ], [ 100.7122, 14.748 ], [ 100.6931, 14.7503 ], [ 100.657, 14.7142 ], [ 100.6076, 14.7225 ], [ 100.6065, 14.7107 ], [ 100.6276, 14.6771 ], [ 100.6039, 14.6537 ] ] ] ] } },
{ "type": "Feature", "properties": { "jurisdiction": "MaeHongSon", "total_segments": 32, "flagged_segments": 0, "mean_sss": 49.4, "flagged_pct": 0.0 }, "geometry": { "type": "MultiPolygon", "coordinates": [ [ [ [ 98.0163, 17.9185 ], [ 98.0127, 17.9236 ], [ 98.012, 17.8928 ], [ 98.0691, 17.8523 ], [ 98.0751, 17.8263 ], [ 98.0892, 17.807 ], [ 98.1109, 17.7929 ], [ 98.1339, 17.7941 ], [ 98.1478, 17.7754 ], [ 98.1366, 17.7574 ], [ 98.1541, 17.7287 ], [ 98.1461, 17.6804 ], [ 98.0945, 17.6355 ], [ 98.0636, 17.6465 ], [ 98.0589, 17.6607 ], [ 98.0416, 17.6735 ], [ 98.0393, 17.694 ], [ 98.0248, 17.7109 ], [ 98.0283, 17.7198 ], [ 98.0164, 17.7309 ], [ 98.0159, 17.7381 ], [ 98.0227, 17.7365 ], [ 98.0129, 17.7466 ], [ 98.0106, 17.7672 ], [ 97.9978, 17.7733 ], [ 97.9899, 17.8093 ], [ 97.9768, 17.821 ], [ 97.9831, 17.836 ], [ 97.9713, 17.8466 ], [ 97.9701, 17.867 ], [ 97.9132, 17.8532 ], [ 97.9, 17.8308 ], [ 97.9055, 17.8106 ], [ 97.8469, 17.7773 ], [ 97.8178, 17.785 ], [ 97.7963, 17.775 ], [ 97.7881, 17.783 ], [ 97.7537, 17.7758 ], [ 97.7255, 17.7965 ], [ 97.7205, 17.8157 ], [ 97.7004, 17.8174 ], [ 97.6763, 17.875 ], [ 97.6937, 17.9243 ], [ 97.7374, 17.9519 ], [ 97.7411, 17.9725 ], [ 97.709, 18.0543 ], [ 97.6993, 18.064 ], [ 97.687, 18.06 ], [ 97.6936, 18.0869 ], [ 97.6797, 18.1114 ], [ 97.6769, 18.1595 ], [ 97.6517, 18.1771 ], [ 97.6104, 18.2367 ], [ 97.6404, 18.2858 ], [ 97.6207, 18.3167 ], [ 97.5611, 18.3377 ], [ 97.5511, 18.3306 ], [ 97.5372, 18.2847 ], [ 97.5019, 18.2671 ], [ 97.4476, 18.3314 ], [ 97.4431, 18.3589 ], [ 97.4534, 18.3881 ], [ 97.4263, 18.4091 ], [ 97.4196, 18.4339 ], [ 97.3999, 18.457 ], [ 97.3861, 18.5062 ], [ 97.3488, 18.5424 ], [ 97.3452, 18.5724 ], [ 97.3633, 18.5924 ], [ 97.3637, 18.5581 ], [ 97.4013, 18.5617 ], [ 97.4228, 18.5447 ], [ 97.4359, 18.5034 ], [ 97.4488, 18.4918 ], [ 97.4701, 18.4948 ], [ 97.4848, 18.5065 ], [ 97.5088, 18.4886 ], [ 97.5214, 18.4946 ], [ 97.5394, 18.4876 ], [ 97.5515, 18.526 ], [ 97.5669, 18.5188 ], [ 97.5765, 18.5314 ], [ 97.6059, 18.5329 ], [ 97.6159, 18.5415 ], [ 97.6226, 18.5357 ], [ 97.6183, 18.5576 ], [ 97.6274, 18.5618 ], [ 97.6401, 18.5555 ], [ 97.6589, 18.5745 ], [ 97.7036, 18.5662 ], [ 97.7242, 18.5702 ], [ 97.7285, 18.5802 ], [ 97.7719, 18.575 ], [ 97.7775, 18.6867 ], [ 97.7574, 18.7219 ], [ 97.767, 18.7568 ], [ 97.7571, 18.7649 ], [ 97.7563, 18.8055 ], [ 97.7435, 18.823 ], [ 97.7517, 18.8403 ], [ 97.7444, 18.8785 ], [ 97.7082, 18.8968 ], [ 97.6916, 18.9136 ], [ 97.6927, 18.9221 ], [ 97.6724, 18.9302 ], [ 97.6712, 18.9444 ], [ 97.6931, 18.9454 ], [ 97.7111, 18.9631 ], [ 97.7412, 18.9764 ], [ 97.7388, 19.0386 ], [ 97.763, 19.036 ], [ 97.7729, 19.0423 ], [ 97.7724, 19.0696 ], [ 97.7957, 19.0715 ], [ 97.814, 19.0882 ], [ 97.8373, 19.0922 ], [ 97.8365, 19.1341 ], [ 97.8466, 19.1484 ], [ 97.8399, 19.1943 ], [ 97.8488, 19.2119 ], [ 97.8297, 19.2349 ], [ 97.8196, 19.2368 ], [ 97.8137, 19.2509 ], [ 97.7862, 19.2652 ], [ 97.8047, 19.2863 ], [ 97.8254, 19.28 ], [ 97.8356, 19.2891 ], [ 97.846, 19.2874 ], [ 97.8458, 19.2953 ], [ 97.8338, 19.3001 ], [ 97.8284, 19.322 ], [ 97.8032, 19.3493 ], [ 97.8071, 19.3852 ], [ 97.7899, 19.398 ], [ 97.8182, 19.4122 ], [ 97.8634, 19.4776 ], [ 97.8891, 19.4981 ], [ 97.857, 19.5306 ], [ 97.8638, 19.5732 ], [ 97.9042, 19.5756 ], [ 97.9463, 19.5951 ], [ 97.9633, 19.5904 ], [ 97.9791, 19.6003 ], [ 97.9767, 19.6315 ], [ 97.9869, 19.6379 ], [ 98.0052, 19.6303 ], [ 98.0416, 19.6391 ], [ 98.0483, 19.6521 ], [ 98.035, 19.6703 ], [ 98.038, 19.6982 ], [ 98.0291, 19.7195 ], [ 98.0353, 19.7215 ], [ 98.0416, 19.7626 ], [ 98.037, 19.7839 ], [ 98.0434, 19.7959 ], [ 98.0377, 19.8004 ], [ 98.0515, 19.8113 ], [ 98.0594, 19.7999 ], [ 98.0858, 19.8072 ], [ 98.0849, 19.7905 ], [ 98.1035, 19.7692 ], [ 98.1379, 19.7842 ], [ 98.1714, 19.767 ], [ 98.1851, 19.7567 ], [ 98.1936, 19.7361 ], [ 98.2207, 19.7215 ], [ 98.2297, 19.7246 ], [ 98.2392, 19.7082 ], [ 98.2341, 19.6916 ], [ 98.2502, 19.6737 ], [ 98.2993, 19.6793 ], [ 98.3288, 19.6952 ], [ 98.3727, 19.6862 ], [ 98.3953, 19.7009 ], [ 98.4169, 19.6893 ], [ 98.4629, 19.6943 ], [ 98.4711, 19.6847 ], [ 98.4708, 19.6595 ], [ 98.5403, 19.6092 ], [ 98.5443, 19.5568 ], [ 98.5671, 19.5448 ], [ 98.5667, 19.5141 ], [ 98.5947, 19.4915 ], [ 98.6006, 19.4678 ], [ 98.5863, 19.4417 ], [ 98.5873, 19.4138 ], [ 98.5957, 19.4013 ], [ 98.5748, 19.3877 ], [ 98.5823, 19.3652 ], [ 98.5965, 19.352 ], [ 98.5907, 19.3306 ], [ 98.6026, 19.3065 ], [ 98.596, 19.286 ], [ 98.6055, 19.2776 ], [ 98.5902, 19.2516 ], [ 98.6, 19.228 ], [ 98.5694, 19.208 ], [ 98.5861, 19.1856 ], [ 98.634, 19.154 ], [ 98.6528, 19.093 ], [ 98.634, 19.0604 ], [ 98.5944, 19.0414 ], [ 98.5694, 19.0436 ], [ 98.5472, 19.0243 ], [ 98.4409, 19.0458 ], [ 98.422, 19.0261 ], [ 98.4022, 19.0342 ], [ 98.3876, 19.0585 ], [ 98.3736, 19.0642 ], [ 98.3717, 19.0838 ], [ 98.3549, 19.0919 ], [ 98.3438, 19.1494 ], [ 98.266, 19.1511 ], [ 98.2543, 19.1586 ], [ 98.2437, 19.1493 ], [ 98.2429, 19.1245 ], [ 98.252, 19.1064 ], [ 98.2277, 19.0859 ], [ 98.2066, 19.0466 ], [ 98.1917, 19.0396 ], [ 98.1873, 19.0142 ], [ 98.1653, 18.9798 ], [ 98.1729, 18.9461 ], [ 98.1588, 18.9354 ], [ 98.1586, 18.9178 ], [ 98.1261, 18.9059 ], [ 98.1036, 18.8825 ], [ 98.0808, 18.8193 ], [ 98.0935, 18.7754 ], [ 98.1226, 18.7729 ], [ 98.1218, 18.7565 ], [ 98.0978, 18.7372 ], [ 98.1084, 18.7119 ], [ 98.1016, 18.7012 ], [ 98.1065, 18.6759 ], [ 98.1138, 18.6683 ], [ 98.1071, 18.6467 ], [ 98.1188, 18.6331 ], [ 98.146, 18.6372 ], [ 98.1843, 18.6218 ], [ 98.1851, 18.6079 ], [ 98.2118, 18.606 ], [ 98.2142, 18.589 ], [ 98.2295, 18.584 ], [ 98.2379, 18.5667 ], [ 98.2104, 18.5357 ], [ 98.1762, 18.5453 ], [ 98.1718, 18.524 ], [ 98.1236, 18.5006 ], [ 98.1072, 18.4562 ], [ 98.0843, 18.4446 ], [ 98.0752, 18.4268 ], [ 98.0834, 18.4155 ], [ 98.0955, 18.4189 ], [ 98.1266, 18.4046 ], [ 98.125, 18.3941 ], [ 98.1475, 18.3608 ], [ 98.171, 18.3467 ], [ 98.1742, 18.298 ], [ 98.2035, 18.2892 ], [ 98.1938, 18.2826 ], [ 98.1464, 18.2817 ], [ 98.137, 18.2645 ], [ 98.1489, 18.2253 ], [ 98.1735, 18.2158 ], [ 98.168, 18.2017 ], [ 98.1774, 18.1882 ], [ 98.1579, 18.1608 ], [ 98.1691, 18.139 ], [ 98.1678, 18.1168 ], [ 98.1918, 18.1124 ], [ 98.2067, 18.0872 ], [ 98.2208, 18.087 ], [ 98.2319, 18.0966 ], [ 98.2308, 18.0878 ], [ 98.2429, 18.0858 ], [ 98.2486, 18.0745 ], [ 98.2682, 18.0843 ], [ 98.2875, 18.0822 ], [ 98.2902, 18.0733 ], [ 98.2749, 18.0424 ], [ 98.2655, 18.0464 ], [ 98.2579, 18.0345 ], [ 98.2347, 18.025 ], [ 98.2453, 17.9873 ], [ 98.1709, 17.9718 ], [ 98.1448, 17.934 ], [ 98.0903, 17.9605 ], [ 98.0255, 17.9352 ], [ 98.0163, 17.9185 ] ] ] ] } },
{ "type": "Feature", "properties": { "jurisdiction": "MahaSarakham", "total_segments": 162, "flagged_segments": 6, "mean_sss": 56.4, "flagged_pct": 3.7 }, "geometry": { "type": "MultiPolygon", "coordinates": [ [ [ [ 103.3627, 15.5241 ], [ 103.3778, 15.5346 ], [ 103.4143, 15.5381 ], [ 103.4237, 15.5051 ], [ 103.4, 15.4302 ], [ 103.3438, 15.4047 ], [ 103.2721, 15.4218 ], [ 103.2529, 15.4465 ], [ 103.2274, 15.447 ], [ 103.2173, 15.4602 ], [ 103.1144, 15.4793 ], [ 103.0749, 15.4958 ], [ 103.0768, 15.5108 ], [ 103.093, 15.532 ], [ 103.0836, 15.5457 ], [ 103.08, 15.5416 ], [ 103.0483, 15.5622 ], [ 103.0548, 15.5907 ], [ 103.0288, 15.5985 ], [ 103.0149, 15.6132 ], [ 103.014, 15.6259 ], [ 102.9759, 15.659 ], [ 102.9773, 15.6688 ], [ 103.0072, 15.6833 ], [ 103.0126, 15.7022 ], [ 103.007, 15.7268 ], [ 102.9996, 15.738 ], [ 102.9894, 15.7315 ], [ 102.9734, 15.7557 ], [ 102.943, 15.7654 ], [ 102.932, 15.7925 ], [ 102.9343, 15.8115 ], [ 102.9216, 15.822 ], [ 102.9335, 15.8522 ], [ 102.9298, 15.8773 ], [ 102.9086, 15.8957 ], [ 102.8924, 15.9313 ], [ 102.8969, 15.9562 ], [ 102.908, 15.9697 ], [ 102.9011, 15.9997 ], [ 102.8855, 16.0117 ], [ 102.8964, 16.0235 ], [ 102.861, 16.0392 ], [ 102.8619, 16.0586 ], [ 102.8509, 16.0694 ], [ 102.87, 16.1183 ], [ 102.8473, 16.1427 ], [ 102.8601, 16.16 ], [ 102.8456, 16.2097 ], [ 102.8521, 16.2198 ], [ 102.8496, 16.2726 ], [ 102.8965, 16.3127 ], [ 102.8983, 16.3476 ], [ 102.9112, 16.3478 ], [ 102.9074, 16.3563 ], [ 102.9191, 16.3675 ], [ 102.9296, 16.3651 ], [ 102.9226, 16.3758 ], [ 102.9397, 16.3755 ], [ 102.9381, 16.3873 ], [ 102.9523, 16.3883 ], [ 102.9591, 16.3991 ], [ 102.9487, 16.4071 ], [ 102.9586, 16.4115 ], [ 102.9601, 16.4234 ], [ 102.9771, 16.4224 ], [ 102.9646, 16.4282 ], [ 102.9557, 16.4506 ], [ 103.021, 16.4727 ], [ 103.0351, 16.5 ], [ 103.0445, 16.4898 ], [ 103.0836, 16.51 ], [ 103.1066, 16.5525 ], [ 103.121, 16.5647 ], [ 103.123, 16.5905 ], [ 103.1554, 16.609 ], [ 103.1547, 16.6421 ], [ 103.192, 16.6403 ], [ 103.1977, 16.6278 ], [ 103.1701, 16.605 ], [ 103.1891, 16.5506 ], [ 103.1605, 16.4909 ], [ 103.1681, 16.4653 ], [ 103.1857, 16.4466 ], [ 103.1868, 16.4336 ], [ 103.1654, 16.3896 ], [ 103.1776, 16.3617 ], [ 103.2666, 16.3764 ], [ 103.2932, 16.3936 ], [ 103.3031, 16.3677 ], [ 103.3471, 16.3572 ], [ 103.3542, 16.3062 ], [ 103.3964, 16.2961 ], [ 103.4137, 16.2822 ], [ 103.407, 16.2546 ], [ 103.4169, 16.2375 ], [ 103.435, 16.2308 ], [ 103.4405, 16.2167 ], [ 103.4497, 16.2251 ], [ 103.4509, 16.2106 ], [ 103.4427, 16.2038 ], [ 103.453, 16.2026 ], [ 103.4469, 16.1956 ], [ 103.4583, 16.1896 ], [ 103.4507, 16.1895 ], [ 103.4544, 16.1803 ], [ 103.474, 16.1894 ], [ 103.4814, 16.2062 ], [ 103.496, 16.2003 ], [ 103.5064, 16.206 ], [ 103.5043, 16.193 ], [ 103.4877, 16.1827 ], [ 103.4922, 16.1699 ], [ 103.4826, 16.1436 ], [ 103.4572, 16.1149 ], [ 103.4551, 16.0797 ], [ 103.4726, 16.0444 ], [ 103.4624, 16.0198 ], [ 103.4654, 15.9699 ], [ 103.4813, 15.95 ], [ 103.4827, 15.9255 ], [ 103.46, 15.9069 ], [ 103.4472, 15.8675 ], [ 103.4373, 15.8064 ], [ 103.4427, 15.7978 ], [ 103.4291, 15.7734 ], [ 103.4221, 15.7191 ], [ 103.3929, 15.7074 ], [ 103.353, 15.7243 ], [ 103.341, 15.7094 ], [ 103.3073, 15.7016 ], [ 103.2738, 15.6625 ], [ 103.307, 15.6591 ], [ 103.2767, 15.5989 ], [ 103.2967, 15.5909 ], [ 103.305, 15.5605 ], [ 103.3514, 15.5427 ], [ 103.3627, 15.5241 ] ] ] ] } },
{ "type": "Feature", "properties": { "jurisdiction": "Mukdahan", "total_segments": 58, "flagged_segments": 2, "mean_sss": 40.1, "flagged_pct": 3.4 }, "geometry": { "type": "MultiPolygon", "coordinates": [ [ [ [ 104.962, 16.2826 ], [ 104.9442, 16.2576 ], [ 104.9162, 16.2537 ], [ 104.8887, 16.2337 ], [ 104.882, 16.2087 ], [ 104.857, 16.199 ], [ 104.8311, 16.2019 ], [ 104.8162, 16.1832 ], [ 104.7926, 16.1973 ], [ 104.7701, 16.1937 ], [ 104.7058, 16.2057 ], [ 104.6932, 16.224 ], [ 104.674, 16.2291 ], [ 104.6688, 16.2418 ], [ 104.6607, 16.2235 ], [ 104.6458, 16.2133 ], [ 104.6304, 16.2089 ], [ 104.616, 16.2145 ], [ 104.6043, 16.2243 ], [ 104.6019, 16.2381 ], [ 104.5878, 16.2365 ], [ 104.5796, 16.2449 ], [ 104.5534, 16.3097 ], [ 104.5131, 16.315 ], [ 104.5036, 16.3403 ], [ 104.3977, 16.3476 ], [ 104.3716, 16.3404 ], [ 104.3533, 16.3232 ], [ 104.3254, 16.3287 ], [ 104.3328, 16.3386 ], [ 104.3186, 16.3891 ], [ 104.3216, 16.4179 ], [ 104.313, 16.4505 ], [ 104.2937, 16.4709 ], [ 104.286, 16.4471 ], [ 104.2402, 16.4274 ], [ 104.2413, 16.4535 ], [ 104.2296, 16.4715 ], [ 104.2412, 16.4916 ], [ 104.2424, 16.5161 ], [ 104.2243, 16.527 ], [ 104.2279, 16.5493 ], [ 104.2104, 16.5623 ], [ 104.2086, 16.5814 ], [ 104.1954, 16.5939 ], [ 104.1811, 16.5956 ], [ 104.1778, 16.6078 ], [ 104.1833, 16.6216 ], [ 104.1788, 16.6457 ], [ 104.1904, 16.6668 ], [ 104.167, 16.6748 ], [ 104.173, 16.6947 ], [ 104.1563, 16.6984 ], [ 104.1534, 16.7153 ], [ 104.1354, 16.7327 ], [ 104.1394, 16.7549 ], [ 104.1221, 16.756 ], [ 104.0961, 16.7888 ], [ 104.0951, 16.8092 ], [ 104.0851, 16.8071 ], [ 104.0732, 16.8199 ], [ 104.1114, 16.8376 ], [ 104.1268, 16.8579 ], [ 104.1274, 16.8853 ], [ 104.1645, 16.8873 ], [ 104.2076, 16.872 ], [ 104.2166, 16.8861 ], [ 104.246, 16.8909 ], [ 104.2552, 16.9048 ], [ 104.2637, 16.8815 ], [ 104.2863, 16.8551 ], [ 104.306, 16.8842 ], [ 104.3358, 16.902 ], [ 104.3565, 16.8995 ], [ 104.3546, 16.8928 ], [ 104.3639, 16.8875 ], [ 104.3776, 16.8899 ], [ 104.4017, 16.877 ], [ 104.4175, 16.8911 ], [ 104.4465, 16.8648 ], [ 104.4721, 16.8656 ], [ 104.493, 16.8496 ], [ 104.5516, 16.867 ], [ 104.6302, 16.8618 ], [ 104.6402, 16.8454 ], [ 104.6391, 16.8234 ], [ 104.6697, 16.7845 ], [ 104.7028, 16.8255 ], [ 104.7156, 16.8265 ], [ 104.724, 16.8075 ], [ 104.7402, 16.8029 ], [ 104.7481, 16.7668 ], [ 104.7617, 16.7454 ], [ 104.7671, 16.6986 ], [ 104.7457, 16.6323 ], [ 104.7395, 16.5416 ], [ 104.7726, 16.4976 ], [ 104.8518, 16.448 ], [ 104.8636, 16.424 ], [ 104.8653, 16.3986 ], [ 104.8872, 16.3689 ], [ 104.8948, 16.344 ], [ 104.934, 16.3258 ], [ 104.9605, 16.2902 ], [ 104.9807, 16.2775 ], [ 104.962, 16.2826 ] ] ] ] } },
{ "type": "Feature", "properties": { "jurisdiction": "NakhonNayok", "total_segments": 55, "flagged_segments": 0, "mean_sss": 45.2, "flagged_pct": 0.0 }, "geometry": { "type": "MultiPolygon", "coordinates": [ [ [ [ 101.0471, 13.9756 ], [ 100.9155, 13.9587 ], [ 100.9159, 14.2199 ], [ 100.9477, 14.2363 ], [ 100.9511, 14.3067 ], [ 100.9708, 14.304 ], [ 100.9778, 14.29 ], [ 100.989, 14.2864 ], [ 100.9902, 14.2968 ], [ 101.0207, 14.3022 ], [ 101.0589, 14.3431 ], [ 101.0646, 14.3763 ], [ 101.0561, 14.3902 ], [ 101.0564, 14.412 ], [ 101.0642, 14.4126 ], [ 101.0877, 14.3815 ], [ 101.116, 14.3825 ], [ 101.1468, 14.3729 ], [ 101.159, 14.3464 ], [ 101.1654, 14.3412 ], [ 101.1788, 14.346 ], [ 101.1874, 14.3648 ], [ 101.2126, 14.3719 ], [ 101.2036, 14.4006 ], [ 101.2124, 14.4122 ], [ 101.2138, 14.4343 ], [ 101.2304, 14.4322 ], [ 101.224, 14.4458 ], [ 101.235, 14.4581 ], [ 101.2275, 14.4717 ], [ 101.2438, 14.4704 ], [ 101.2457, 14.488 ], [ 101.2777, 14.5112 ], [ 101.2855, 14.4887 ], [ 101.3073, 14.4965 ], [ 101.3134, 14.4708 ], [ 101.3667, 14.4475 ], [ 101.3832, 14.4309 ], [ 101.3816, 14.4225 ], [ 101.3977, 14.4168 ], [ 101.4236, 14.3829 ], [ 101.4338, 14.3884 ], [ 101.4776, 14.3635 ], [ 101.5062, 14.3085 ], [ 101.4997, 14.2667 ], [ 101.417, 14.2515 ], [ 101.3969, 14.2719 ], [ 101.3831, 14.2711 ], [ 101.3801, 14.2369 ], [ 101.3859, 14.2268 ], [ 101.3745, 14.2041 ], [ 101.3474, 14.1965 ], [ 101.3308, 14.1749 ], [ 101.3164, 14.1721 ], [ 101.2902, 14.1476 ], [ 101.2881, 14.1317 ], [ 101.3094, 14.1114 ], [ 101.3202, 14.0687 ], [ 101.3129, 14.0645 ], [ 101.3055, 14.0719 ], [ 101.285, 14.0496 ], [ 101.2668, 14.0607 ], [ 101.215, 14.0542 ], [ 101.2043, 14.0436 ], [ 101.2012, 14.0229 ], [ 101.1949, 14.0225 ], [ 101.1977, 14.013 ], [ 101.1726, 14.0098 ], [ 101.147, 13.9956 ], [ 101.1408, 14.0 ], [ 101.1387, 13.9681 ], [ 101.0471, 13.9756 ] ] ] ] } },
{ "type": "Feature", "properties": { "jurisdiction": "NakhonPathom", "total_segments": 108, "flagged_segments": 2, "mean_sss": 47.2, "flagged_pct": 1.9 }, "geometry": { "type": "MultiPolygon", "coordinates": [ [ [ [ 100.1374, 13.6822 ], [ 100.1046, 13.6485 ], [ 100.0611, 13.6494 ], [ 100.0694, 13.6904 ], [ 100.0356, 13.6909 ], [ 100.0265, 13.7014 ], [ 100.0281, 13.7526 ], [ 100.0008, 13.7358 ], [ 99.9538, 13.7311 ], [ 99.9409, 13.7593 ], [ 99.9519, 13.7707 ], [ 99.9576, 13.7951 ], [ 99.971, 13.7997 ], [ 99.9634, 13.8291 ], [ 99.9581, 13.835 ], [ 99.9409, 13.83 ], [ 99.937, 13.8409 ], [ 99.9219, 13.845 ], [ 99.9022, 13.8404 ], [ 99.9132, 13.8715 ], [ 99.8978, 13.9019 ], [ 99.916, 13.9052 ], [ 99.9271, 13.9361 ], [ 99.8779, 13.9483 ], [ 99.8702, 13.9624 ], [ 99.8542, 13.9698 ], [ 99.8457, 13.9973 ], [ 99.8306, 13.9986 ], [ 99.8323, 14.0072 ], [ 99.8544, 14.0413 ], [ 99.8442, 14.0584 ], [ 99.8701, 14.0713 ], [ 99.9061, 14.1137 ], [ 99.9322, 14.1206 ], [ 99.9421, 14.1345 ], [ 100.1324, 14.1452 ], [ 100.1562, 14.1662 ], [ 100.2156, 14.1819 ], [ 100.2432, 14.2086 ], [ 100.2475, 14.1731 ], [ 100.2849, 14.1689 ], [ 100.2664, 14.008 ], [ 100.2766, 14.0005 ], [ 100.2711, 13.9866 ], [ 100.2989, 13.9621 ], [ 100.2652, 13.9201 ], [ 100.2762, 13.9133 ], [ 100.3291, 13.8032 ], [ 100.3337, 13.7342 ], [ 100.3213, 13.7201 ], [ 100.2871, 13.71 ], [ 100.2758, 13.6854 ], [ 100.2267, 13.6687 ], [ 100.2162, 13.6865 ], [ 100.1866, 13.6794 ], [ 100.1813, 13.6884 ], [ 100.1756, 13.6807 ], [ 100.1662, 13.6875 ], [ 100.1374, 13.6822 ] ] ] ] } },
{ "type": "Feature", "properties": { "jurisdiction": "NakhonPhanom", "total_segments": 77, "flagged_segments": 1, "mean_sss": 36.1, "flagged_pct": 1.3 }, "geometry": { "type": "MultiPolygon", "coordinates": [ [ [ [ 104.6707, 16.7847 ], [ 104.6389, 16.8237 ], [ 104.6402, 16.8454 ], [ 104.6302, 16.8618 ], [ 104.5516, 16.867 ], [ 104.493, 16.8496 ], [ 104.4721, 16.8656 ], [ 104.4465, 16.8648 ], [ 104.4175, 16.8911 ], [ 104.4017, 16.877 ], [ 104.3776, 16.8899 ], [ 104.3639, 16.8875 ], [ 104.3546, 16.8928 ], [ 104.3565, 16.8995 ], [ 104.3358, 16.902 ], [ 104.306, 16.8842 ], [ 104.2866, 16.8551 ], [ 104.263, 16.883 ], [ 104.2555, 16.9054 ], [ 104.2739, 16.9206 ], [ 104.3049, 16.9261 ], [ 104.3202, 16.9739 ], [ 104.3536, 16.9825 ], [ 104.3598, 17.004 ], [ 104.4013, 17.0229 ], [ 104.3989, 17.0338 ], [ 104.3876, 17.0345 ], [ 104.3876, 17.0429 ], [ 104.3644, 17.0624 ], [ 104.3558, 17.0573 ], [ 104.3543, 17.0647 ], [ 104.3644, 17.0707 ], [ 104.3673, 17.1017 ], [ 104.3815, 17.1047 ], [ 104.4034, 17.1341 ], [ 104.3913, 17.1455 ], [ 104.3941, 17.1777 ], [ 104.4378, 17.2385 ], [ 104.4092, 17.2759 ], [ 104.4051, 17.2976 ], [ 104.4062, 17.306 ], [ 104.4195, 17.312 ], [ 104.4257, 17.3331 ], [ 104.4094, 17.3774 ], [ 104.4178, 17.3947 ], [ 104.4168, 17.4276 ], [ 104.2897, 17.431 ], [ 104.2687, 17.4184 ], [ 104.2307, 17.4127 ], [ 104.2112, 17.4134 ], [ 104.2026, 17.4265 ], [ 104.1857, 17.421 ], [ 104.1756, 17.427 ], [ 104.1792, 17.4118 ], [ 104.1609, 17.4154 ], [ 104.156, 17.4039 ], [ 104.1474, 17.408 ], [ 104.1564, 17.3934 ], [ 104.1433, 17.3942 ], [ 104.1443, 17.3847 ], [ 104.135, 17.3791 ], [ 104.1289, 17.3976 ], [ 104.1134, 17.3899 ], [ 104.1114, 17.4016 ], [ 104.0947, 17.4011 ], [ 104.0961, 17.387 ], [ 104.1045, 17.3878 ], [ 104.0926, 17.3739 ], [ 104.0942, 17.3829 ], [ 104.0826, 17.3919 ], [ 104.0769, 17.3754 ], [ 104.0609, 17.3886 ], [ 104.019, 17.4588 ], [ 104.0119, 17.4851 ], [ 104.0231, 17.4872 ], [ 104.0355, 17.5126 ], [ 104.0421, 17.5299 ], [ 104.0376, 17.5615 ], [ 104.0528, 17.5705 ], [ 104.0567, 17.5837 ], [ 104.0497, 17.6022 ], [ 104.0344, 17.6146 ], [ 104.0385, 17.6336 ], [ 104.0311, 17.6376 ], [ 104.0699, 17.6444 ], [ 104.086, 17.6813 ], [ 104.0734, 17.6774 ], [ 104.0709, 17.6829 ], [ 104.0706, 17.6914 ], [ 104.0804, 17.6947 ], [ 104.0721, 17.6989 ], [ 104.08, 17.7036 ], [ 104.0622, 17.7237 ], [ 104.0705, 17.7232 ], [ 104.0674, 17.7453 ], [ 104.0531, 17.7361 ], [ 104.0606, 17.7547 ], [ 104.0423, 17.7679 ], [ 104.0321, 17.7674 ], [ 104.0314, 17.7563 ], [ 104.0263, 17.7577 ], [ 104.0127, 17.7912 ], [ 104.024, 17.7971 ], [ 104.0126, 17.8168 ], [ 104.0148, 17.8286 ], [ 104.0011, 17.8394 ], [ 104.0048, 17.8477 ], [ 103.9846, 17.858 ], [ 104.0007, 17.8905 ], [ 104.0185, 17.892 ], [ 104.0322, 17.9077 ], [ 104.0516, 17.9029 ], [ 104.0515, 17.8879 ], [ 104.0744, 17.8768 ], [ 104.1281, 17.9256 ], [ 104.1425, 17.953 ], [ 104.1217, 17.9727 ], [ 104.1141, 17.9989 ], [ 104.1479, 18.012 ], [ 104.1526, 18.0212 ], [ 104.1747, 18.0005 ], [ 104.1764, 18.0184 ], [ 104.1875, 18.025 ], [ 104.2124, 18.0003 ], [ 104.2781, 17.8551 ], [ 104.3607, 17.8106 ], [ 104.406, 17.7265 ], [ 104.4574, 17.658 ], [ 104.5388, 17.619 ], [ 104.6977, 17.5254 ], [ 104.802, 17.3827 ], [ 104.8062, 17.2251 ], [ 104.7827, 17.1197 ], [ 104.7688, 17.0792 ], [ 104.7371, 17.0288 ], [ 104.7312, 17.0026 ], [ 104.735, 16.9076 ], [ 104.7298, 16.9151 ], [ 104.7598, 16.8482 ], [ 104.7352, 16.8038 ], [ 104.724, 16.8075 ], [ 104.7158, 16.8263 ], [ 104.7041, 16.8261 ], [ 104.6707, 16.7847 ] ] ] ] } },
{ "type": "Feature", "properties": { "jurisdiction": "NakhonRatchasima", "total_segments": 392, "flagged_segments": 9, "mean_sss": 56.6, "flagged_pct": 2.3 }, "geometry": { "type": "MultiPolygon", "coordinates": [ [ [ [ 102.1867, 14.1947 ], [ 102.1687, 14.1709 ], [ 102.1688, 14.1411 ], [ 102.1342, 14.1369 ], [ 102.0729, 14.1634 ], [ 102.0362, 14.1955 ], [ 101.9691, 14.2263 ], [ 101.9921, 14.2395 ], [ 101.9525, 14.2522 ], [ 101.9732, 14.2588 ], [ 101.9848, 14.2824 ], [ 102.0007, 14.2881 ], [ 101.9966, 14.3122 ], [ 101.9615, 14.3179 ], [ 101.9486, 14.3008 ], [ 101.9243, 14.3296 ], [ 101.8962, 14.3289 ], [ 101.8908, 14.3177 ], [ 101.8406, 14.3511 ], [ 101.8422, 14.3646 ], [ 101.8148, 14.3468 ], [ 101.79, 14.3581 ], [ 101.7637, 14.3423 ], [ 101.7507, 14.3473 ], [ 101.752, 14.3234 ], [ 101.7427, 14.3064 ], [ 101.6495, 14.3916 ], [ 101.6487, 14.4036 ], [ 101.6318, 14.405 ], [ 101.6209, 14.4156 ], [ 101.6238, 14.4262 ], [ 101.6073, 14.4348 ], [ 101.5491, 14.4344 ], [ 101.5357, 14.4233 ], [ 101.5049, 14.4381 ], [ 101.4886, 14.4616 ], [ 101.4701, 14.4582 ], [ 101.4377, 14.4444 ], [ 101.4487, 14.4199 ], [ 101.4243, 14.3825 ], [ 101.3977, 14.4168 ], [ 101.3816, 14.4225 ], [ 101.3832, 14.4309 ], [ 101.3667, 14.4475 ], [ 101.3134, 14.4708 ], [ 101.3065, 14.4971 ], [ 101.2863, 14.4882 ], [ 101.2857, 14.5006 ], [ 101.274, 14.5111 ], [ 101.2426, 14.4783 ], [ 101.2126, 14.5171 ], [ 101.1857, 14.5333 ], [ 101.183, 14.546 ], [ 101.1961, 14.553 ], [ 101.2167, 14.5878 ], [ 101.206, 14.6075 ], [ 101.2055, 14.6825 ], [ 101.1873, 14.7211 ], [ 101.1952, 14.7296 ], [ 101.1905, 14.747 ], [ 101.1994, 14.7483 ], [ 101.2036, 14.7598 ], [ 101.2154, 14.7586 ], [ 101.2332, 14.7316 ], [ 101.2825, 14.7246 ], [ 101.2843, 14.7436 ], [ 101.3008, 14.7358 ], [ 101.3094, 14.7572 ], [ 101.3362, 14.7638 ], [ 101.3386, 14.7848 ], [ 101.3949, 14.8153 ], [ 101.4172, 14.8432 ], [ 101.4548, 14.8605 ], [ 101.4508, 14.911 ], [ 101.4222, 14.9951 ], [ 101.426, 15.0113 ], [ 101.4024, 15.0674 ], [ 101.3913, 15.129 ], [ 101.3955, 15.1501 ], [ 101.3757, 15.189 ], [ 101.3676, 15.1907 ], [ 101.3687, 15.2289 ], [ 101.3579, 15.2501 ], [ 101.3898, 15.2405 ], [ 101.3818, 15.2909 ], [ 101.3867, 15.3293 ], [ 101.3912, 15.3198 ], [ 101.4133, 15.3153 ], [ 101.4108, 15.3217 ], [ 101.4245, 15.3372 ], [ 101.4226, 15.3501 ], [ 101.4395, 15.3704 ], [ 101.4742, 15.3676 ], [ 101.4952, 15.356 ], [ 101.5227, 15.3737 ], [ 101.5684, 15.3703 ], [ 101.5991, 15.3778 ], [ 101.6219, 15.3612 ], [ 101.642, 15.3933 ], [ 101.6593, 15.3999 ], [ 101.6864, 15.3899 ], [ 101.7049, 15.3932 ], [ 101.7302, 15.3808 ], [ 101.7715, 15.3799 ], [ 101.7875, 15.3905 ], [ 101.8087, 15.4265 ], [ 101.8809, 15.3858 ], [ 101.8991, 15.3993 ], [ 101.9327, 15.4511 ], [ 101.9979, 15.4628 ], [ 102.0117, 15.4543 ], [ 102.0353, 15.4723 ], [ 102.0343, 15.4977 ], [ 102.045, 15.5264 ], [ 102.0406, 15.5449 ], [ 102.0635, 15.579 ], [ 102.0759, 15.6218 ], [ 102.086, 15.6199 ], [ 102.0904, 15.6324 ], [ 102.0932, 15.6254 ], [ 102.1004, 15.6338 ], [ 102.1069, 15.631 ], [ 102.1039, 15.6373 ], [ 102.1223, 15.6442 ], [ 102.1243, 15.6533 ], [ 102.1287, 15.6499 ], [ 102.1289, 15.6697 ], [ 102.1454, 15.6776 ], [ 102.1443, 15.7058 ], [ 102.1506, 15.7059 ], [ 102.1544, 15.7252 ], [ 102.1632, 15.7256 ], [ 102.1568, 15.7407 ], [ 102.1645, 15.7363 ], [ 102.166, 15.7439 ], [ 102.1867, 15.7466 ], [ 102.1886, 15.7378 ], [ 102.202, 15.7383 ], [ 102.2052, 15.7557 ], [ 102.2319, 15.7427 ], [ 102.2512, 15.7494 ], [ 102.2472, 15.756 ], [ 102.2599, 15.7707 ], [ 102.2582, 15.7797 ], [ 102.2943, 15.7839 ], [ 102.319, 15.8062 ], [ 102.3644, 15.7665 ], [ 102.3622, 15.7297 ], [ 102.3802, 15.7307 ], [ 102.4186, 15.6945 ], [ 102.4538, 15.7156 ], [ 102.5142, 15.7257 ], [ 102.5363, 15.7095 ], [ 102.5635, 15.7051 ], [ 102.5994, 15.7115 ], [ 102.6123, 15.7274 ], [ 102.6484, 15.7138 ], [ 102.6694, 15.7145 ], [ 102.6843, 15.7275 ], [ 102.6985, 15.7234 ], [ 102.6918, 15.7017 ], [ 102.7103, 15.685 ], [ 102.7183, 15.6645 ], [ 102.7487, 15.6688 ], [ 102.7504, 15.6604 ], [ 102.7815, 15.644 ], [ 102.7813, 15.6273 ], [ 102.7729, 15.621 ], [ 102.7867, 15.583 ], [ 102.7831, 15.5618 ], [ 102.7948, 15.5538 ], [ 102.7989, 15.5297 ], [ 102.8134, 15.5229 ], [ 102.817, 15.5114 ], [ 102.8279, 15.5118 ], [ 102.8317, 15.5038 ], [ 102.838, 15.5146 ], [ 102.8661, 15.5064 ], [ 102.8857, 15.5218 ], [ 102.8907, 15.512 ], [ 102.8985, 15.5193 ], [ 102.9147, 15.5064 ], [ 102.9286, 15.509 ], [ 102.9332, 15.5016 ], [ 102.9241, 15.4977 ], [ 102.9313, 15.4874 ], [ 102.9412, 15.4951 ], [ 102.9465, 15.488 ], [ 102.9391, 15.4744 ], [ 102.9671, 15.4839 ], [ 102.9699, 15.4763 ], [ 102.9798, 15.4805 ], [ 103.0142, 15.4275 ], [ 103.0022, 15.4253 ], [ 102.9945, 15.4128 ], [ 102.9848, 15.4253 ], [ 102.9802, 15.4151 ], [ 102.9784, 15.4278 ], [ 102.9672, 15.4174 ], [ 102.9684, 15.4052 ], [ 102.9605, 15.4016 ], [ 102.9595, 15.4087 ], [ 102.9536, 15.4009 ], [ 102.9581, 15.3794 ], [ 102.9892, 15.3691 ], [ 102.9872, 15.3533 ], [ 102.9939, 15.3459 ], [ 102.9921, 15.3339 ], [ 102.9695, 15.3314 ], [ 102.9544, 15.3135 ], [ 102.9697, 15.2912 ], [ 102.9565, 15.2692 ], [ 102.9631, 15.2603 ], [ 102.9572, 15.2498 ], [ 102.9626, 15.2175 ], [ 102.9766, 15.2053 ], [ 102.969, 15.1912 ], [ 102.9363, 15.1811 ], [ 102.8969, 15.1871 ], [ 102.877, 15.1719 ], [ 102.85, 15.1681 ], [ 102.8328, 15.1454 ], [ 102.819, 15.141 ], [ 102.7813, 15.0877 ], [ 102.7639, 15.0768 ], [ 102.7768, 15.0693 ], [ 102.7839, 15.039 ], [ 102.7555, 15.0275 ], [ 102.7519, 14.9913 ], [ 102.7345, 14.9938 ], [ 102.716, 14.9828 ], [ 102.7115, 14.9541 ], [ 102.6985, 14.9327 ], [ 102.6025, 14.9348 ], [ 102.5747, 14.956 ], [ 102.5599, 14.9547 ], [ 102.5487, 14.9445 ], [ 102.5656, 14.9361 ], [ 102.5692, 14.926 ], [ 102.5429, 14.8981 ], [ 102.5539, 14.8595 ], [ 102.5352, 14.813 ], [ 102.5021, 14.801 ], [ 102.4778, 14.8125 ], [ 102.4613, 14.8335 ], [ 102.442, 14.7987 ], [ 102.4461, 14.7783 ], [ 102.4713, 14.7608 ], [ 102.4819, 14.7355 ], [ 102.491, 14.7329 ], [ 102.4684, 14.7224 ], [ 102.4606, 14.7057 ], [ 102.478, 14.6493 ], [ 102.472, 14.6157 ], [ 102.4971, 14.564 ], [ 102.4834, 14.5118 ], [ 102.4965, 14.5041 ], [ 102.6111, 14.4927 ], [ 102.6005, 14.4458 ], [ 102.5841, 14.4435 ], [ 102.5708, 14.4257 ], [ 102.5641, 14.3743 ], [ 102.57, 14.361 ], [ 102.5842, 14.3567 ], [ 102.5886, 14.334 ], [ 102.6044, 14.3214 ], [ 102.642, 14.3246 ], [ 102.6883, 14.2971 ], [ 102.6248, 14.263 ], [ 102.5776, 14.2238 ], [ 102.5509, 14.2155 ], [ 102.5409, 14.2007 ], [ 102.5136, 14.1994 ], [ 102.5004, 14.1859 ], [ 102.4777, 14.1985 ], [ 102.4698, 14.1901 ], [ 102.4545, 14.1922 ], [ 102.4335, 14.1509 ], [ 102.4242, 14.1565 ], [ 102.3867, 14.1439 ], [ 102.361, 14.1635 ], [ 102.3592, 14.1305 ], [ 102.3345, 14.1194 ], [ 102.3267, 14.1268 ], [ 102.3093, 14.1198 ], [ 102.2907, 14.1341 ], [ 102.2743, 14.1278 ], [ 102.2692, 14.1457 ], [ 102.2488, 14.1394 ], [ 102.2192, 14.1433 ], [ 102.2135, 14.1708 ], [ 102.1867, 14.1947 ] ] ] ] } },
{ "type": "Feature", "properties": { "jurisdiction": "NakhonSawan", "total_segments": 161, "flagged_segments": 9, "mean_sss": 59.4, "flagged_pct": 5.6 }, "geometry": { "type": "MultiPolygon", "coordinates": [ [ [ [ 100.3547, 15.1178 ], [ 100.3475, 15.146 ], [ 100.2984, 15.1811 ], [ 100.284, 15.2308 ], [ 100.2704, 15.2481 ], [ 100.2634, 15.2876 ], [ 100.202, 15.3639 ], [ 100.1701, 15.3736 ], [ 100.1504, 15.389 ], [ 100.1421, 15.3848 ], [ 100.1408, 15.3995 ], [ 100.127, 15.4099 ], [ 100.0786, 15.4253 ], [ 100.0562, 15.424 ], [ 100.0684, 15.4557 ], [ 100.0335, 15.4724 ], [ 100.0254, 15.5066 ], [ 100.0087, 15.5033 ], [ 100.0117, 15.4907 ], [ 99.9995, 15.4819 ], [ 99.9591, 15.5055 ], [ 99.9475, 15.4991 ], [ 99.936, 15.6725 ], [ 99.8672, 15.6546 ], [ 99.8632, 15.6172 ], [ 99.7965, 15.6424 ], [ 99.7362, 15.6875 ], [ 99.7067, 15.686 ], [ 99.6613, 15.6691 ], [ 99.6293, 15.6395 ], [ 99.5963, 15.6281 ], [ 99.5646, 15.5909 ], [ 99.5144, 15.5616 ], [ 99.4956, 15.5686 ], [ 99.4726, 15.5628 ], [ 99.4655, 15.5865 ], [ 99.4543, 15.5811 ], [ 99.4219, 15.613 ], [ 99.3793, 15.6237 ], [ 99.3676, 15.6517 ], [ 99.3717, 15.6623 ], [ 99.3554, 15.6793 ], [ 99.3315, 15.6903 ], [ 99.2967, 15.6922 ], [ 99.2773, 15.7153 ], [ 99.2489, 15.7205 ], [ 99.2374, 15.7454 ], [ 99.2171, 15.7648 ], [ 99.2041, 15.7653 ], [ 99.1878, 15.7819 ], [ 99.1683, 15.7762 ], [ 99.1615, 15.7904 ], [ 99.1366, 15.7925 ], [ 99.124, 15.8132 ], [ 99.1047, 15.8193 ], [ 99.097, 15.8306 ], [ 99.0973, 15.8698 ], [ 99.0863, 15.8835 ], [ 99.0962, 15.8817 ], [ 99.1291, 15.911 ], [ 99.1482, 15.9076 ], [ 99.1744, 15.9278 ], [ 99.1732, 15.9364 ], [ 99.1876, 15.9281 ], [ 99.1952, 15.9444 ], [ 99.2044, 15.9357 ], [ 99.2088, 15.948 ], [ 99.2679, 15.9068 ], [ 99.2721, 15.9111 ], [ 99.2903, 15.8914 ], [ 99.2903, 15.9044 ], [ 99.3115, 15.9052 ], [ 99.32, 15.927 ], [ 99.3297, 15.9118 ], [ 99.3575, 15.9262 ], [ 99.3736, 15.916 ], [ 99.4098, 15.9106 ], [ 99.4281, 15.9185 ], [ 99.4323, 15.908 ], [ 99.468, 15.8996 ], [ 99.4775, 15.8998 ], [ 99.48, 15.9212 ], [ 99.5022, 15.9275 ], [ 99.5238, 15.9244 ], [ 99.5274, 15.9176 ], [ 99.5399, 15.9243 ], [ 99.557, 15.9058 ], [ 99.607, 15.8975 ], [ 99.615, 15.887 ], [ 99.6348, 15.8825 ], [ 99.6591, 15.8566 ], [ 99.7098, 15.8783 ], [ 99.7431, 15.8571 ], [ 99.7514, 15.8808 ], [ 99.7723, 15.8994 ], [ 99.7701, 15.9195 ], [ 99.7873, 15.9272 ], [ 99.8052, 15.9197 ], [ 99.8081, 15.9402 ], [ 99.8256, 15.949 ], [ 99.8465, 15.9787 ], [ 99.8457, 16.0157 ], [ 99.8886, 16.0483 ], [ 99.934, 16.0515 ], [ 100.0176, 16.151 ], [ 100.0389, 16.1567 ], [ 100.0237, 16.1817 ], [ 100.0348, 16.1947 ], [ 100.0469, 16.1902 ], [ 100.0536, 16.1766 ], [ 100.0809, 16.1713 ], [ 100.0941, 16.1557 ], [ 100.0792, 16.125 ], [ 100.1151, 16.0792 ], [ 100.1176, 16.0466 ], [ 100.132, 16.035 ], [ 100.1326, 16.0183 ], [ 100.1497, 15.9881 ], [ 100.1627, 15.9792 ], [ 100.1621, 15.9597 ], [ 100.177, 15.947 ], [ 100.1803, 15.9232 ], [ 100.1878, 15.9333 ], [ 100.204, 15.9333 ], [ 100.2279, 15.9194 ], [ 100.2427, 15.9594 ], [ 100.261, 15.958 ], [ 100.2688, 15.9386 ], [ 100.3253, 15.9681 ], [ 100.3247, 15.9857 ], [ 100.3475, 15.9729 ], [ 100.3319, 15.9386 ], [ 100.3505, 15.9335 ], [ 100.3758, 15.9393 ], [ 100.4206, 15.9263 ], [ 100.4719, 15.9247 ], [ 100.5322, 15.94 ], [ 100.5371, 15.9352 ], [ 100.5218, 15.9167 ], [ 100.5253, 15.911 ], [ 100.5838, 15.9601 ], [ 100.6321, 15.9791 ], [ 100.6614, 15.9891 ], [ 100.7094, 15.9952 ], [ 100.7313, 15.9874 ], [ 100.7769, 15.9989 ], [ 100.7856, 15.9819 ], [ 100.7675, 15.9373 ], [ 100.7653, 15.91 ], [ 100.7752, 15.8969 ], [ 100.8123, 15.8791 ], [ 100.8106, 15.8441 ], [ 100.7985, 15.8242 ], [ 100.8204, 15.7521 ], [ 100.8204, 15.7116 ], [ 100.8472, 15.7059 ], [ 100.8501, 15.6943 ], [ 100.8285, 15.6745 ], [ 100.8201, 15.628 ], [ 100.8269, 15.612 ], [ 100.8101, 15.5944 ], [ 100.819, 15.5841 ], [ 100.814, 15.5679 ], [ 100.7928, 15.5365 ], [ 100.7703, 15.5322 ], [ 100.7568, 15.5138 ], [ 100.7467, 15.5123 ], [ 100.7714, 15.4955 ], [ 100.7732, 15.4645 ], [ 100.6657, 15.429 ], [ 100.6445, 15.4153 ], [ 100.6473, 15.4026 ], [ 100.6304, 15.3427 ], [ 100.6355, 15.3213 ], [ 100.6234, 15.3176 ], [ 100.6129, 15.2934 ], [ 100.5803, 15.274 ], [ 100.5786, 15.2675 ], [ 100.5909, 15.2663 ], [ 100.5951, 15.2579 ], [ 100.5926, 15.2281 ], [ 100.5687, 15.2213 ], [ 100.54, 15.1968 ], [ 100.5317, 15.1785 ], [ 100.5061, 15.1556 ], [ 100.5079, 15.1296 ], [ 100.4746, 15.108 ], [ 100.4652, 15.1128 ], [ 100.4233, 15.0559 ], [ 100.3822, 15.0924 ], [ 100.344, 15.1097 ], [ 100.3547, 15.1178 ] ] ] ] } },
{ "type": "Feature", "properties": { "jurisdiction": "NakhonSiThammarat", "total_segments": 250, "flagged_segments": 4, "mean_sss": 52.8, "flagged_pct": 1.6 }, "geometry": { "type": "MultiPolygon", "coordinates": [ [ [ [ 100.3159, 7.937 ], [ 100.3076, 7.9139 ], [ 100.247, 7.9165 ], [ 100.2312, 7.8966 ], [ 100.0968, 7.862 ], [ 100.0547, 7.8362 ], [ 99.9876, 7.86 ], [ 99.9587, 7.8888 ], [ 99.9209, 7.8821 ], [ 99.8969, 7.8937 ], [ 99.8633, 7.8852 ], [ 99.8063, 7.8903 ], [ 99.7829, 7.8569 ], [ 99.7396, 7.8553 ], [ 99.7429, 7.8729 ], [ 99.7332, 7.8845 ], [ 99.7439, 7.9068 ], [ 99.7359, 7.9139 ], [ 99.7425, 7.9289 ], [ 99.7335, 7.9437 ], [ 99.7571, 7.9584 ], [ 99.7525, 7.9794 ], [ 99.7297, 7.9976 ], [ 99.7038, 7.9903 ], [ 99.6568, 8.0134 ], [ 99.6312, 8.0099 ], [ 99.6155, 7.988 ], [ 99.6029, 7.9854 ], [ 99.6061, 7.9786 ], [ 99.5919, 7.9631 ], [ 99.5963, 7.9574 ], [ 99.5702, 7.946 ], [ 99.5585, 7.9199 ], [ 99.5464, 7.9172 ], [ 99.5345, 7.897 ], [ 99.5391, 7.882 ], [ 99.515, 7.8752 ], [ 99.4896, 7.8867 ], [ 99.4813, 7.8805 ], [ 99.4722, 7.9045 ], [ 99.4364, 7.8743 ], [ 99.426, 7.8756 ], [ 99.4194, 7.8856 ], [ 99.4202, 7.9545 ], [ 99.398, 7.9554 ], [ 99.3932, 7.9626 ], [ 99.3985, 7.9843 ], [ 99.4163, 8.0006 ], [ 99.3962, 8.0412 ], [ 99.3864, 8.1057 ], [ 99.3465, 8.1353 ], [ 99.2968, 8.132 ], [ 99.2993, 8.1409 ], [ 99.2889, 8.151 ], [ 99.2901, 8.1649 ], [ 99.3071, 8.1742 ], [ 99.3062, 8.1895 ], [ 99.3201, 8.2012 ], [ 99.3124, 8.2338 ], [ 99.3356, 8.2692 ], [ 99.3275, 8.2938 ], [ 99.2989, 8.3066 ], [ 99.2991, 8.3153 ], [ 99.2831, 8.3166 ], [ 99.275, 8.3518 ], [ 99.2615, 8.3509 ], [ 99.2405, 8.3669 ], [ 99.2345, 8.3978 ], [ 99.2493, 8.4109 ], [ 99.2621, 8.437 ], [ 99.2597, 8.4484 ], [ 99.2957, 8.4735 ], [ 99.2893, 8.4857 ], [ 99.3027, 8.479 ], [ 99.3123, 8.4918 ], [ 99.3305, 8.4972 ], [ 99.3385, 8.5199 ], [ 99.3612, 8.5001 ], [ 99.3777, 8.515 ], [ 99.3932, 8.5135 ], [ 99.3947, 8.5267 ], [ 99.4105, 8.5301 ], [ 99.4158, 8.5451 ], [ 99.4062, 8.5454 ], [ 99.4077, 8.5576 ], [ 99.4406, 8.5992 ], [ 99.4554, 8.6019 ], [ 99.4481, 8.632 ], [ 99.4627, 8.6494 ], [ 99.4794, 8.647 ], [ 99.4782, 8.6573 ], [ 99.4948, 8.672 ], [ 99.4921, 8.6958 ], [ 99.5225, 8.7196 ], [ 99.5302, 8.76 ], [ 99.5227, 8.7641 ], [ 99.5266, 8.8105 ], [ 99.5176, 8.8354 ], [ 99.5309, 8.8495 ], [ 99.5596, 8.8507 ], [ 99.5572, 8.876 ], [ 99.574, 8.892 ], [ 99.5762, 8.9109 ], [ 99.6055, 8.9272 ], [ 99.6156, 8.9271 ], [ 99.6285, 8.9114 ], [ 99.6477, 8.9297 ], [ 99.6522, 8.922 ], [ 99.6968, 8.935 ], [ 99.6891, 8.9593 ], [ 99.6946, 8.9739 ], [ 99.7135, 8.9703 ], [ 99.7256, 8.9799 ], [ 99.7333, 9.0128 ], [ 99.7446, 9.0256 ], [ 99.7406, 9.0568 ], [ 99.7464, 9.0624 ], [ 99.7406, 9.1158 ], [ 99.7456, 9.1413 ], [ 99.7255, 9.1568 ], [ 99.7399, 9.1736 ], [ 99.7391, 9.2001 ], [ 99.7542, 9.2207 ], [ 99.7487, 9.293 ], [ 99.7623, 9.3023 ], [ 99.7699, 9.3227 ], [ 99.7805, 9.3099 ], [ 99.7844, 9.3175 ], [ 99.7881, 9.3102 ], [ 99.7962, 9.3174 ], [ 99.797, 9.309 ], [ 99.8011, 9.3192 ], [ 99.8058, 9.3143 ], [ 99.7995, 9.3053 ], [ 99.8081, 9.2997 ], [ 99.825, 9.2989 ], [ 99.8292, 9.3103 ], [ 99.8352, 9.306 ], [ 99.8467, 9.2831 ], [ 99.8479, 9.2548 ], [ 99.8637, 9.2484 ], [ 99.8652, 9.2369 ], [ 99.8614, 9.2339 ], [ 99.8589, 9.2301 ], [ 99.8589, 9.2215 ], [ 99.8702, 9.2378 ], [ 99.8814, 9.21 ], [ 99.8753, 9.1989 ], [ 99.875, 9.1411 ], [ 99.9094, 9.0982 ], [ 99.9147, 9.015 ], [ 99.9289, 9.0067 ], [ 99.915, 8.9898 ], [ 99.9163, 8.8684 ], [ 99.9331, 8.8008 ], [ 99.9475, 8.6753 ], [ 99.9555, 8.6633 ], [ 99.9486, 8.6642 ], [ 99.9556, 8.6613 ], [ 99.9497, 8.6569 ], [ 99.9522, 8.6328 ], [ 99.9733, 8.5944 ], [ 99.9639, 8.5927 ], [ 99.982, 8.5838 ], [ 99.9806, 8.5908 ], [ 99.9894, 8.5936 ], [ 100.0081, 8.5814 ], [ 100.0118, 8.5736 ], [ 100.0014, 8.5733 ], [ 100.0041, 8.5656 ], [ 100.0146, 8.5646 ], [ 100.0441, 8.5233 ], [ 100.0892, 8.4095 ], [ 100.0927, 8.4163 ], [ 100.1378, 8.3889 ], [ 100.1728, 8.3878 ], [ 100.1544, 8.4125 ], [ 100.1483, 8.4386 ], [ 100.165, 8.4786 ], [ 100.1598, 8.5001 ], [ 100.115, 8.5197 ], [ 100.1378, 8.5197 ], [ 100.1689, 8.5039 ], [ 100.1936, 8.4786 ], [ 100.2189, 8.4331 ], [ 100.2606, 8.3156 ], [ 100.2939, 8.1814 ], [ 100.3367, 7.9319 ], [ 100.3203, 7.9295 ], [ 100.3159, 7.937 ] ] ], [ [ [ 100.7423, 8.3753 ], [ 100.7425, 8.3766 ], [ 100.7454, 8.3744 ], [ 100.7423, 8.3753 ] ] ], [ [ [ 100.7368, 8.3947 ], [ 100.7306, 8.3964 ], [ 100.7303, 8.3997 ], [ 100.7342, 8.4019 ], [ 100.7368, 8.3947 ] ] ] ] } },
{ "type": "Feature", "properties": { "jurisdiction": "Nan", "total_segments": 125, "flagged_segments": 0, "mean_sss": 48.7, "flagged_pct": 0.0 }, "geometry": { "type": "MultiPolygon", "coordinates": [ [ [ [ 100.606, 18.0459 ], [ 100.5505, 18.0316 ], [ 100.5438, 18.0148 ], [ 100.5276, 18.0215 ], [ 100.4456, 18.0238 ], [ 100.4245, 18.0115 ], [ 100.4158, 18.0194 ], [ 100.4049, 18.0632 ], [ 100.4114, 18.0738 ], [ 100.3974, 18.0845 ], [ 100.3987, 18.1333 ], [ 100.4183, 18.1534 ], [ 100.448, 18.157 ], [ 100.4613, 18.1923 ], [ 100.4557, 18.2128 ], [ 100.4775, 18.2626 ], [ 100.4958, 18.278 ], [ 100.4848, 18.2903 ], [ 100.4818, 18.3166 ], [ 100.4948, 18.3369 ], [ 100.4829, 18.3484 ], [ 100.5071, 18.3602 ], [ 100.5185, 18.3897 ], [ 100.5384, 18.3889 ], [ 100.5523, 18.4144 ], [ 100.5521, 18.4485 ], [ 100.5427, 18.488 ], [ 100.5081, 18.4715 ], [ 100.4839, 18.4805 ], [ 100.4773, 18.4937 ], [ 100.4492, 18.4945 ], [ 100.4456, 18.4887 ], [ 100.436, 18.4987 ], [ 100.417, 18.4806 ], [ 100.4009, 18.485 ], [ 100.3886, 18.5108 ], [ 100.3976, 18.5253 ], [ 100.3894, 18.5565 ], [ 100.3723, 18.5644 ], [ 100.3833, 18.6205 ], [ 100.3983, 18.6256 ], [ 100.3936, 18.6369 ], [ 100.3637, 18.6425 ], [ 100.3538, 18.6788 ], [ 100.3651, 18.7056 ], [ 100.3902, 18.7252 ], [ 100.3935, 18.7389 ], [ 100.36, 18.7495 ], [ 100.3633, 18.7773 ], [ 100.3396, 18.7847 ], [ 100.3381, 18.7928 ], [ 100.3469, 18.812 ], [ 100.3416, 18.824 ], [ 100.3653, 18.8462 ], [ 100.3686, 18.87 ], [ 100.39, 18.8921 ], [ 100.3929, 18.9249 ], [ 100.4092, 18.9336 ], [ 100.4077, 18.9434 ], [ 100.43, 18.953 ], [ 100.4205, 18.9799 ], [ 100.4296, 18.9835 ], [ 100.4604, 19.0516 ], [ 100.4951, 19.0506 ], [ 100.4929, 19.0363 ], [ 100.5165, 19.0225 ], [ 100.5046, 19.0048 ], [ 100.5067, 18.9878 ], [ 100.5235, 18.9983 ], [ 100.5474, 18.9947 ], [ 100.5402, 19.0445 ], [ 100.5595, 19.0417 ], [ 100.5689, 19.0275 ], [ 100.6067, 19.0185 ], [ 100.6212, 19.0315 ], [ 100.6136, 19.0434 ], [ 100.566, 19.0724 ], [ 100.5726, 19.1 ], [ 100.5789, 19.1035 ], [ 100.5867, 19.0941 ], [ 100.6032, 19.1028 ], [ 100.6298, 19.0982 ], [ 100.6489, 19.1168 ], [ 100.6198, 19.1807 ], [ 100.6185, 19.2245 ], [ 100.6023, 19.2493 ], [ 100.6133, 19.3094 ], [ 100.5658, 19.3073 ], [ 100.5624, 19.3366 ], [ 100.536, 19.3525 ], [ 100.5378, 19.3685 ], [ 100.5199, 19.3978 ], [ 100.5666, 19.434 ], [ 100.5675, 19.453 ], [ 100.5901, 19.4713 ], [ 100.5858, 19.4815 ], [ 100.6012, 19.495 ], [ 100.6049, 19.5253 ], [ 100.6191, 19.5495 ], [ 100.6536, 19.5548 ], [ 100.6622, 19.5459 ], [ 100.7096, 19.5339 ], [ 100.7597, 19.5098 ], [ 100.7583, 19.5021 ], [ 100.7738, 19.4852 ], [ 100.862, 19.5715 ], [ 100.896, 19.6318 ], [ 100.9183, 19.6198 ], [ 100.9598, 19.6231 ], [ 100.9746, 19.6173 ], [ 100.9842, 19.6253 ], [ 101.0163, 19.6179 ], [ 101.026, 19.628 ], [ 101.0372, 19.6267 ], [ 101.0643, 19.6173 ], [ 101.0693, 19.6024 ], [ 101.083, 19.6016 ], [ 101.0995, 19.5824 ], [ 101.1182, 19.5821 ], [ 101.1246, 19.5706 ], [ 101.1717, 19.584 ], [ 101.2, 19.5751 ], [ 101.2088, 19.6034 ], [ 101.246, 19.6017 ], [ 101.2484, 19.5924 ], [ 101.2834, 19.5798 ], [ 101.29, 19.5663 ], [ 101.2761, 19.5481 ], [ 101.2872, 19.5243 ], [ 101.2697, 19.5016 ], [ 101.2683, 19.4683 ], [ 101.238, 19.4756 ], [ 101.2122, 19.4704 ], [ 101.2072, 19.4565 ], [ 101.2171, 19.4297 ], [ 101.1981, 19.3973 ], [ 101.1893, 19.3985 ], [ 101.1923, 19.3764 ], [ 101.2074, 19.3479 ], [ 101.2304, 19.3448 ], [ 101.2401, 19.3285 ], [ 101.2292, 19.3035 ], [ 101.2556, 19.2376 ], [ 101.2471, 19.1787 ], [ 101.2587, 19.1226 ], [ 101.2949, 19.1023 ], [ 101.3353, 19.0659 ], [ 101.3431, 19.0674 ], [ 101.3594, 19.048 ], [ 101.3384, 19.0026 ], [ 101.3125, 19.0004 ], [ 101.3075, 18.9861 ], [ 101.2952, 18.9791 ], [ 101.2976, 18.9376 ], [ 101.2766, 18.9282 ], [ 101.2768, 18.9156 ], [ 101.2556, 18.9038 ], [ 101.2477, 18.8864 ], [ 101.2566, 18.8629 ], [ 101.2448, 18.8303 ], [ 101.2554, 18.8116 ], [ 101.2512, 18.7757 ], [ 101.2257, 18.7307 ], [ 101.2363, 18.7098 ], [ 101.2511, 18.7085 ], [ 101.273, 18.6886 ], [ 101.229, 18.6272 ], [ 101.1837, 18.6098 ], [ 101.1842, 18.5581 ], [ 101.1513, 18.5511 ], [ 101.1398, 18.5261 ], [ 101.1057, 18.5196 ], [ 101.0937, 18.4972 ], [ 101.0959, 18.482 ], [ 101.056, 18.4398 ], [ 101.0546, 18.4236 ], [ 101.0836, 18.3989 ], [ 101.0859, 18.3684 ], [ 101.077, 18.3552 ], [ 101.0598, 18.3544 ], [ 101.0381, 18.3324 ], [ 101.0076, 18.3164 ], [ 101.0009, 18.302 ], [ 100.9823, 18.3043 ], [ 100.9537, 18.2642 ], [ 100.9211, 18.2418 ], [ 100.9145, 18.2256 ], [ 100.9273, 18.2092 ], [ 100.9102, 18.1925 ], [ 100.9081, 18.175 ], [ 100.9158, 18.1579 ], [ 100.8773, 18.1402 ], [ 100.8769, 18.1168 ], [ 100.8591, 18.1018 ], [ 100.8519, 18.0809 ], [ 100.813, 18.0765 ], [ 100.8029, 18.0526 ], [ 100.769, 18.023 ], [ 100.727, 18.0306 ], [ 100.6942, 18.023 ], [ 100.67, 18.0406 ], [ 100.606, 18.0459 ] ] ] ] } },
{ "type": "Feature", "properties": { "jurisdiction": "Narathiwat", "total_segments": 80, "flagged_segments": 0, "mean_sss": 42.1, "flagged_pct": 0.0 }, "geometry": { "type": "MultiPolygon", "coordinates": [ [ [ [ 101.8645, 5.8028 ], [ 101.8663, 5.7912 ], [ 101.8525, 5.7976 ], [ 101.829, 5.7855 ], [ 101.8318, 5.7776 ], [ 101.8186, 5.7559 ], [ 101.823, 5.7382 ], [ 101.7908, 5.7552 ], [ 101.7765, 5.7839 ], [ 101.7582, 5.7988 ], [ 101.7213, 5.7806 ], [ 101.7177, 5.7875 ], [ 101.7156, 5.7677 ], [ 101.7045, 5.7594 ], [ 101.6642, 5.8153 ], [ 101.6626, 5.8722 ], [ 101.636, 5.8796 ], [ 101.6154, 5.9111 ], [ 101.5963, 5.9255 ], [ 101.5789, 5.9339 ], [ 101.5007, 5.8927 ], [ 101.4986, 5.9007 ], [ 101.4908, 5.9004 ], [ 101.4905, 5.9375 ], [ 101.4974, 5.9484 ], [ 101.4865, 5.9562 ], [ 101.4845, 5.9777 ], [ 101.4732, 5.9885 ], [ 101.4827, 6.0125 ], [ 101.4754, 6.0658 ], [ 101.4669, 6.0801 ], [ 101.4469, 6.082 ], [ 101.4378, 6.0964 ], [ 101.4353, 6.1289 ], [ 101.4267, 6.142 ], [ 101.4157, 6.1429 ], [ 101.4113, 6.1573 ], [ 101.3884, 6.1659 ], [ 101.3715, 6.2077 ], [ 101.3962, 6.2238 ], [ 101.4035, 6.2385 ], [ 101.3957, 6.2449 ], [ 101.4029, 6.2704 ], [ 101.3938, 6.3003 ], [ 101.4, 6.3177 ], [ 101.388, 6.3366 ], [ 101.3979, 6.3585 ], [ 101.4174, 6.372 ], [ 101.4197, 6.3903 ], [ 101.4121, 6.3965 ], [ 101.4243, 6.4216 ], [ 101.457, 6.4316 ], [ 101.4684, 6.4239 ], [ 101.4639, 6.4655 ], [ 101.5487, 6.4442 ], [ 101.5503, 6.4552 ], [ 101.5336, 6.4686 ], [ 101.5756, 6.4994 ], [ 101.6089, 6.5424 ], [ 101.5931, 6.5654 ], [ 101.5969, 6.581 ], [ 101.5742, 6.5994 ], [ 101.5772, 6.6171 ], [ 101.5873, 6.6255 ], [ 101.6244, 6.6338 ], [ 101.6277, 6.6243 ], [ 101.6314, 6.6353 ], [ 101.6355, 6.6208 ], [ 101.6556, 6.6245 ], [ 101.6523, 6.6143 ], [ 101.6603, 6.6057 ], [ 101.6539, 6.601 ], [ 101.6701, 6.5735 ], [ 101.7053, 6.5674 ], [ 101.7252, 6.5767 ], [ 101.8186, 6.4506 ], [ 101.8747, 6.4244 ], [ 101.9526, 6.3388 ], [ 102.0786, 6.2528 ], [ 102.0914, 6.2364 ], [ 102.0805, 6.2254 ], [ 102.0774, 6.1911 ], [ 102.0786, 6.1715 ], [ 102.093, 6.1487 ], [ 102.0891, 6.1389 ], [ 102.0615, 6.1029 ], [ 102.0537, 6.0802 ], [ 102.0317, 6.0712 ], [ 102.0189, 6.0522 ], [ 102.0048, 6.0509 ], [ 101.9839, 6.0296 ], [ 101.9768, 6.0316 ], [ 101.9722, 6.0056 ], [ 101.9479, 5.9901 ], [ 101.9395, 5.9721 ], [ 101.9442, 5.9558 ], [ 101.9293, 5.9488 ], [ 101.9307, 5.9327 ], [ 101.9212, 5.9173 ], [ 101.9329, 5.9067 ], [ 101.9435, 5.8717 ], [ 101.9171, 5.843 ], [ 101.896, 5.8454 ], [ 101.8844, 5.8376 ], [ 101.8803, 5.8115 ], [ 101.8645, 5.8028 ] ] ] ] } },
{ "type": "Feature", "properties": { "jurisdiction": "NongBuaLamPhu", "total_segments": 90, "flagged_segments": 3, "mean_sss": 46.7, "flagged_pct": 3.3 }, "geometry": { "type": "MultiPolygon", "coordinates": [ [ [ [ 102.6138, 16.7661 ], [ 102.5421, 16.7793 ], [ 102.4977, 16.8003 ], [ 102.4337, 16.7865 ], [ 102.3791, 16.8147 ], [ 102.3788, 16.8081 ], [ 102.3629, 16.8143 ], [ 102.3525, 16.8279 ], [ 102.3454, 16.8147 ], [ 102.3367, 16.8287 ], [ 102.3409, 16.835 ], [ 102.3254, 16.8441 ], [ 102.3333, 16.8462 ], [ 102.332, 16.8528 ], [ 102.3181, 16.8526 ], [ 102.3258, 16.865 ], [ 102.3043, 16.8733 ], [ 102.3044, 16.8839 ], [ 102.293, 16.882 ], [ 102.2972, 16.8896 ], [ 102.2563, 16.8925 ], [ 102.2521, 16.876 ], [ 102.2314, 16.8742 ], [ 102.2182, 16.8566 ], [ 102.19, 16.856 ], [ 102.1828, 16.8699 ], [ 102.1728, 16.8633 ], [ 102.1574, 16.8794 ], [ 102.1266, 16.8787 ], [ 102.1061, 16.8954 ], [ 102.0984, 16.8886 ], [ 102.1015, 16.8803 ], [ 102.0835, 16.8873 ], [ 102.0729, 16.883 ], [ 102.0678, 16.8952 ], [ 102.0475, 16.9064 ], [ 102.0337, 16.9518 ], [ 102.0591, 16.965 ], [ 102.0751, 16.9632 ], [ 102.0977, 16.9853 ], [ 102.0988, 17.002 ], [ 102.1326, 17.0064 ], [ 102.1557, 17.0269 ], [ 102.1058, 17.0628 ], [ 102.1064, 17.0814 ], [ 102.0926, 17.1094 ], [ 102.0228, 17.1302 ], [ 102.0229, 17.1658 ], [ 102.047, 17.1539 ], [ 102.0503, 17.1683 ], [ 102.0792, 17.1887 ], [ 102.0179, 17.1949 ], [ 101.9993, 17.2054 ], [ 102.0091, 17.215 ], [ 102.0713, 17.2053 ], [ 102.0763, 17.2101 ], [ 102.0611, 17.2322 ], [ 102.0705, 17.253 ], [ 102.0531, 17.2495 ], [ 102.0362, 17.2602 ], [ 102.0284, 17.2789 ], [ 102.0161, 17.2776 ], [ 102.0163, 17.2867 ], [ 101.9993, 17.2977 ], [ 101.992, 17.3191 ], [ 101.9995, 17.3313 ], [ 102.0222, 17.3396 ], [ 102.015, 17.3604 ], [ 102.0205, 17.3705 ], [ 101.9836, 17.4103 ], [ 101.9944, 17.4195 ], [ 101.9866, 17.435 ], [ 101.9935, 17.4575 ], [ 102.0338, 17.4581 ], [ 102.0546, 17.4486 ], [ 102.0947, 17.4644 ], [ 102.1305, 17.4907 ], [ 102.1304, 17.5068 ], [ 102.1387, 17.5074 ], [ 102.1428, 17.5203 ], [ 102.1395, 17.5548 ], [ 102.124, 17.5675 ], [ 102.1095, 17.6078 ], [ 102.0868, 17.6339 ], [ 102.1015, 17.644 ], [ 102.1259, 17.6318 ], [ 102.1519, 17.6619 ], [ 102.2646, 17.6583 ], [ 102.2811, 17.6707 ], [ 102.3199, 17.6767 ], [ 102.3351, 17.5494 ], [ 102.3703, 17.4991 ], [ 102.397, 17.4223 ], [ 102.4404, 17.3375 ], [ 102.442, 17.2792 ], [ 102.5101, 17.2857 ], [ 102.5963, 17.2641 ], [ 102.5749, 17.2282 ], [ 102.5232, 17.2074 ], [ 102.4748, 17.1988 ], [ 102.5029, 17.153 ], [ 102.5234, 17.0961 ], [ 102.5465, 17.064 ], [ 102.5757, 17.0406 ], [ 102.6704, 16.9916 ], [ 102.683, 16.9696 ], [ 102.6255, 16.8384 ], [ 102.6138, 16.7661 ] ] ] ] } },
{ "type": "Feature", "properties": { "jurisdiction": "NongKhai", "total_segments": 82, "flagged_segments": 1, "mean_sss": 43.1, "flagged_pct": 1.2 }, "geometry": { "type": "MultiPolygon", "coordinates": [ [ [ [ 102.701, 17.6173 ], [ 102.669, 17.5934 ], [ 102.6514, 17.5909 ], [ 102.6483, 17.6127 ], [ 102.6118, 17.6235 ], [ 102.5979, 17.6206 ], [ 102.6045, 17.6487 ], [ 102.5972, 17.6702 ], [ 102.6161, 17.6849 ], [ 102.5421, 17.7401 ], [ 102.531, 17.7595 ], [ 102.47, 17.751 ], [ 102.4553, 17.7588 ], [ 102.4522, 17.7692 ], [ 102.4422, 17.7656 ], [ 102.4444, 17.7815 ], [ 102.4308, 17.7918 ], [ 102.4437, 17.818 ], [ 102.4267, 17.8186 ], [ 102.4022, 17.8418 ], [ 102.4029, 17.873 ], [ 102.3918, 17.893 ], [ 102.3669, 17.9048 ], [ 102.3701, 17.9108 ], [ 102.3591, 17.9152 ], [ 102.359, 17.9237 ], [ 102.3108, 17.9465 ], [ 102.2886, 17.9885 ], [ 102.2767, 17.9784 ], [ 102.2638, 17.9821 ], [ 102.2351, 18.0018 ], [ 102.2063, 18.0065 ], [ 102.2052, 18.02 ], [ 102.1883, 18.0105 ], [ 102.1746, 18.0156 ], [ 102.1567, 17.9868 ], [ 102.1414, 18.0053 ], [ 102.1444, 18.0331 ], [ 102.1083, 18.0242 ], [ 102.1143, 18.0476 ], [ 102.1091, 18.0603 ], [ 102.0917, 18.0539 ], [ 102.058, 18.0829 ], [ 102.071, 18.1411 ], [ 102.0891, 18.1578 ], [ 102.1049, 18.1606 ], [ 102.1087, 18.2115 ], [ 102.1355, 18.2138 ], [ 102.1664, 18.2011 ], [ 102.1873, 18.1469 ], [ 102.2913, 18.0528 ], [ 102.3507, 18.0416 ], [ 102.4226, 17.9879 ], [ 102.4631, 17.9695 ], [ 102.5123, 17.969 ], [ 102.5335, 17.9612 ], [ 102.5589, 17.9669 ], [ 102.6047, 17.9551 ], [ 102.6168, 17.9098 ], [ 102.59, 17.8459 ], [ 102.5983, 17.8336 ], [ 102.6396, 17.8294 ], [ 102.6804, 17.8015 ], [ 102.6981, 17.8153 ], [ 102.679, 17.8436 ], [ 102.6879, 17.8668 ], [ 102.7587, 17.8915 ], [ 102.7884, 17.9324 ], [ 102.8223, 17.9405 ], [ 102.8614, 17.9708 ], [ 102.9633, 18.003 ], [ 102.9984, 17.9887 ], [ 103.0177, 17.9706 ], [ 103.0388, 17.9755 ], [ 103.0814, 18.0303 ], [ 103.0757, 18.0724 ], [ 103.0844, 18.1212 ], [ 103.1378, 18.1552 ], [ 103.1532, 18.1744 ], [ 103.1583, 18.1962 ], [ 103.1525, 18.2283 ], [ 103.1649, 18.2479 ], [ 103.1857, 18.2625 ], [ 103.3017, 18.3022 ], [ 103.2973, 18.2697 ], [ 103.2609, 18.2592 ], [ 103.2672, 18.2301 ], [ 103.2838, 18.2325 ], [ 103.3173, 18.2113 ], [ 103.3591, 18.1643 ], [ 103.3281, 18.1301 ], [ 103.3255, 18.1486 ], [ 103.3011, 18.1518 ], [ 103.2948, 18.1062 ], [ 103.3163, 18.1 ], [ 103.3017, 18.0818 ], [ 103.3148, 18.0552 ], [ 103.3524, 18.0445 ], [ 103.3562, 18.0246 ], [ 103.3738, 18.0307 ], [ 103.3941, 18.0225 ], [ 103.3982, 18.0076 ], [ 103.4092, 18.0025 ], [ 103.4031, 17.9809 ], [ 103.3898, 17.9787 ], [ 103.3917, 17.9559 ], [ 103.4108, 17.9484 ], [ 103.416, 17.9315 ], [ 103.3967, 17.9285 ], [ 103.4034, 17.914 ], [ 103.3971, 17.8958 ], [ 103.37, 17.8792 ], [ 103.3492, 17.8748 ], [ 103.3361, 17.8825 ], [ 103.3043, 17.8659 ], [ 103.3143, 17.8397 ], [ 103.3053, 17.8258 ], [ 103.2726, 17.8472 ], [ 103.2435, 17.8874 ], [ 103.2296, 17.885 ], [ 103.2041, 17.8656 ], [ 103.1897, 17.8659 ], [ 103.173, 17.8383 ], [ 103.1696, 17.8075 ], [ 103.1512, 17.8016 ], [ 103.1342, 17.8145 ], [ 103.1378, 17.8235 ], [ 103.1263, 17.8283 ], [ 103.1304, 17.8409 ], [ 103.119, 17.8431 ], [ 103.1166, 17.8589 ], [ 103.1032, 17.8542 ], [ 103.102, 17.8676 ], [ 103.0964, 17.8644 ], [ 103.0807, 17.8811 ], [ 103.0612, 17.8743 ], [ 103.0405, 17.8906 ], [ 103.0404, 17.875 ], [ 103.0158, 17.8732 ], [ 103.0133, 17.8606 ], [ 102.973, 17.8192 ], [ 102.9318, 17.8879 ], [ 102.901, 17.8836 ], [ 102.8874, 17.8941 ], [ 102.8735, 17.8836 ], [ 102.8782, 17.8603 ], [ 102.8689, 17.8515 ], [ 102.8717, 17.8407 ], [ 102.8477, 17.8326 ], [ 102.8544, 17.8229 ], [ 102.8389, 17.818 ], [ 102.8423, 17.8073 ], [ 102.8293, 17.8088 ], [ 102.8456, 17.8021 ], [ 102.8416, 17.79 ], [ 102.8573, 17.7726 ], [ 102.8457, 17.7407 ], [ 102.8529, 17.7255 ], [ 102.8358, 17.7124 ], [ 102.8323, 17.6909 ], [ 102.7863, 17.6798 ], [ 102.7765, 17.6453 ], [ 102.762, 17.6398 ], [ 102.7683, 17.6175 ], [ 102.7432, 17.6182 ], [ 102.7342, 17.602 ], [ 102.7164, 17.6032 ], [ 102.701, 17.6173 ] ] ] ] } },
{ "type": "Feature", "properties": { "jurisdiction": "Nonthaburi", "total_segments": 143, "flagged_segments": 8, "mean_sss": 55.7, "flagged_pct": 5.6 }, "geometry": { "type": "MultiPolygon", "coordinates": [ [ [ [ 100.456, 13.7972 ], [ 100.3307, 13.8032 ], [ 100.2762, 13.9133 ], [ 100.2652, 13.9201 ], [ 100.2989, 13.9621 ], [ 100.2711, 13.9866 ], [ 100.2766, 14.0005 ], [ 100.2664, 14.008 ], [ 100.2808, 14.1243 ], [ 100.2975, 14.1387 ], [ 100.3364, 14.1262 ], [ 100.3454, 14.1139 ], [ 100.3329, 14.0538 ], [ 100.3638, 13.9914 ], [ 100.4245, 13.9826 ], [ 100.4554, 13.966 ], [ 100.4643, 13.9707 ], [ 100.5014, 13.936 ], [ 100.5328, 13.9441 ], [ 100.5415, 13.9549 ], [ 100.5687, 13.949 ], [ 100.5451, 13.8489 ], [ 100.5103, 13.824 ], [ 100.5083, 13.8165 ], [ 100.5169, 13.8121 ], [ 100.5019, 13.7995 ], [ 100.4715, 13.7883 ], [ 100.456, 13.7972 ] ] ] ] } },
{ "type": "Feature", "properties": { "jurisdiction": "PathumThani", "total_segments": 193, "flagged_segments": 2, "mean_sss": 43.6, "flagged_pct": 1.0 }, "geometry": { "type": "MultiPolygon", "coordinates": [ [ [ [ 100.4944, 13.9399 ], [ 100.4643, 13.9707 ], [ 100.4538, 13.9664 ], [ 100.4332, 13.9801 ], [ 100.3682, 13.9896 ], [ 100.356, 13.9983 ], [ 100.3329, 14.0538 ], [ 100.3454, 14.1139 ], [ 100.4788, 14.1101 ], [ 100.5175, 14.1269 ], [ 100.5495, 14.1111 ], [ 100.6035, 14.1333 ], [ 100.6189, 14.1279 ], [ 100.6231, 14.1425 ], [ 100.8881, 14.2721 ], [ 100.8944, 14.2431 ], [ 100.9529, 14.272 ], [ 100.9474, 14.2358 ], [ 100.9157, 14.219 ], [ 100.9151, 13.9443 ], [ 100.8218, 13.9357 ], [ 100.7299, 13.9157 ], [ 100.7081, 13.9169 ], [ 100.6908, 13.9289 ], [ 100.6416, 13.9306 ], [ 100.6127, 13.9542 ], [ 100.6052, 13.9438 ], [ 100.5415, 13.9549 ], [ 100.5262, 13.9412 ], [ 100.4944, 13.9399 ] ] ] ] } },
{ "type": "Feature", "properties": { "jurisdiction": "Pattani", "total_segments": 116, "flagged_segments": 0, "mean_sss": 44.9, "flagged_pct": 0.0 }, "geometry": { "type": "MultiPolygon", "coordinates": [ [ [ [ 101.5965, 6.5817 ], [ 101.585, 6.5576 ], [ 101.5666, 6.5498 ], [ 101.5364, 6.5557 ], [ 101.5179, 6.5767 ], [ 101.5187, 6.5933 ], [ 101.4919, 6.6045 ], [ 101.4765, 6.5942 ], [ 101.4584, 6.5975 ], [ 101.4526, 6.5765 ], [ 101.4265, 6.5951 ], [ 101.3903, 6.5681 ], [ 101.3443, 6.5619 ], [ 101.3403, 6.5542 ], [ 101.3194, 6.5684 ], [ 101.3056, 6.5679 ], [ 101.2975, 6.5787 ], [ 101.2926, 6.615 ], [ 101.3034, 6.6214 ], [ 101.2881, 6.6727 ], [ 101.2973, 6.6768 ], [ 101.2901, 6.6828 ], [ 101.276, 6.6576 ], [ 101.2401, 6.6346 ], [ 101.2156, 6.596 ], [ 101.1328, 6.6094 ], [ 101.0589, 6.6704 ], [ 101.056, 6.7172 ], [ 101.0187, 6.7256 ], [ 101.0323, 6.7433 ], [ 101.0291, 6.7789 ], [ 101.0572, 6.8041 ], [ 101.0638, 6.8294 ], [ 101.0739, 6.8279 ], [ 101.044, 6.8384 ], [ 101.0436, 6.8473 ], [ 101.0744, 6.8588 ], [ 101.1576, 6.8606 ], [ 101.2087, 6.871 ], [ 101.2454, 6.899 ], [ 101.257, 6.8824 ], [ 101.2479, 6.901 ], [ 101.2572, 6.9026 ], [ 101.2842, 6.8918 ], [ 101.2884, 6.878 ], [ 101.3088, 6.8867 ], [ 101.3297, 6.8705 ], [ 101.3428, 6.8719 ], [ 101.3326, 6.8749 ], [ 101.3403, 6.885 ], [ 101.3475, 6.8822 ], [ 101.3468, 6.8986 ], [ 101.3414, 6.9117 ], [ 101.3294, 6.9117 ], [ 101.3242, 6.9276 ], [ 101.3139, 6.9222 ], [ 101.3017, 6.9278 ], [ 101.2965, 6.937 ], [ 101.285, 6.9381 ], [ 101.2842, 6.9483 ], [ 101.2392, 6.9319 ], [ 101.2456, 6.9425 ], [ 101.2764, 6.9517 ], [ 101.3131, 6.9383 ], [ 101.3614, 6.9025 ], [ 101.4494, 6.8854 ], [ 101.5092, 6.8617 ], [ 101.5265, 6.8647 ], [ 101.5448, 6.8459 ], [ 101.5608, 6.8412 ], [ 101.6378, 6.716 ], [ 101.6329, 6.714 ], [ 101.6447, 6.6908 ], [ 101.6475, 6.6983 ], [ 101.6373, 6.7118 ], [ 101.6446, 6.7081 ], [ 101.6817, 6.645 ], [ 101.6656, 6.6303 ], [ 101.6831, 6.6385 ], [ 101.6843, 6.6339 ], [ 101.6905, 6.627 ], [ 101.6861, 6.6208 ], [ 101.6932, 6.6214 ], [ 101.6858, 6.6406 ], [ 101.7252, 6.5767 ], [ 101.7053, 6.5674 ], [ 101.6701, 6.5735 ], [ 101.6539, 6.601 ], [ 101.6603, 6.6057 ], [ 101.6523, 6.6143 ], [ 101.6556, 6.6245 ], [ 101.6355, 6.6208 ], [ 101.6314, 6.6353 ], [ 101.6277, 6.6243 ], [ 101.6255, 6.6332 ], [ 101.6131, 6.6329 ], [ 101.5775, 6.6178 ], [ 101.5744, 6.5986 ], [ 101.5965, 6.5817 ] ] ] ] } },
{ "type": "Feature", "properties": { "jurisdiction": "Phangnga", "total_segments": 66, "flagged_segments": 0, "mean_sss": 35.9, "flagged_pct": 0.0 }, "geometry": { "type": "MultiPolygon", "coordinates": [ [ [ [ 98.5161, 7.8898 ], [ 98.5141, 7.8926 ], [ 98.5168, 7.8901 ], [ 98.5161, 7.8898 ] ] ], [ [ [ 98.5139, 7.9503 ], [ 98.516, 7.959 ], [ 98.5169, 7.9598 ], [ 98.5139, 7.9503 ] ] ], [ [ [ 98.5474, 8.0532 ], [ 98.5245, 8.0891 ], [ 98.5266, 8.0956 ], [ 98.5288, 8.0894 ], [ 98.5408, 8.0922 ], [ 98.5311, 8.0916 ], [ 98.5278, 8.1172 ], [ 98.5708, 8.0787 ], [ 98.5985, 8.0822 ], [ 98.5928, 8.0637 ], [ 98.6104, 8.0443 ], [ 98.5997, 8.0183 ], [ 98.6142, 7.9635 ], [ 98.5968, 7.8881 ], [ 98.5828, 7.9156 ], [ 98.5826, 7.8879 ], [ 98.5803, 7.8907 ], [ 98.5643, 7.9594 ], [ 98.5713, 7.9744 ], [ 98.5653, 7.9903 ], [ 98.58, 7.9864 ], [ 98.5879, 8.0127 ], [ 98.5658, 8.0348 ], [ 98.5541, 8.027 ], [ 98.5474, 8.0532 ] ] ], [ [ [ 98.5658, 7.9937 ], [ 98.5676, 7.9977 ], [ 98.5687, 7.996 ], [ 98.5658, 7.9937 ] ] ], [ [ [ 98.6254, 8.0375 ], [ 98.621, 8.0385 ], [ 98.6225, 8.0419 ], [ 98.6254, 8.0375 ] ] ], [ [ [ 98.5594, 8.1205 ], [ 98.5619, 8.1224 ], [ 98.5603, 8.1194 ], [ 98.5594, 8.1205 ] ] ], [ [ [ 98.5574, 8.1313 ], [ 98.5396, 8.1382 ], [ 98.535, 8.1561 ], [ 98.5574, 8.1313 ] ] ], [ [ [ 98.5409, 8.1591 ], [ 98.5404, 8.1574 ], [ 98.5393, 8.1588 ], [ 98.5409, 8.1591 ] ] ], [ [ [ 98.6267, 8.0778 ], [ 98.6278, 8.0811 ], [ 98.6274, 8.0774 ], [ 98.6267, 8.0778 ] ] ], [ [ [ 98.6369, 8.1831 ], [ 98.63, 8.1519 ], [ 98.6344, 8.1416 ], [ 98.6223, 8.1297 ], [ 98.6247, 8.1012 ], [ 98.6176, 8.0807 ], [ 98.6112, 8.0807 ], [ 98.6057, 8.0992 ], [ 98.5865, 8.0972 ], [ 98.5625, 8.1195 ], [ 98.5876, 8.1181 ], [ 98.5982, 8.1501 ], [ 98.6217, 8.1825 ], [ 98.6256, 8.1761 ], [ 98.6275, 8.1861 ], [ 98.6369, 8.1831 ] ] ], [ [ [ 98.577, 8.1478 ], [ 98.577, 8.1505 ], [ 98.578, 8.1462 ], [ 98.577, 8.1478 ] ] ], [ [ [ 98.6616, 8.1884 ], [ 98.6621, 8.1867 ], [ 98.6611, 8.1872 ], [ 98.6616, 8.1884 ] ] ], [ [ [ 98.5414, 8.1643 ], [ 98.5426, 8.1647 ], [ 98.5428, 8.1636 ], [ 98.5414, 8.1643 ] ] ], [ [ [ 98.5399, 8.1679 ], [ 98.5345, 8.1735 ], [ 98.5381, 8.1847 ], [ 98.5399, 8.1679 ] ] ], [ [ [ 98.5086, 8.1969 ], [ 98.5086, 8.195 ], [ 98.5081, 8.1969 ], [ 98.5086, 8.1969 ] ] ], [ [ [ 98.5097, 8.2009 ], [ 98.5094, 8.2057 ], [ 98.5108, 8.2056 ], [ 98.5097, 8.2009 ] ] ], [ [ [ 98.4879, 8.2013 ], [ 98.4956, 8.1762 ], [ 98.4913, 8.1658 ], [ 98.4856, 8.1857 ], [ 98.4879, 8.2013 ] ] ], [ [ [ 98.5001, 8.2206 ], [ 98.5009, 8.227 ], [ 98.5026, 8.2226 ], [ 98.5001, 8.2206 ] ] ], [ [ [ 98.4756, 8.2297 ], [ 98.4778, 8.2314 ], [ 98.4767, 8.2278 ], [ 98.4756, 8.2297 ] ] ], [ [ [ 98.4766, 8.2327 ], [ 98.4765, 8.2365 ], [ 98.4779, 8.2374 ], [ 98.4766, 8.2327 ] ] ], [ [ [ 98.5098, 8.2089 ], [ 98.5034, 8.2228 ], [ 98.5073, 8.2253 ], [ 98.5098, 8.2089 ] ] ], [ [ [ 98.5056, 8.2342 ], [ 98.5078, 8.2279 ], [ 98.5038, 8.2409 ], [ 98.5056, 8.2342 ] ] ], [ [ [ 98.5104, 8.2554 ], [ 98.5123, 8.256 ], [ 98.5107, 8.2542 ], [ 98.5104, 8.2554 ] ] ], [ [ [ 98.5044, 8.2593 ], [ 98.5058, 8.2615 ], [ 98.5058, 8.2593 ], [ 98.5044, 8.2593 ] ] ], [ [ [ 98.4931, 8.2412 ], [ 98.4921, 8.2461 ], [ 98.4946, 8.2415 ], [ 98.4931, 8.2412 ] ] ], [ [ [ 98.4776, 8.2461 ], [ 98.4786, 8.2479 ], [ 98.4786, 8.2452 ], [ 98.4776, 8.2461 ] ] ], [ [ [ 98.4947, 8.2467 ], [ 98.4935, 8.2527 ], [ 98.4956, 8.2466 ], [ 98.4947, 8.2467 ] ] ], [ [ [ 98.4717, 8.2576 ], [ 98.4728, 8.2574 ], [ 98.4722, 8.2561 ], [ 98.4717, 8.2576 ] ] ], [ [ [ 98.4923, 8.263 ], [ 98.4946, 8.2624 ], [ 98.4924, 8.2619 ], [ 98.4923, 8.263 ] ] ], [ [ [ 98.4922, 8.2664 ], [ 98.4872, 8.2661 ], [ 98.4858, 8.2681 ], [ 98.4891, 8.27 ], [ 98.4922, 8.2664 ] ] ], [ [ [ 98.4848, 8.271 ], [ 98.4792, 8.276 ], [ 98.4812, 8.2813 ], [ 98.4848, 8.271 ] ] ], [ [ [ 98.5006, 8.2732 ], [ 98.5003, 8.2756 ], [ 98.5019, 8.2749 ], [ 98.5006, 8.2732 ] ] ], [ [ [ 98.4728, 8.2745 ], [ 98.4744, 8.2751 ], [ 98.4742, 8.2736 ], [ 98.4728, 8.2745 ] ] ], [ [ [ 98.4963, 8.2769 ], [ 98.4853, 8.2878 ], [ 98.4908, 8.3056 ], [ 98.4992, 8.2958 ], [ 98.4963, 8.2769 ] ] ], [ [ [ 98.4796, 8.2958 ], [ 98.4799, 8.2992 ], [ 98.4813, 8.295 ], [ 98.4796, 8.2958 ] ] ], [ [ [ 98.4961, 8.3058 ], [ 98.4977, 8.2997 ], [ 98.4967, 8.2994 ], [ 98.4961, 8.3058 ] ] ], [ [ [ 98.4669, 8.2883 ], [ 98.4622, 8.2828 ], [ 98.4622, 8.2916 ], [ 98.4669, 8.2883 ] ] ], [ [ [ 98.4667, 8.292 ], [ 98.4664, 8.2947 ], [ 98.4679, 8.2926 ], [ 98.4667, 8.292 ] ] ], [ [ [ 98.4052, 8.2814 ], [ 98.4325, 8.3108 ], [ 98.458, 8.2965 ], [ 98.4608, 8.2869 ], [ 98.4545, 8.2878 ], [ 98.4532, 8.2796 ], [ 98.4618, 8.2517 ], [ 98.4551, 8.2423 ], [ 98.4648, 8.2391 ], [ 98.4682, 8.2193 ], [ 98.4674, 8.2174 ], [ 98.4633, 8.2212 ], [ 98.4607, 8.2197 ], [ 98.4642, 8.2129 ], [ 98.4516, 8.2062 ], [ 98.4443, 8.1912 ], [ 98.4353, 8.1633 ], [ 98.44, 8.144 ], [ 98.4278, 8.1355 ], [ 98.4235, 8.141 ], [ 98.4121, 8.1807 ], [ 98.4018, 8.1451 ], [ 98.4039, 8.137 ], [ 98.3879, 8.1267 ], [ 98.3738, 8.1393 ], [ 98.3597, 8.1925 ], [ 98.3362, 8.1803 ], [ 98.3247, 8.1914 ], [ 98.327, 8.2043 ], [ 98.3388, 8.2057 ], [ 98.3402, 8.207 ], [ 98.3282, 8.2078 ], [ 98.3166, 8.1992 ], [ 98.2821, 8.2047 ], [ 98.2699, 8.3118 ], [ 98.2053, 8.556 ], [ 98.2128, 8.5817 ], [ 98.2196, 8.5875 ], [ 98.2145, 8.5643 ], [ 98.2286, 8.5471 ], [ 98.2172, 8.528 ], [ 98.2325, 8.5042 ], [ 98.2315, 8.481 ], [ 98.2333, 8.4749 ], [ 98.237, 8.4709 ], [ 98.2343, 8.508 ], [ 98.223, 8.5242 ], [ 98.2306, 8.532 ], [ 98.2256, 8.5391 ], [ 98.2396, 8.5414 ], [ 98.2348, 8.545 ], [ 98.2391, 8.5435 ], [ 98.243, 8.5388 ], [ 98.255, 8.4927 ], [ 98.2571, 8.5028 ], [ 98.2666, 8.5004 ], [ 98.2736, 8.5097 ], [ 98.2582, 8.5041 ], [ 98.2591, 8.5403 ], [ 98.2405, 8.5514 ], [ 98.241, 8.5652 ], [ 98.2399, 8.5541 ], [ 98.2353, 8.5524 ], [ 98.2234, 8.5695 ], [ 98.2226, 8.5789 ], [ 98.2403, 8.5914 ], [ 98.238, 8.6159 ], [ 98.2301, 8.6215 ], [ 98.2439, 8.6302 ], [ 98.2472, 8.6528 ], [ 98.235, 8.7211 ], [ 98.2161, 8.7361 ], [ 98.2172, 8.7434 ], [ 98.235, 8.734 ], [ 98.2613, 8.7622 ], [ 98.2616, 8.7904 ], [ 98.2525, 8.8095 ], [ 98.2649, 8.8236 ], [ 98.2642, 8.8592 ], [ 98.2943, 8.8856 ], [ 98.2955, 8.8937 ], [ 98.2805, 8.8791 ], [ 98.2999, 8.9026 ], [ 98.3176, 8.9006 ], [ 98.31, 8.9072 ], [ 98.3025, 8.9056 ], [ 98.2874, 8.896 ], [ 98.2889, 8.9183 ], [ 98.3108, 8.9456 ], [ 98.3224, 8.9713 ], [ 98.3308, 8.9771 ], [ 98.3402, 8.9636 ], [ 98.3333, 8.9782 ], [ 98.3488, 8.9675 ], [ 98.3495, 8.9409 ], [ 98.3534, 8.9626 ], [ 98.3603, 8.9517 ], [ 98.3606, 8.9594 ], [ 98.3653, 8.9478 ], [ 98.3564, 8.9278 ], [ 98.3668, 8.9432 ], [ 98.3681, 8.9498 ], [ 98.3796, 8.9108 ], [ 98.3828, 8.9272 ], [ 98.3851, 8.9169 ], [ 98.3914, 8.9114 ], [ 98.3856, 8.9189 ], [ 98.3855, 8.9399 ], [ 98.3716, 8.9731 ], [ 98.3584, 8.984 ], [ 98.3667, 8.9924 ], [ 98.3788, 8.9887 ], [ 98.3784, 8.9678 ], [ 98.3854, 8.9548 ], [ 98.3805, 8.9936 ], [ 98.3599, 9.0003 ], [ 98.382, 9.0164 ], [ 98.4024, 8.9985 ], [ 98.3811, 9.0192 ], [ 98.387, 9.028 ], [ 98.402, 9.0226 ], [ 98.3942, 9.028 ], [ 98.4072, 9.0284 ], [ 98.3961, 9.0304 ], [ 98.4057, 9.0401 ], [ 98.3877, 9.0342 ], [ 98.3473, 9.0025 ], [ 98.319, 9.0312 ], [ 98.3282, 9.0541 ], [ 98.3432, 9.0669 ], [ 98.3659, 9.0697 ], [ 98.3853, 9.0547 ], [ 98.3863, 9.0628 ], [ 98.3759, 9.0719 ], [ 98.3855, 9.0698 ], [ 98.3747, 9.0756 ], [ 98.3884, 9.0817 ], [ 98.3787, 9.0857 ], [ 98.3914, 9.0901 ], [ 98.4012, 9.0837 ], [ 98.396, 9.0941 ], [ 98.3883, 9.0951 ], [ 98.3692, 9.0787 ], [ 98.3667, 9.0953 ], [ 98.3807, 9.098 ], [ 98.3833, 9.1022 ], [ 98.3684, 9.1008 ], [ 98.3672, 9.1153 ], [ 98.365, 9.0988 ], [ 98.3519, 9.0952 ], [ 98.3499, 9.1073 ], [ 98.3536, 9.1111 ], [ 98.3586, 9.1071 ], [ 98.3605, 9.108 ], [ 98.361, 9.11 ], [ 98.3592, 9.1078 ], [ 98.3547, 9.112 ], [ 98.3467, 9.1102 ], [ 98.3545, 9.1225 ], [ 98.3431, 9.1164 ], [ 98.3494, 9.1288 ], [ 98.3417, 9.1299 ], [ 98.3478, 9.1347 ], [ 98.3396, 9.136 ], [ 98.3394, 9.1517 ], [ 98.3456, 9.1451 ], [ 98.3465, 9.1502 ], [ 98.327, 9.1683 ], [ 98.3164, 9.1992 ], [ 98.3297, 9.2232 ], [ 98.3352, 9.1897 ], [ 98.3431, 9.1814 ], [ 98.3362, 9.1741 ], [ 98.3439, 9.1796 ], [ 98.3457, 9.1855 ], [ 98.3519, 9.177 ], [ 98.3502, 9.1843 ], [ 98.3381, 9.1942 ], [ 98.3464, 9.2217 ], [ 98.3706, 9.1994 ], [ 98.3671, 9.1921 ], [ 98.3679, 9.1887 ], [ 98.3734, 9.1869 ], [ 98.3679, 9.1908 ], [ 98.3724, 9.1959 ], [ 98.3874, 9.1808 ], [ 98.3742, 9.2086 ], [ 98.3659, 9.2126 ], [ 98.3812, 9.237 ], [ 98.3803, 9.2497 ], [ 98.3724, 9.2282 ], [ 98.3486, 9.2339 ], [ 98.3444, 9.2431 ], [ 98.3625, 9.2592 ], [ 98.3681, 9.2797 ], [ 98.3718, 9.2726 ], [ 98.38, 9.2658 ], [ 98.3812, 9.2765 ], [ 98.3754, 9.2706 ], [ 98.3724, 9.2788 ], [ 98.3608, 9.2828 ], [ 98.3779, 9.2918 ], [ 98.3925, 9.3473 ], [ 98.4039, 9.3504 ], [ 98.4164, 9.3398 ], [ 98.4435, 9.3516 ], [ 98.4691, 9.3295 ], [ 98.4556, 9.316 ], [ 98.4713, 9.3209 ], [ 98.4796, 9.3047 ], [ 98.5069, 9.3085 ], [ 98.5269, 9.2965 ], [ 98.5304, 9.2547 ], [ 98.5247, 9.2363 ], [ 98.5025, 9.217 ], [ 98.4963, 9.2011 ], [ 98.4939, 9.1726 ], [ 98.5024, 9.154 ], [ 98.4819, 9.1478 ], [ 98.4802, 9.1238 ], [ 98.4939, 9.0811 ], [ 98.4725, 9.0638 ], [ 98.4876, 9.016 ], [ 98.5105, 8.9955 ], [ 98.5051, 8.9831 ], [ 98.494, 8.9853 ], [ 98.4506, 8.9659 ], [ 98.4427, 8.9454 ], [ 98.4562, 8.9325 ], [ 98.4453, 8.8955 ], [ 98.5053, 8.8806 ], [ 98.5138, 8.8605 ], [ 98.5354, 8.8581 ], [ 98.5325, 8.8446 ], [ 98.5525, 8.8287 ], [ 98.5547, 8.814 ], [ 98.5984, 8.797 ], [ 98.594, 8.712 ], [ 98.5701, 8.6821 ], [ 98.5457, 8.6739 ], [ 98.5371, 8.6602 ], [ 98.5648, 8.638 ], [ 98.6036, 8.6264 ], [ 98.6117, 8.6379 ], [ 98.6393, 8.645 ], [ 98.6485, 8.6595 ], [ 98.6741, 8.6609 ], [ 98.7032, 8.6321 ], [ 98.7067, 8.5964 ], [ 98.6906, 8.5759 ], [ 98.6728, 8.5118 ], [ 98.6489, 8.4815 ], [ 98.6702, 8.4593 ], [ 98.664, 8.4266 ], [ 98.652, 8.427 ], [ 98.6432, 8.4135 ], [ 98.6571, 8.3843 ], [ 98.6436, 8.3814 ], [ 98.6433, 8.3922 ], [ 98.6369, 8.3798 ], [ 98.6225, 8.3807 ], [ 98.6237, 8.3966 ], [ 98.6203, 8.3887 ], [ 98.612, 8.4186 ], [ 98.6249, 8.4364 ], [ 98.6206, 8.4394 ], [ 98.6077, 8.4203 ], [ 98.6031, 8.4241 ], [ 98.6103, 8.4314 ], [ 98.6117, 8.4398 ], [ 98.6102, 8.4425 ], [ 98.6068, 8.4443 ], [ 98.6096, 8.4324 ], [ 98.6033, 8.4271 ], [ 98.5878, 8.4337 ], [ 98.6103, 8.4078 ], [ 98.6087, 8.3928 ], [ 98.5937, 8.3805 ], [ 98.5975, 8.3656 ], [ 98.5796, 8.3584 ], [ 98.5754, 8.3719 ], [ 98.5745, 8.3598 ], [ 98.5603, 8.3564 ], [ 98.5707, 8.3824 ], [ 98.5668, 8.3933 ], [ 98.5758, 8.4012 ], [ 98.564, 8.3947 ], [ 98.5625, 8.4077 ], [ 98.5519, 8.4021 ], [ 98.547, 8.4132 ], [ 98.5491, 8.4016 ], [ 98.5574, 8.4029 ], [ 98.5672, 8.3841 ], [ 98.5565, 8.3682 ], [ 98.5596, 8.3511 ], [ 98.5377, 8.3747 ], [ 98.5365, 8.3933 ], [ 98.5364, 8.3692 ], [ 98.5503, 8.3413 ], [ 98.5337, 8.345 ], [ 98.5372, 8.3525 ], [ 98.5353, 8.3549 ], [ 98.5328, 8.3546 ], [ 98.5316, 8.3457 ], [ 98.5371, 8.3368 ], [ 98.5279, 8.332 ], [ 98.5221, 8.3433 ], [ 98.5142, 8.3425 ], [ 98.5249, 8.3336 ], [ 98.5144, 8.3253 ], [ 98.5068, 8.3421 ], [ 98.518, 8.3917 ], [ 98.5167, 8.4141 ], [ 98.5036, 8.3419 ], [ 98.4976, 8.3581 ], [ 98.4856, 8.3595 ], [ 98.4975, 8.3706 ], [ 98.4954, 8.3845 ], [ 98.4831, 8.3581 ], [ 98.4961, 8.3556 ], [ 98.4983, 8.3403 ], [ 98.4797, 8.3483 ], [ 98.4788, 8.3605 ], [ 98.4733, 8.3628 ], [ 98.4705, 8.3708 ], [ 98.4646, 8.374 ], [ 98.4663, 8.387 ], [ 98.4626, 8.3894 ], [ 98.4563, 8.3671 ], [ 98.4572, 8.3589 ], [ 98.4668, 8.3467 ], [ 98.4627, 8.3434 ], [ 98.4536, 8.3486 ], [ 98.4493, 8.3476 ], [ 98.4609, 8.343 ], [ 98.4611, 8.3342 ], [ 98.4735, 8.3187 ], [ 98.4405, 8.3234 ], [ 98.4151, 8.2987 ], [ 98.4056, 8.3039 ], [ 98.3996, 8.3028 ], [ 98.4133, 8.2953 ], [ 98.4052, 8.2814 ] ] ], [ [ [ 98.4418, 8.3125 ], [ 98.4691, 8.3049 ], [ 98.463, 8.2956 ], [ 98.4418, 8.3125 ] ] ], [ [ [ 98.4697, 8.3037 ], [ 98.471, 8.3042 ], [ 98.4703, 8.3028 ], [ 98.4697, 8.3037 ] ] ], [ [ [ 98.4784, 8.3054 ], [ 98.4792, 8.309 ], [ 98.4798, 8.3001 ], [ 98.4784, 8.3054 ] ] ], [ [ [ 98.494, 8.3129 ], [ 98.4912, 8.3092 ], [ 98.4881, 8.3128 ], [ 98.494, 8.3129 ] ] ], [ [ [ 98.4801, 8.3369 ], [ 98.4899, 8.329 ], [ 98.4967, 8.3289 ], [ 98.4962, 8.3186 ], [ 98.4834, 8.3174 ], [ 98.4754, 8.3327 ], [ 98.4636, 8.3347 ], [ 98.4682, 8.3482 ], [ 98.4579, 8.3596 ], [ 98.4616, 8.3747 ], [ 98.4772, 8.3579 ], [ 98.4739, 8.3455 ], [ 98.4801, 8.3369 ] ] ], [ [ [ 98.61, 8.1962 ], [ 98.6142, 8.1926 ], [ 98.6111, 8.191 ], [ 98.61, 8.1962 ] ] ], [ [ [ 98.6405, 8.1933 ], [ 98.6341, 8.1944 ], [ 98.6381, 8.2002 ], [ 98.6405, 8.1933 ] ] ], [ [ [ 98.632, 8.1948 ], [ 98.6322, 8.1983 ], [ 98.6331, 8.1944 ], [ 98.632, 8.1948 ] ] ], [ [ [ 98.5939, 8.2119 ], [ 98.5911, 8.2206 ], [ 98.5925, 8.2217 ], [ 98.5939, 8.2119 ] ] ], [ [ [ 98.5779, 8.289 ], [ 98.5985, 8.286 ], [ 98.5741, 8.2803 ], [ 98.5779, 8.289 ] ] ], [ [ [ 98.577, 8.3564 ], [ 98.5783, 8.3578 ], [ 98.5785, 8.3565 ], [ 98.577, 8.3564 ] ] ], [ [ [ 98.6045, 8.3672 ], [ 98.5948, 8.3793 ], [ 98.6079, 8.3873 ], [ 98.6097, 8.3725 ], [ 98.6045, 8.3672 ] ] ], [ [ [ 98.6565, 8.3827 ], [ 98.6575, 8.3813 ], [ 98.6547, 8.3805 ], [ 98.6565, 8.3827 ] ] ], [ [ [ 98.6606, 8.387 ], [ 98.6612, 8.3836 ], [ 98.6606, 8.3836 ], [ 98.6606, 8.387 ] ] ], [ [ [ 98.6543, 8.3966 ], [ 98.6564, 8.3959 ], [ 98.6567, 8.3939 ], [ 98.6543, 8.3966 ] ] ], [ [ [ 98.5047, 8.3333 ], [ 98.5017, 8.3364 ], [ 98.5039, 8.3386 ], [ 98.5047, 8.3333 ] ] ], [ [ [ 98.5518, 8.3448 ], [ 98.5498, 8.3481 ], [ 98.55, 8.3487 ], [ 98.5518, 8.3448 ] ] ], [ [ [ 98.548, 8.3576 ], [ 98.5471, 8.3512 ], [ 98.5438, 8.3588 ], [ 98.548, 8.3576 ] ] ], [ [ [ 98.4895, 8.3319 ], [ 98.4794, 8.3389 ], [ 98.479, 8.3457 ], [ 98.4928, 8.3381 ], [ 98.4895, 8.3319 ] ] ], [ [ [ 98.4947, 8.3734 ], [ 98.4964, 8.3711 ], [ 98.4943, 8.3694 ], [ 98.4947, 8.3734 ] ] ], [ [ [ 98.3318, 8.206 ], [ 98.3348, 8.2069 ], [ 98.3354, 8.206 ], [ 98.3318, 8.206 ] ] ], [ [ [ 97.6386, 8.4844 ], [ 97.6509, 8.481 ], [ 97.6541, 8.4778 ], [ 97.6386, 8.4844 ] ] ], [ [ [ 97.6439, 8.4948 ], [ 97.6388, 8.5018 ], [ 97.6356, 8.5083 ], [ 97.648, 8.499 ], [ 97.6439, 8.4948 ] ] ], [ [ [ 98.2541, 8.5067 ], [ 98.2537, 8.5109 ], [ 98.2553, 8.5059 ], [ 98.2541, 8.5067 ] ] ], [ [ [ 97.6567, 8.5161 ], [ 97.6536, 8.5161 ], [ 97.6542, 8.5178 ], [ 97.6567, 8.5161 ] ] ], [ [ [ 97.6308, 8.5767 ], [ 97.6411, 8.5686 ], [ 97.6375, 8.5594 ], [ 97.6308, 8.5767 ] ] ], [ [ [ 97.6478, 8.5692 ], [ 97.6428, 8.5714 ], [ 97.6425, 8.5736 ], [ 97.6478, 8.5692 ] ] ], [ [ [ 97.6364, 8.5978 ], [ 97.6412, 8.5899 ], [ 97.6374, 8.5865 ], [ 97.6364, 8.5978 ] ] ], [ [ [ 97.6492, 8.6681 ], [ 97.6536, 8.6298 ], [ 97.6491, 8.6287 ], [ 97.6368, 8.6605 ], [ 97.6492, 8.6681 ] ] ], [ [ [ 98.4473, 8.1256 ], [ 98.4426, 8.1263 ], [ 98.4441, 8.1282 ], [ 98.4473, 8.1256 ] ] ], [ [ [ 98.4095, 8.15 ], [ 98.4077, 8.1605 ], [ 98.41, 8.1625 ], [ 98.4138, 8.1528 ], [ 98.4095, 8.15 ] ] ], [ [ [ 98.4087, 8.1647 ], [ 98.4098, 8.1657 ], [ 98.4093, 8.1639 ], [ 98.4087, 8.1647 ] ] ], [ [ [ 98.4693, 8.2043 ], [ 98.4599, 8.1961 ], [ 98.4526, 8.1988 ], [ 98.46, 8.2079 ], [ 98.4693, 8.2043 ] ] ], [ [ [ 98.474, 8.2486 ], [ 98.4663, 8.2475 ], [ 98.4726, 8.2535 ], [ 98.474, 8.2486 ] ] ], [ [ [ 98.456, 8.2773 ], [ 98.458, 8.2771 ], [ 98.4577, 8.276 ], [ 98.456, 8.2773 ] ] ], [ [ [ 98.4491, 8.3143 ], [ 98.4472, 8.3186 ], [ 98.4552, 8.3171 ], [ 98.4491, 8.3143 ] ] ], [ [ [ 97.6481, 8.6819 ], [ 97.6504, 8.6734 ], [ 97.6409, 8.6792 ], [ 97.6481, 8.6819 ] ] ], [ [ [ 98.2171, 8.7251 ], [ 98.2188, 8.7277 ], [ 98.2201, 8.7273 ], [ 98.2171, 8.7251 ] ] ], [ [ [ 98.2732, 9.0143 ], [ 98.2832, 9.0069 ], [ 98.2822, 8.995 ], [ 98.2883, 9.0058 ], [ 98.3211, 8.9911 ], [ 98.3239, 8.9827 ], [ 98.3089, 8.9462 ], [ 98.3024, 8.9421 ], [ 98.2979, 8.9511 ], [ 98.2977, 8.9409 ], [ 98.2932, 8.9465 ], [ 98.2963, 8.9283 ], [ 98.2859, 8.9186 ], [ 98.2828, 8.8942 ], [ 98.267, 8.8646 ], [ 98.2646, 8.8876 ], [ 98.2484, 8.9133 ], [ 98.2632, 8.9534 ], [ 98.2597, 8.9846 ], [ 98.2475, 9.0064 ], [ 98.2732, 9.0143 ] ] ], [ [ [ 98.3554, 8.9642 ], [ 98.3563, 8.963 ], [ 98.3554, 8.963 ], [ 98.3554, 8.9642 ] ] ], [ [ [ 98.3244, 8.9792 ], [ 98.3272, 8.9803 ], [ 98.3253, 8.9781 ], [ 98.3244, 8.9792 ] ] ], [ [ [ 98.3447, 8.99 ], [ 98.3426, 8.9883 ], [ 98.3422, 8.9893 ], [ 98.3447, 8.99 ] ] ], [ [ [ 98.2287, 9.02 ], [ 98.227, 9.0175 ], [ 98.2242, 9.0195 ], [ 98.2287, 9.02 ] ] ], [ [ [ 98.2912, 9.1641 ], [ 98.2848, 9.156 ], [ 98.2816, 9.1358 ], [ 98.2898, 9.1481 ], [ 98.2867, 9.1568 ], [ 98.2943, 9.16 ], [ 98.2989, 9.1334 ], [ 98.2815, 9.1134 ], [ 98.2798, 9.0892 ], [ 98.2853, 9.1142 ], [ 98.2995, 9.1253 ], [ 98.3064, 9.1414 ], [ 98.3036, 9.1175 ], [ 98.3163, 9.1074 ], [ 98.3095, 9.1244 ], [ 98.3233, 9.1182 ], [ 98.3214, 9.0929 ], [ 98.315, 9.0914 ], [ 98.3208, 9.0881 ], [ 98.3268, 9.106 ], [ 98.3344, 9.0806 ], [ 98.3243, 9.0785 ], [ 98.3339, 9.0758 ], [ 98.3233, 9.0634 ], [ 98.3203, 9.0726 ], [ 98.3156, 9.0724 ], [ 98.32, 9.0639 ], [ 98.3112, 9.054 ], [ 98.3042, 9.0792 ], [ 98.3001, 9.0664 ], [ 98.3106, 9.0486 ], [ 98.3032, 9.0525 ], [ 98.3041, 9.0392 ], [ 98.2971, 9.0356 ], [ 98.2815, 9.0471 ], [ 98.2868, 9.0537 ], [ 98.2813, 9.0616 ], [ 98.2849, 9.0522 ], [ 98.2757, 9.0506 ], [ 98.2875, 9.0285 ], [ 98.2519, 9.0292 ], [ 98.246, 9.0319 ], [ 98.2492, 9.1264 ], [ 98.2551, 9.127 ], [ 98.2616, 9.1409 ], [ 98.2612, 9.1653 ], [ 98.2912, 9.1641 ] ] ], [ [ [ 98.2828, 9.1133 ], [ 98.2839, 9.1122 ], [ 98.2825, 9.1108 ], [ 98.2828, 9.1133 ] ] ], [ [ [ 98.2529, 9.1323 ], [ 98.2543, 9.1328 ], [ 98.2537, 9.1311 ], [ 98.2529, 9.1323 ] ] ], [ [ [ 98.3779, 8.9232 ], [ 98.379, 8.9256 ], [ 98.3787, 8.9226 ], [ 98.3779, 8.9232 ] ] ], [ [ [ 98.383, 8.9283 ], [ 98.3786, 8.9327 ], [ 98.3806, 8.9365 ], [ 98.383, 8.9283 ] ] ], [ [ [ 98.3838, 8.9344 ], [ 98.3807, 8.9402 ], [ 98.382, 8.9411 ], [ 98.3838, 8.9344 ] ] ], [ [ [ 98.3798, 8.9378 ], [ 98.3737, 8.946 ], [ 98.3739, 8.948 ], [ 98.3798, 8.9378 ] ] ], [ [ [ 98.3663, 8.9439 ], [ 98.3631, 8.9399 ], [ 98.3656, 8.9454 ], [ 98.3663, 8.9439 ] ] ], [ [ [ 98.373, 8.9482 ], [ 98.3681, 8.9534 ], [ 98.3675, 8.9575 ], [ 98.373, 8.9482 ] ] ], [ [ [ 98.3494, 8.9784 ], [ 98.3691, 8.9688 ], [ 98.3728, 8.9545 ], [ 98.3494, 8.9784 ] ] ], [ [ [ 98.3759, 9.0211 ], [ 98.3784, 9.0197 ], [ 98.3757, 9.018 ], [ 98.3759, 9.0211 ] ] ], [ [ [ 98.3799, 9.0647 ], [ 98.3785, 9.0639 ], [ 98.3782, 9.0647 ], [ 98.3799, 9.0647 ] ] ], [ [ [ 98.3597, 9.0735 ], [ 98.3611, 9.0729 ], [ 98.3603, 9.0721 ], [ 98.3597, 9.0735 ] ] ], [ [ [ 98.3538, 8.9895 ], [ 98.3535, 8.9878 ], [ 98.3524, 8.9892 ], [ 98.3538, 8.9895 ] ] ], [ [ [ 98.3119, 9.0534 ], [ 98.3122, 9.0514 ], [ 98.3111, 9.0533 ], [ 98.3119, 9.0534 ] ] ], [ [ [ 98.3078, 9.0593 ], [ 98.3088, 9.0575 ], [ 98.308, 9.0563 ], [ 98.3078, 9.0593 ] ] ], [ [ [ 98.3034, 9.0639 ], [ 98.3016, 9.0679 ], [ 98.3049, 9.0642 ], [ 98.3034, 9.0639 ] ] ], [ [ [ 98.365, 9.0789 ], [ 98.3672, 9.0828 ], [ 98.3686, 9.0786 ], [ 98.365, 9.0789 ] ] ], [ [ [ 98.3606, 9.0878 ], [ 98.3631, 9.0906 ], [ 98.3619, 9.0869 ], [ 98.3606, 9.0878 ] ] ], [ [ [ 98.3933, 9.091 ], [ 98.3923, 9.0905 ], [ 98.3922, 9.0909 ], [ 98.3933, 9.091 ] ] ], [ [ [ 98.3642, 9.0937 ], [ 98.3658, 9.0936 ], [ 98.3647, 9.0922 ], [ 98.3642, 9.0937 ] ] ], [ [ [ 98.3771, 9.1938 ], [ 98.3729, 9.1964 ], [ 98.372, 9.1999 ], [ 98.3771, 9.1938 ] ] ], [ [ [ 98.3773, 9.1966 ], [ 98.3699, 9.2051 ], [ 98.3695, 9.2079 ], [ 98.3773, 9.1966 ] ] ], [ [ [ 98.3645, 9.2094 ], [ 98.3616, 9.2113 ], [ 98.3617, 9.2142 ], [ 98.3645, 9.2094 ] ] ], [ [ [ 98.3592, 9.212 ], [ 98.3528, 9.2203 ], [ 98.3535, 9.2247 ], [ 98.3593, 9.2194 ], [ 98.3592, 9.212 ] ] ], [ [ [ 98.3661, 9.2154 ], [ 98.3625, 9.2203 ], [ 98.3633, 9.2217 ], [ 98.3661, 9.2154 ] ] ], [ [ [ 98.3511, 9.0989 ], [ 98.3503, 9.0958 ], [ 98.3464, 9.1058 ], [ 98.3511, 9.0989 ] ] ], [ [ [ 98.2966, 9.128 ], [ 98.2958, 9.1283 ], [ 98.2986, 9.13 ], [ 98.2966, 9.128 ] ] ], [ [ [ 98.3125, 9.1797 ], [ 98.3234, 9.1643 ], [ 98.3168, 9.1743 ], [ 98.3389, 9.1486 ], [ 98.3333, 9.1472 ], [ 98.3389, 9.1447 ], [ 98.3325, 9.1261 ], [ 98.3117, 9.1531 ], [ 98.3125, 9.1797 ] ] ], [ [ [ 98.252, 9.1363 ], [ 98.2548, 9.1368 ], [ 98.252, 9.1354 ], [ 98.252, 9.1363 ] ] ], [ [ [ 98.2922, 9.165 ], [ 98.2927, 9.1673 ], [ 98.2928, 9.165 ], [ 98.2922, 9.165 ] ] ], [ [ [ 98.2788, 9.1732 ], [ 98.2806, 9.1761 ], [ 98.2817, 9.1761 ], [ 98.2788, 9.1732 ] ] ], [ [ [ 98.2884, 9.1861 ], [ 98.2918, 9.1881 ], [ 98.2904, 9.1842 ], [ 98.2884, 9.1861 ] ] ], [ [ [ 98.3068, 9.1822 ], [ 98.3071, 9.18 ], [ 98.306, 9.1808 ], [ 98.3068, 9.1822 ] ] ], [ [ [ 98.3436, 9.1823 ], [ 98.3446, 9.1849 ], [ 98.3442, 9.1825 ], [ 98.3436, 9.1823 ] ] ], [ [ [ 98.3347, 9.2128 ], [ 98.3358, 9.2156 ], [ 98.3353, 9.2087 ], [ 98.3347, 9.2128 ] ] ], [ [ [ 98.3317, 9.2233 ], [ 98.3341, 9.223 ], [ 98.334, 9.2214 ], [ 98.3317, 9.2233 ] ] ], [ [ [ 98.3153, 9.2561 ], [ 98.2845, 9.1991 ], [ 98.2931, 9.2016 ], [ 98.2953, 9.1955 ], [ 98.286, 9.1902 ], [ 98.2834, 9.1783 ], [ 98.26, 9.1675 ], [ 98.2639, 9.2061 ], [ 98.2764, 9.2086 ], [ 98.3062, 9.2641 ], [ 98.3153, 9.2561 ] ] ], [ [ [ 98.3255, 9.3345 ], [ 98.3212, 9.3356 ], [ 98.3242, 9.3374 ], [ 98.3255, 9.3345 ] ] ] ] } },
{ "type": "Feature", "properties": { "jurisdiction": "Phatthalung", "total_segments": 47, "flagged_segments": 0, "mean_sss": 42.4, "flagged_pct": 0.0 }, "geometry": { "type": "MultiPolygon", "coordinates": [ [ [ [ 100.377, 7.314 ], [ 100.356, 7.2974 ], [ 100.3604, 7.277 ], [ 100.3366, 7.2712 ], [ 100.3405, 7.2493 ], [ 100.3159, 7.2306 ], [ 100.3046, 7.2095 ], [ 100.2851, 7.2107 ], [ 100.2757, 7.1984 ], [ 100.2659, 7.203 ], [ 100.2237, 7.1936 ], [ 100.1747, 7.1752 ], [ 100.1562, 7.1487 ], [ 100.1114, 7.1653 ], [ 100.063, 7.1373 ], [ 100.0658, 7.1088 ], [ 100.039, 7.1091 ], [ 100.0281, 7.0903 ], [ 100.0242, 7.1036 ], [ 99.9982, 7.1135 ], [ 99.9603, 7.1694 ], [ 99.9594, 7.1971 ], [ 99.9481, 7.2042 ], [ 99.9331, 7.2409 ], [ 99.9464, 7.2658 ], [ 99.9388, 7.3171 ], [ 99.9052, 7.3283 ], [ 99.9047, 7.3522 ], [ 99.8952, 7.3649 ], [ 99.9015, 7.3879 ], [ 99.849, 7.464 ], [ 99.851, 7.4851 ], [ 99.8204, 7.5123 ], [ 99.8357, 7.5468 ], [ 99.799, 7.5844 ], [ 99.8097, 7.6218 ], [ 99.7853, 7.6442 ], [ 99.8133, 7.6494 ], [ 99.8176, 7.6795 ], [ 99.7883, 7.7005 ], [ 99.7837, 7.7595 ], [ 99.7671, 7.7689 ], [ 99.771, 7.7885 ], [ 99.7335, 7.8548 ], [ 99.7829, 7.8569 ], [ 99.8052, 7.8898 ], [ 99.8332, 7.8844 ], [ 99.8436, 7.8918 ], [ 99.8633, 7.8852 ], [ 99.8976, 7.8936 ], [ 99.9209, 7.8821 ], [ 99.9587, 7.8888 ], [ 99.9876, 7.86 ], [ 100.0531, 7.836 ], [ 100.0968, 7.862 ], [ 100.1439, 7.8697 ], [ 100.127, 7.7998 ], [ 100.1455, 7.8091 ], [ 100.1735, 7.8047 ], [ 100.1827, 7.7852 ], [ 100.2078, 7.7809 ], [ 100.2266, 7.6713 ], [ 100.2352, 7.5238 ], [ 100.296, 7.4573 ], [ 100.3346, 7.5395 ], [ 100.3726, 7.543 ], [ 100.3934, 7.5068 ], [ 100.3979, 7.4831 ], [ 100.3905, 7.4423 ], [ 100.4145, 7.333 ], [ 100.4285, 7.309 ], [ 100.4248, 7.2805 ], [ 100.4002, 7.2627 ], [ 100.3827, 7.279 ], [ 100.377, 7.314 ] ] ] ] } },
{ "type": "Feature", "properties": { "jurisdiction": "Phayao", "total_segments": 110, "flagged_segments": 2, "mean_sss": 51.3, "flagged_pct": 1.8 }, "geometry": { "type": "MultiPolygon", "coordinates": [ [ [ [ 99.885, 18.9978 ], [ 99.84, 18.9995 ], [ 99.8316, 19.008 ], [ 99.8345, 19.0385 ], [ 99.8227, 19.0431 ], [ 99.8207, 19.0594 ], [ 99.7962, 19.0515 ], [ 99.7751, 19.0623 ], [ 99.76, 19.1314 ], [ 99.728, 19.1676 ], [ 99.7309, 19.179 ], [ 99.7052, 19.2433 ], [ 99.6996, 19.3045 ], [ 99.7099, 19.3384 ], [ 99.6942, 19.3578 ], [ 99.6979, 19.378 ], [ 99.6847, 19.4204 ], [ 99.7081, 19.4235 ], [ 99.716, 19.4178 ], [ 99.7881, 19.4486 ], [ 99.8656, 19.444 ], [ 99.8777, 19.4538 ], [ 99.9013, 19.4241 ], [ 99.9163, 19.4309 ], [ 99.9233, 19.4048 ], [ 99.9509, 19.4268 ], [ 99.9942, 19.4274 ], [ 100.0, 19.4337 ], [ 100.0122, 19.4243 ], [ 100.0119, 19.4373 ], [ 100.0483, 19.4406 ], [ 100.0677, 19.4552 ], [ 100.0693, 19.519 ], [ 100.062, 19.5244 ], [ 100.0766, 19.5446 ], [ 100.1614, 19.5616 ], [ 100.1678, 19.5852 ], [ 100.1841, 19.5857 ], [ 100.2159, 19.6076 ], [ 100.2382, 19.6063 ], [ 100.2626, 19.6466 ], [ 100.2699, 19.6398 ], [ 100.2824, 19.6501 ], [ 100.2853, 19.6418 ], [ 100.3185, 19.6468 ], [ 100.3356, 19.6818 ], [ 100.3606, 19.6871 ], [ 100.4086, 19.7339 ], [ 100.4392, 19.7177 ], [ 100.4441, 19.7058 ], [ 100.4299, 19.6713 ], [ 100.4434, 19.6628 ], [ 100.4448, 19.6333 ], [ 100.476, 19.6117 ], [ 100.4882, 19.5937 ], [ 100.4853, 19.548 ], [ 100.4726, 19.5289 ], [ 100.4814, 19.4882 ], [ 100.5085, 19.4858 ], [ 100.5307, 19.494 ], [ 100.5704, 19.4815 ], [ 100.583, 19.4843 ], [ 100.5904, 19.473 ], [ 100.5675, 19.453 ], [ 100.5666, 19.434 ], [ 100.5198, 19.3972 ], [ 100.5378, 19.3685 ], [ 100.536, 19.3525 ], [ 100.5624, 19.3366 ], [ 100.5658, 19.3073 ], [ 100.6133, 19.3094 ], [ 100.6023, 19.2493 ], [ 100.6185, 19.2245 ], [ 100.6198, 19.1807 ], [ 100.6489, 19.1168 ], [ 100.6298, 19.0982 ], [ 100.6032, 19.1028 ], [ 100.5867, 19.0941 ], [ 100.5753, 19.103 ], [ 100.5656, 19.0732 ], [ 100.6212, 19.0315 ], [ 100.6067, 19.0185 ], [ 100.5689, 19.0275 ], [ 100.5595, 19.0417 ], [ 100.5402, 19.0445 ], [ 100.5479, 18.9952 ], [ 100.5235, 18.9983 ], [ 100.5067, 18.9878 ], [ 100.5046, 19.0048 ], [ 100.5165, 19.0225 ], [ 100.4929, 19.0363 ], [ 100.4951, 19.0506 ], [ 100.4611, 19.0521 ], [ 100.4296, 18.9835 ], [ 100.4205, 18.9799 ], [ 100.43, 18.953 ], [ 100.4077, 18.9434 ], [ 100.4092, 18.9336 ], [ 100.3929, 18.9249 ], [ 100.39, 18.8921 ], [ 100.3686, 18.87 ], [ 100.3653, 18.8462 ], [ 100.3416, 18.824 ], [ 100.3469, 18.812 ], [ 100.3419, 18.8035 ], [ 100.3398, 18.8116 ], [ 100.3131, 18.809 ], [ 100.3046, 18.8166 ], [ 100.2283, 18.8235 ], [ 100.1979, 18.8124 ], [ 100.1872, 18.8288 ], [ 100.1736, 18.8227 ], [ 100.161, 18.8324 ], [ 100.1358, 18.8154 ], [ 100.1194, 18.8176 ], [ 100.1129, 18.8063 ], [ 100.09, 18.8256 ], [ 100.0685, 18.8153 ], [ 100.0635, 18.8326 ], [ 100.072, 18.8635 ], [ 100.0355, 18.9003 ], [ 100.0183, 18.8943 ], [ 99.9763, 18.9176 ], [ 99.9475, 18.9401 ], [ 99.9283, 18.9771 ], [ 99.9126, 18.9862 ], [ 99.9082, 18.981 ], [ 99.8913, 18.9862 ], [ 99.885, 18.9978 ] ] ] ] } },
{ "type": "Feature", "properties": { "jurisdiction": "Phetchabun", "total_segments": 242, "flagged_segments": 3, "mean_sss": 46.6, "flagged_pct": 1.2 }, "geometry": { "type": "MultiPolygon", "coordinates": [ [ [ [ 100.9512, 15.442 ], [ 100.8966, 15.4738 ], [ 100.854, 15.4703 ], [ 100.8396, 15.48 ], [ 100.8261, 15.4789 ], [ 100.81, 15.4878 ], [ 100.7917, 15.5229 ], [ 100.7602, 15.5238 ], [ 100.7928, 15.5365 ], [ 100.814, 15.5679 ], [ 100.819, 15.5841 ], [ 100.8101, 15.5944 ], [ 100.8269, 15.612 ], [ 100.8201, 15.628 ], [ 100.8285, 15.6745 ], [ 100.8469, 15.6854 ], [ 100.8494, 15.7004 ], [ 100.8204, 15.7116 ], [ 100.8204, 15.7521 ], [ 100.7985, 15.8242 ], [ 100.8106, 15.8441 ], [ 100.8123, 15.8791 ], [ 100.7752, 15.8969 ], [ 100.7653, 15.91 ], [ 100.785, 15.9935 ], [ 100.7672, 16.0018 ], [ 100.7634, 16.0116 ], [ 100.7536, 16.01 ], [ 100.7278, 16.0254 ], [ 100.6578, 16.0463 ], [ 100.6378, 16.0441 ], [ 100.645, 16.0504 ], [ 100.6564, 16.1042 ], [ 100.6551, 16.1254 ], [ 100.6455, 16.1374 ], [ 100.7225, 16.2526 ], [ 100.7145, 16.2646 ], [ 100.6954, 16.2483 ], [ 100.6818, 16.2486 ], [ 100.6657, 16.2818 ], [ 100.652, 16.2929 ], [ 100.6503, 16.3247 ], [ 100.6623, 16.3316 ], [ 100.6791, 16.3616 ], [ 100.704, 16.3723 ], [ 100.7087, 16.4176 ], [ 100.7635, 16.4291 ], [ 100.7729, 16.4238 ], [ 100.7891, 16.4471 ], [ 100.8074, 16.4475 ], [ 100.7955, 16.4708 ], [ 100.818, 16.481 ], [ 100.8158, 16.4929 ], [ 100.8346, 16.503 ], [ 100.8381, 16.5204 ], [ 100.8502, 16.5216 ], [ 100.849, 16.539 ], [ 100.8593, 16.5449 ], [ 100.849, 16.5901 ], [ 100.8666, 16.6417 ], [ 100.8923, 16.667 ], [ 100.9247, 16.6636 ], [ 100.9335, 16.6786 ], [ 100.9436, 16.6784 ], [ 100.9318, 16.6833 ], [ 100.9344, 16.6938 ], [ 100.9248, 16.702 ], [ 100.9322, 16.7169 ], [ 100.9155, 16.7298 ], [ 100.921, 16.7552 ], [ 100.9024, 16.7587 ], [ 100.8978, 16.7697 ], [ 100.9072, 16.7797 ], [ 100.9047, 16.7972 ], [ 100.9208, 16.7898 ], [ 100.9575, 16.7931 ], [ 100.9563, 16.8222 ], [ 100.981, 16.828 ], [ 100.9749, 16.8392 ], [ 100.9826, 16.847 ], [ 101.0134, 16.8561 ], [ 101.0268, 16.869 ], [ 101.0329, 16.8909 ], [ 101.049, 16.9035 ], [ 101.0762, 16.9032 ], [ 101.0953, 16.8919 ], [ 101.1051, 16.8968 ], [ 101.1168, 16.9348 ], [ 101.1113, 16.9988 ], [ 101.1166, 17.0164 ], [ 101.1711, 17.0394 ], [ 101.1721, 17.0522 ], [ 101.2021, 17.0899 ], [ 101.2008, 17.1198 ], [ 101.2251, 17.1309 ], [ 101.2618, 17.0884 ], [ 101.2798, 17.0935 ], [ 101.2831, 17.0824 ], [ 101.3124, 17.092 ], [ 101.3305, 17.0704 ], [ 101.3432, 17.0856 ], [ 101.3747, 17.0883 ], [ 101.3881, 17.0786 ], [ 101.4052, 17.0923 ], [ 101.4351, 17.071 ], [ 101.4611, 17.0927 ], [ 101.4721, 17.0911 ], [ 101.4814, 17.0715 ], [ 101.4885, 17.0748 ], [ 101.5107, 17.0561 ], [ 101.5332, 17.052 ], [ 101.5363, 17.0209 ], [ 101.5494, 16.9977 ], [ 101.5761, 16.9831 ], [ 101.6103, 16.9989 ], [ 101.6308, 17.0432 ], [ 101.6508, 17.0385 ], [ 101.6467, 17.028 ], [ 101.6772, 16.9747 ], [ 101.6733, 16.9507 ], [ 101.6797, 16.9363 ], [ 101.6908, 16.934 ], [ 101.6793, 16.8589 ], [ 101.7226, 16.8047 ], [ 101.7201, 16.7971 ], [ 101.7023, 16.8061 ], [ 101.6877, 16.7954 ], [ 101.7281, 16.7507 ], [ 101.7887, 16.7613 ], [ 101.7895, 16.7484 ], [ 101.7801, 16.7375 ], [ 101.7895, 16.7207 ], [ 101.778, 16.7088 ], [ 101.7683, 16.6779 ], [ 101.7525, 16.6751 ], [ 101.7533, 16.6668 ], [ 101.728, 16.6498 ], [ 101.6959, 16.6819 ], [ 101.6577, 16.6869 ], [ 101.6354, 16.6791 ], [ 101.6194, 16.6853 ], [ 101.6063, 16.7062 ], [ 101.5949, 16.7073 ], [ 101.5873, 16.7235 ], [ 101.5556, 16.7287 ], [ 101.5558, 16.7118 ], [ 101.579, 16.6707 ], [ 101.5734, 16.6475 ], [ 101.5632, 16.6478 ], [ 101.5502, 16.6664 ], [ 101.5401, 16.6641 ], [ 101.5287, 16.6776 ], [ 101.5126, 16.6779 ], [ 101.5109, 16.6547 ], [ 101.5278, 16.6183 ], [ 101.5019, 16.6082 ], [ 101.4979, 16.5694 ], [ 101.5207, 16.5468 ], [ 101.4855, 16.5234 ], [ 101.4743, 16.5272 ], [ 101.4651, 16.5 ], [ 101.4748, 16.477 ], [ 101.4524, 16.4539 ], [ 101.4493, 16.4355 ], [ 101.429, 16.4255 ], [ 101.4223, 16.4073 ], [ 101.4039, 16.396 ], [ 101.4137, 16.3872 ], [ 101.4127, 16.3763 ], [ 101.3864, 16.354 ], [ 101.3838, 16.3127 ], [ 101.3724, 16.2887 ], [ 101.3763, 16.2681 ], [ 101.3533, 16.2519 ], [ 101.3772, 16.2397 ], [ 101.3734, 16.2191 ], [ 101.3833, 16.1871 ], [ 101.3649, 16.1831 ], [ 101.343, 16.1509 ], [ 101.3244, 16.0393 ], [ 101.3422, 16.0113 ], [ 101.3428, 15.9837 ], [ 101.359, 15.9611 ], [ 101.3755, 15.9658 ], [ 101.3624, 15.9226 ], [ 101.3762, 15.9178 ], [ 101.354, 15.8873 ], [ 101.3329, 15.8789 ], [ 101.3257, 15.8307 ], [ 101.333, 15.8267 ], [ 101.3321, 15.8013 ], [ 101.3182, 15.7879 ], [ 101.3299, 15.7833 ], [ 101.3397, 15.7664 ], [ 101.3368, 15.7536 ], [ 101.3851, 15.7351 ], [ 101.3937, 15.7435 ], [ 101.4078, 15.7345 ], [ 101.3719, 15.5779 ], [ 101.312, 15.5719 ], [ 101.3044, 15.5421 ], [ 101.2903, 15.5328 ], [ 101.2906, 15.5252 ], [ 101.3055, 15.5175 ], [ 101.3081, 15.4713 ], [ 101.2994, 15.4543 ], [ 101.3089, 15.4333 ], [ 101.3066, 15.3866 ], [ 101.2774, 15.3604 ], [ 101.2253, 15.3413 ], [ 101.2061, 15.3186 ], [ 101.1909, 15.3283 ], [ 101.1363, 15.3248 ], [ 101.1067, 15.3356 ], [ 101.0929, 15.3506 ], [ 101.0709, 15.3361 ], [ 101.0243, 15.3376 ], [ 101.0101, 15.3633 ], [ 100.978, 15.3855 ], [ 100.9797, 15.4118 ], [ 100.9612, 15.4194 ], [ 100.9512, 15.442 ] ] ] ] } },
{ "type": "Feature", "properties": { "jurisdiction": "Phetchaburi", "total_segments": 105, "flagged_segments": 0, "mean_sss": 51.9, "flagged_pct": 0.0 }, "geometry": { "type": "MultiPolygon", "coordinates": [ [ [ [ 100.0238, 12.8885 ], [ 99.9664, 12.7408 ], [ 99.9556, 12.6326 ], [ 99.9259, 12.63 ], [ 99.9229, 12.6231 ], [ 99.9056, 12.6356 ], [ 99.8835, 12.6206 ], [ 99.8261, 12.6296 ], [ 99.7596, 12.5826 ], [ 99.7484, 12.6069 ], [ 99.7502, 12.6281 ], [ 99.738, 12.6234 ], [ 99.7386, 12.6339 ], [ 99.7181, 12.65 ], [ 99.6932, 12.6507 ], [ 99.6463, 12.636 ], [ 99.6289, 12.6524 ], [ 99.6198, 12.6512 ], [ 99.614, 12.6146 ], [ 99.6289, 12.5934 ], [ 99.6181, 12.54 ], [ 99.5943, 12.5477 ], [ 99.5788, 12.5785 ], [ 99.5405, 12.5771 ], [ 99.5218, 12.5607 ], [ 99.4887, 12.59 ], [ 99.4411, 12.5809 ], [ 99.4127, 12.615 ], [ 99.3796, 12.615 ], [ 99.3664, 12.6244 ], [ 99.3663, 12.6336 ], [ 99.3454, 12.6401 ], [ 99.339, 12.6611 ], [ 99.2961, 12.6771 ], [ 99.3011, 12.6883 ], [ 99.2906, 12.6982 ], [ 99.2906, 12.7148 ], [ 99.2795, 12.7162 ], [ 99.2705, 12.7283 ], [ 99.2454, 12.7189 ], [ 99.2287, 12.7424 ], [ 99.2354, 12.7769 ], [ 99.223, 12.8227 ], [ 99.1867, 12.8492 ], [ 99.1835, 12.9098 ], [ 99.1634, 12.9265 ], [ 99.1731, 12.9424 ], [ 99.1958, 12.9555 ], [ 99.1876, 12.977 ], [ 99.1955, 12.9899 ], [ 99.1814, 12.9927 ], [ 99.1713, 13.014 ], [ 99.1461, 13.0326 ], [ 99.1251, 13.0376 ], [ 99.1, 13.0729 ], [ 99.105, 13.0837 ], [ 99.1317, 13.0963 ], [ 99.1285, 13.1145 ], [ 99.1367, 13.1332 ], [ 99.1306, 13.1412 ], [ 99.1377, 13.1507 ], [ 99.1346, 13.1638 ], [ 99.1176, 13.1734 ], [ 99.124, 13.1939 ], [ 99.1559, 13.2076 ], [ 99.1842, 13.1914 ], [ 99.1993, 13.1928 ], [ 99.21, 13.206 ], [ 99.2282, 13.2019 ], [ 99.272, 13.1477 ], [ 99.3246, 13.1763 ], [ 99.3188, 13.2013 ], [ 99.3239, 13.219 ], [ 99.335, 13.2209 ], [ 99.3512, 13.2413 ], [ 99.3592, 13.2309 ], [ 99.3678, 13.2323 ], [ 99.3742, 13.2172 ], [ 99.3992, 13.2159 ], [ 99.415, 13.1964 ], [ 99.4281, 13.1967 ], [ 99.4411, 13.1833 ], [ 99.4609, 13.1814 ], [ 99.4785, 13.1996 ], [ 99.5078, 13.1794 ], [ 99.5224, 13.209 ], [ 99.5778, 13.1962 ], [ 99.6027, 13.2045 ], [ 99.6363, 13.2011 ], [ 99.6404, 13.2101 ], [ 99.6645, 13.2136 ], [ 99.6658, 13.285 ], [ 99.6852, 13.2913 ], [ 99.7001, 13.3164 ], [ 99.7587, 13.343 ], [ 99.8034, 13.329 ], [ 99.8103, 13.3393 ], [ 99.8217, 13.3397 ], [ 99.8573, 13.3278 ], [ 99.8601, 13.2449 ], [ 99.8777, 13.2504 ], [ 99.885, 13.2456 ], [ 99.8829, 13.2587 ], [ 99.8942, 13.2643 ], [ 99.8965, 13.2861 ], [ 99.9264, 13.2799 ], [ 99.9531, 13.2954 ], [ 99.9422, 13.2658 ], [ 99.9861, 13.235 ], [ 100.0197, 13.185 ], [ 100.0672, 13.1569 ], [ 100.0672, 13.0803 ], [ 100.0839, 13.0617 ], [ 100.1039, 13.0572 ], [ 100.0392, 12.9639 ], [ 100.0238, 12.8885 ] ] ] ] } },
{ "type": "Feature", "properties": { "jurisdiction": "Phichit", "total_segments": 170, "flagged_segments": 4, "mean_sss": 54.1, "flagged_pct": 2.4 }, "geometry": { "type": "MultiPolygon", "coordinates": [ [ [ [ 100.4622, 15.9261 ], [ 100.3319, 15.9386 ], [ 100.3475, 15.9729 ], [ 100.3247, 15.9857 ], [ 100.3253, 15.9681 ], [ 100.2688, 15.9386 ], [ 100.261, 15.958 ], [ 100.2427, 15.9594 ], [ 100.2279, 15.9194 ], [ 100.204, 15.9333 ], [ 100.1767, 15.926 ], [ 100.177, 15.947 ], [ 100.1621, 15.9597 ], [ 100.1627, 15.9792 ], [ 100.1497, 15.9881 ], [ 100.1326, 16.0183 ], [ 100.132, 16.035 ], [ 100.1176, 16.0466 ], [ 100.1151, 16.0792 ], [ 100.0792, 16.125 ], [ 100.0941, 16.1557 ], [ 100.0809, 16.1713 ], [ 100.0536, 16.1766 ], [ 100.0469, 16.1902 ], [ 100.0348, 16.1947 ], [ 100.0566, 16.2276 ], [ 100.0232, 16.2482 ], [ 100.0318, 16.2751 ], [ 100.0213, 16.2795 ], [ 100.0105, 16.2726 ], [ 100.0088, 16.2847 ], [ 100.0011, 16.2873 ], [ 100.0288, 16.3296 ], [ 100.0231, 16.3366 ], [ 100.0063, 16.3351 ], [ 99.9845, 16.3769 ], [ 99.9961, 16.4054 ], [ 99.9966, 16.439 ], [ 100.0359, 16.5002 ], [ 100.0148, 16.5732 ], [ 100.0361, 16.5817 ], [ 100.0506, 16.5709 ], [ 100.0832, 16.5776 ], [ 100.0905, 16.5861 ], [ 100.0871, 16.596 ], [ 100.0994, 16.6036 ], [ 100.1167, 16.5995 ], [ 100.1183, 16.6066 ], [ 100.1317, 16.6063 ], [ 100.1574, 16.5918 ], [ 100.192, 16.6016 ], [ 100.2049, 16.6229 ], [ 100.192, 16.6314 ], [ 100.2178, 16.6457 ], [ 100.2339, 16.621 ], [ 100.2363, 16.5273 ], [ 100.2664, 16.5362 ], [ 100.3226, 16.5227 ], [ 100.3789, 16.5448 ], [ 100.3765, 16.5351 ], [ 100.396, 16.5177 ], [ 100.406, 16.5251 ], [ 100.4256, 16.5071 ], [ 100.47, 16.519 ], [ 100.4843, 16.5359 ], [ 100.4847, 16.5494 ], [ 100.5067, 16.5607 ], [ 100.5114, 16.5726 ], [ 100.5199, 16.5668 ], [ 100.5287, 16.5759 ], [ 100.5853, 16.5933 ], [ 100.5981, 16.5834 ], [ 100.5976, 16.5302 ], [ 100.5832, 16.5184 ], [ 100.5843, 16.4709 ], [ 100.5967, 16.465 ], [ 100.5919, 16.4582 ], [ 100.6031, 16.382 ], [ 100.6251, 16.3626 ], [ 100.6121, 16.3077 ], [ 100.6503, 16.3247 ], [ 100.652, 16.2929 ], [ 100.6657, 16.2818 ], [ 100.6818, 16.2486 ], [ 100.6954, 16.2483 ], [ 100.7145, 16.2646 ], [ 100.7225, 16.2526 ], [ 100.6455, 16.1374 ], [ 100.6551, 16.1254 ], [ 100.6564, 16.1042 ], [ 100.645, 16.0504 ], [ 100.6378, 16.0441 ], [ 100.6578, 16.0463 ], [ 100.7278, 16.0254 ], [ 100.7536, 16.01 ], [ 100.7634, 16.0116 ], [ 100.7716, 15.9985 ], [ 100.7313, 15.9874 ], [ 100.7094, 15.9952 ], [ 100.6614, 15.9891 ], [ 100.6278, 15.9776 ], [ 100.5838, 15.9601 ], [ 100.5268, 15.9113 ], [ 100.5213, 15.9148 ], [ 100.5361, 15.9327 ], [ 100.5322, 15.94 ], [ 100.5082, 15.9301 ], [ 100.4622, 15.9261 ] ] ] ] } },
{ "type": "Feature", "properties": { "jurisdiction": "Phitsanulok", "total_segments": 174, "flagged_segments": 1, "mean_sss": 55.4, "flagged_pct": 0.6 }, "geometry": { "type": "MultiPolygon", "coordinates": [ [ [ [ 100.2676, 16.5361 ], [ 100.2348, 16.5293 ], [ 100.2339, 16.621 ], [ 100.2178, 16.6457 ], [ 100.192, 16.6314 ], [ 100.2049, 16.6229 ], [ 100.192, 16.6016 ], [ 100.1574, 16.5918 ], [ 100.1317, 16.6063 ], [ 100.1183, 16.6066 ], [ 100.1161, 16.5993 ], [ 100.0994, 16.6036 ], [ 100.0871, 16.596 ], [ 100.0905, 16.5861 ], [ 100.0832, 16.5776 ], [ 100.0584, 16.5717 ], [ 100.0361, 16.5817 ], [ 100.0163, 16.5728 ], [ 100.0175, 16.5799 ], [ 100.0081, 16.5839 ], [ 99.9613, 16.5709 ], [ 99.9504, 16.5883 ], [ 99.9118, 16.6056 ], [ 99.907, 16.6664 ], [ 99.8973, 16.6949 ], [ 99.9007, 16.7209 ], [ 99.8611, 16.726 ], [ 99.8577, 16.7349 ], [ 99.8696, 16.7576 ], [ 99.8781, 16.7665 ], [ 99.9245, 16.764 ], [ 99.9121, 16.8023 ], [ 99.9429, 16.8248 ], [ 99.9531, 16.8573 ], [ 99.9913, 16.8664 ], [ 100.0027, 16.859 ], [ 99.9995, 16.8522 ], [ 100.0183, 16.8521 ], [ 100.0229, 16.8606 ], [ 100.017, 16.8689 ], [ 100.0091, 16.866 ], [ 100.0095, 16.8889 ], [ 100.0879, 16.8901 ], [ 100.1002, 16.9004 ], [ 100.1026, 16.9157 ], [ 100.112, 16.9163 ], [ 100.1069, 16.9669 ], [ 100.0995, 16.9717 ], [ 100.1096, 16.9738 ], [ 100.1016, 16.976 ], [ 100.0959, 16.9932 ], [ 100.0786, 16.9932 ], [ 100.0813, 17.0011 ], [ 100.0707, 17.0096 ], [ 100.049, 17.0099 ], [ 100.0177, 17.031 ], [ 100.0082, 17.0541 ], [ 99.9988, 17.0568 ], [ 99.9952, 17.0779 ], [ 99.9856, 17.0813 ], [ 99.9668, 17.0691 ], [ 99.9509, 17.0787 ], [ 99.9511, 17.1127 ], [ 99.9645, 17.1245 ], [ 99.9547, 17.1654 ], [ 99.9735, 17.1632 ], [ 99.993, 17.1738 ], [ 99.9981, 17.1853 ], [ 100.0318, 17.1625 ], [ 100.0385, 17.1784 ], [ 100.074, 17.1791 ], [ 100.1075, 17.1976 ], [ 100.1594, 17.2102 ], [ 100.1769, 17.1889 ], [ 100.1897, 17.1914 ], [ 100.2543, 17.2426 ], [ 100.2389, 17.3151 ], [ 100.2449, 17.3503 ], [ 100.3055, 17.3777 ], [ 100.326, 17.3673 ], [ 100.3309, 17.385 ], [ 100.369, 17.387 ], [ 100.423, 17.4108 ], [ 100.4285, 17.4198 ], [ 100.4856, 17.4164 ], [ 100.5026, 17.4268 ], [ 100.5158, 17.4023 ], [ 100.5321, 17.4154 ], [ 100.5995, 17.4214 ], [ 100.6155, 17.4637 ], [ 100.6469, 17.4721 ], [ 100.6443, 17.492 ], [ 100.6715, 17.4993 ], [ 100.7044, 17.528 ], [ 100.7402, 17.5395 ], [ 100.7758, 17.5819 ], [ 100.7777, 17.5987 ], [ 100.8039, 17.6367 ], [ 100.8459, 17.6532 ], [ 100.8764, 17.7096 ], [ 100.9063, 17.7134 ], [ 100.9108, 17.6998 ], [ 100.9264, 17.6944 ], [ 100.9565, 17.6986 ], [ 100.9784, 17.7138 ], [ 100.9902, 17.7416 ], [ 101.0074, 17.724 ], [ 101.0014, 17.6974 ], [ 101.0108, 17.6981 ], [ 100.9936, 17.6729 ], [ 100.9965, 17.6403 ], [ 100.989, 17.6097 ], [ 100.9586, 17.5706 ], [ 100.9296, 17.5678 ], [ 100.9051, 17.5916 ], [ 100.8825, 17.5829 ], [ 100.8628, 17.5457 ], [ 100.8746, 17.5276 ], [ 100.8455, 17.5004 ], [ 100.836, 17.4658 ], [ 100.8586, 17.4493 ], [ 100.8777, 17.4481 ], [ 100.8958, 17.4626 ], [ 100.9173, 17.4491 ], [ 100.9163, 17.4325 ], [ 100.9256, 17.4173 ], [ 100.9146, 17.3751 ], [ 100.917, 17.34 ], [ 100.9562, 17.3324 ], [ 100.9933, 17.3388 ], [ 101.0071, 17.3322 ], [ 101.0132, 17.3124 ], [ 101.0283, 17.3078 ], [ 101.0511, 17.2812 ], [ 101.0843, 17.2782 ], [ 101.1105, 17.2339 ], [ 101.1091, 17.2149 ], [ 101.0784, 17.1768 ], [ 101.0799, 17.1378 ], [ 101.0709, 17.1147 ], [ 101.0639, 17.1131 ], [ 101.0615, 17.0849 ], [ 101.052, 17.0777 ], [ 101.0596, 17.0272 ], [ 101.0417, 16.9886 ], [ 101.0521, 16.9574 ], [ 101.0284, 16.9438 ], [ 101.0352, 16.9304 ], [ 101.0652, 16.9272 ], [ 101.0742, 16.9186 ], [ 101.0704, 16.9027 ], [ 101.049, 16.9035 ], [ 101.0329, 16.8909 ], [ 101.0268, 16.869 ], [ 101.0134, 16.8561 ], [ 100.9826, 16.847 ], [ 100.9749, 16.8392 ], [ 100.981, 16.828 ], [ 100.9563, 16.8222 ], [ 100.9575, 16.7931 ], [ 100.9208, 16.7898 ], [ 100.9047, 16.7972 ], [ 100.9072, 16.7797 ], [ 100.8978, 16.7697 ], [ 100.9024, 16.7587 ], [ 100.921, 16.7552 ], [ 100.9155, 16.7298 ], [ 100.9322, 16.7169 ], [ 100.9248, 16.702 ], [ 100.9344, 16.6938 ], [ 100.9318, 16.6833 ], [ 100.9436, 16.6784 ], [ 100.9335, 16.6786 ], [ 100.9247, 16.6636 ], [ 100.8923, 16.667 ], [ 100.8666, 16.6417 ], [ 100.849, 16.5901 ], [ 100.8593, 16.5449 ], [ 100.849, 16.539 ], [ 100.8502, 16.5216 ], [ 100.8381, 16.5204 ], [ 100.8346, 16.503 ], [ 100.8158, 16.4929 ], [ 100.818, 16.481 ], [ 100.7955, 16.4708 ], [ 100.8074, 16.4475 ], [ 100.7891, 16.4471 ], [ 100.7729, 16.4238 ], [ 100.7635, 16.4291 ], [ 100.7087, 16.4176 ], [ 100.704, 16.3723 ], [ 100.6791, 16.3616 ], [ 100.6597, 16.3295 ], [ 100.6124, 16.3072 ], [ 100.6252, 16.3617 ], [ 100.6031, 16.382 ], [ 100.5919, 16.4582 ], [ 100.5967, 16.465 ], [ 100.5843, 16.4709 ], [ 100.5832, 16.5184 ], [ 100.5971, 16.5289 ], [ 100.5999, 16.5576 ], [ 100.5992, 16.581 ], [ 100.5897, 16.5927 ], [ 100.5287, 16.5759 ], [ 100.5199, 16.5668 ], [ 100.5114, 16.5726 ], [ 100.5067, 16.5607 ], [ 100.4847, 16.5494 ], [ 100.4843, 16.5359 ], [ 100.47, 16.519 ], [ 100.4256, 16.5071 ], [ 100.406, 16.5251 ], [ 100.396, 16.5177 ], [ 100.3765, 16.5351 ], [ 100.3789, 16.5448 ], [ 100.3226, 16.5227 ], [ 100.2676, 16.5361 ] ] ], [ [ [ 100.9685, 17.5735 ], [ 100.9682, 17.5696 ], [ 100.9634, 17.5727 ], [ 100.9685, 17.5735 ] ] ] ] } },
{ "type": "Feature", "properties": { "jurisdiction": "PhraNakhonSiAyutthaya", "total_segments": 192, "flagged_segments": 4, "mean_sss": 51.7, "flagged_pct": 2.1 }, "geometry": { "type": "MultiPolygon", "coordinates": [ [ [ [ 100.2853, 14.1666 ], [ 100.2475, 14.1731 ], [ 100.2432, 14.2086 ], [ 100.2437, 14.2835 ], [ 100.2684, 14.3244 ], [ 100.2681, 14.3818 ], [ 100.2823, 14.4019 ], [ 100.274, 14.428 ], [ 100.2494, 14.4355 ], [ 100.2452, 14.4594 ], [ 100.2588, 14.4895 ], [ 100.2791, 14.4858 ], [ 100.2896, 14.4965 ], [ 100.3216, 14.4877 ], [ 100.41, 14.509 ], [ 100.4192, 14.4787 ], [ 100.4189, 14.4432 ], [ 100.438, 14.446 ], [ 100.4431, 14.4362 ], [ 100.4613, 14.4377 ], [ 100.5009, 14.4591 ], [ 100.5014, 14.5012 ], [ 100.4924, 14.5117 ], [ 100.4985, 14.5243 ], [ 100.4921, 14.5497 ], [ 100.4793, 14.5644 ], [ 100.493, 14.5794 ], [ 100.4926, 14.6077 ], [ 100.5041, 14.6288 ], [ 100.4982, 14.6529 ], [ 100.511, 14.673 ], [ 100.5156, 14.6603 ], [ 100.5501, 14.6709 ], [ 100.5546, 14.6598 ], [ 100.5836, 14.664 ], [ 100.6039, 14.6537 ], [ 100.5863, 14.6309 ], [ 100.5766, 14.596 ], [ 100.6046, 14.5766 ], [ 100.6055, 14.5529 ], [ 100.6699, 14.5524 ], [ 100.6756, 14.5802 ], [ 100.6921, 14.5828 ], [ 100.702, 14.5725 ], [ 100.7162, 14.5791 ], [ 100.7174, 14.5703 ], [ 100.7312, 14.5701 ], [ 100.7314, 14.5804 ], [ 100.7432, 14.5687 ], [ 100.7839, 14.5665 ], [ 100.7767, 14.5497 ], [ 100.7805, 14.5304 ], [ 100.7494, 14.5164 ], [ 100.7617, 14.4934 ], [ 100.7727, 14.4922 ], [ 100.766, 14.4828 ], [ 100.7737, 14.4819 ], [ 100.7674, 14.4766 ], [ 100.7712, 14.4634 ], [ 100.7626, 14.4503 ], [ 100.7694, 14.4208 ], [ 100.7607, 14.4126 ], [ 100.7807, 14.4089 ], [ 100.7826, 14.397 ], [ 100.798, 14.3892 ], [ 100.7864, 14.378 ], [ 100.7936, 14.3617 ], [ 100.7739, 14.327 ], [ 100.7887, 14.3215 ], [ 100.8244, 14.3263 ], [ 100.8253, 14.2426 ], [ 100.6231, 14.1425 ], [ 100.6189, 14.1279 ], [ 100.6035, 14.1333 ], [ 100.5542, 14.1117 ], [ 100.5175, 14.1269 ], [ 100.4788, 14.1101 ], [ 100.3483, 14.1127 ], [ 100.3364, 14.1262 ], [ 100.3001, 14.1392 ], [ 100.2808, 14.1243 ], [ 100.2853, 14.1666 ] ] ] ] } },
{ "type": "Feature", "properties": { "jurisdiction": "Phrae", "total_segments": 93, "flagged_segments": 4, "mean_sss": 54.5, "flagged_pct": 4.3 }, "geometry": { "type": "MultiPolygon", "coordinates": [ [ [ [ 99.4326, 17.857 ], [ 99.477, 17.8927 ], [ 99.4847, 17.9188 ], [ 99.5088, 17.9418 ], [ 99.5591, 17.9719 ], [ 99.5659, 17.9893 ], [ 99.5952, 18.0063 ], [ 99.5883, 18.0344 ], [ 99.6203, 18.0469 ], [ 99.634, 18.0608 ], [ 99.6519, 18.0548 ], [ 99.6591, 18.0384 ], [ 99.6709, 18.0403 ], [ 99.6934, 18.0543 ], [ 99.6913, 18.0628 ], [ 99.7208, 18.0678 ], [ 99.7407, 18.1069 ], [ 99.7624, 18.1203 ], [ 99.7553, 18.1393 ], [ 99.8005, 18.1983 ], [ 99.8028, 18.2133 ], [ 99.8521, 18.2543 ], [ 99.8595, 18.2821 ], [ 99.909, 18.2791 ], [ 99.9379, 18.3267 ], [ 99.9409, 18.3492 ], [ 99.9523, 18.354 ], [ 99.9564, 18.3739 ], [ 99.9703, 18.3831 ], [ 99.9677, 18.3918 ], [ 99.9878, 18.39 ], [ 100.0073, 18.4083 ], [ 100.0157, 18.4353 ], [ 100.0058, 18.4432 ], [ 100.0229, 18.446 ], [ 100.0257, 18.4677 ], [ 100.0508, 18.4954 ], [ 100.0576, 18.5154 ], [ 100.0507, 18.5293 ], [ 100.0572, 18.5554 ], [ 100.0775, 18.5589 ], [ 100.0923, 18.5711 ], [ 100.1085, 18.5581 ], [ 100.1118, 18.5881 ], [ 100.1218, 18.599 ], [ 100.1014, 18.6275 ], [ 100.113, 18.6697 ], [ 100.0984, 18.7275 ], [ 100.1028, 18.7495 ], [ 100.1273, 18.7826 ], [ 100.1171, 18.7985 ], [ 100.1194, 18.8176 ], [ 100.1358, 18.8154 ], [ 100.161, 18.8324 ], [ 100.1736, 18.8227 ], [ 100.1872, 18.8288 ], [ 100.1979, 18.8124 ], [ 100.2283, 18.8235 ], [ 100.3046, 18.8166 ], [ 100.3131, 18.809 ], [ 100.3405, 18.8111 ], [ 100.3389, 18.7855 ], [ 100.3645, 18.7748 ], [ 100.36, 18.7495 ], [ 100.3935, 18.7389 ], [ 100.3902, 18.7252 ], [ 100.3651, 18.7056 ], [ 100.3538, 18.6788 ], [ 100.3637, 18.6425 ], [ 100.3936, 18.6369 ], [ 100.3983, 18.6256 ], [ 100.3833, 18.6205 ], [ 100.3723, 18.5644 ], [ 100.3894, 18.5565 ], [ 100.3976, 18.5253 ], [ 100.3886, 18.5108 ], [ 100.4009, 18.485 ], [ 100.417, 18.4806 ], [ 100.436, 18.4987 ], [ 100.4456, 18.4887 ], [ 100.4492, 18.4945 ], [ 100.4773, 18.4937 ], [ 100.4839, 18.4805 ], [ 100.5081, 18.4715 ], [ 100.5433, 18.4878 ], [ 100.5531, 18.4198 ], [ 100.5384, 18.3889 ], [ 100.5185, 18.3897 ], [ 100.5071, 18.3602 ], [ 100.4829, 18.3484 ], [ 100.4948, 18.3369 ], [ 100.4818, 18.3166 ], [ 100.4848, 18.2903 ], [ 100.4955, 18.2769 ], [ 100.4775, 18.2626 ], [ 100.4557, 18.2128 ], [ 100.4613, 18.1923 ], [ 100.448, 18.157 ], [ 100.4183, 18.1534 ], [ 100.3987, 18.1333 ], [ 100.3974, 18.0845 ], [ 100.4114, 18.0738 ], [ 100.4049, 18.0632 ], [ 100.4185, 18.0267 ], [ 100.4158, 18.0202 ], [ 100.3939, 18.0198 ], [ 100.3518, 17.9816 ], [ 100.3612, 17.9246 ], [ 100.3492, 17.9134 ], [ 100.3431, 17.8919 ], [ 100.3278, 17.89 ], [ 100.3086, 17.9309 ], [ 100.2896, 17.9345 ], [ 100.2815, 17.9559 ], [ 100.2658, 17.9513 ], [ 100.2483, 17.9601 ], [ 100.2273, 17.9473 ], [ 100.2162, 17.919 ], [ 100.1618, 17.8878 ], [ 100.1304, 17.8551 ], [ 100.0592, 17.8318 ], [ 100.047, 17.8458 ], [ 99.9987, 17.8273 ], [ 99.9886, 17.8325 ], [ 99.9948, 17.8104 ], [ 99.9817, 17.7982 ], [ 99.965, 17.7968 ], [ 99.9591, 17.7782 ], [ 99.9385, 17.7811 ], [ 99.899, 17.8054 ], [ 99.8384, 17.7955 ], [ 99.8329, 17.8019 ], [ 99.8084, 17.8014 ], [ 99.7784, 17.7863 ], [ 99.7785, 17.7759 ], [ 99.7524, 17.7513 ], [ 99.7579, 17.7481 ], [ 99.7539, 17.7376 ], [ 99.738, 17.7211 ], [ 99.7266, 17.72 ], [ 99.7112, 17.7372 ], [ 99.7086, 17.7552 ], [ 99.6926, 17.757 ], [ 99.6713, 17.7989 ], [ 99.6513, 17.7942 ], [ 99.6307, 17.8132 ], [ 99.6003, 17.8198 ], [ 99.5448, 17.8087 ], [ 99.5209, 17.7957 ], [ 99.5171, 17.7812 ], [ 99.5001, 17.7726 ], [ 99.483, 17.7432 ], [ 99.4617, 17.7308 ], [ 99.4547, 17.7102 ], [ 99.4182, 17.7042 ], [ 99.4005, 17.7348 ], [ 99.3818, 17.7425 ], [ 99.3867, 17.7537 ], [ 99.3682, 17.772 ], [ 99.3869, 17.7879 ], [ 99.3942, 17.8124 ], [ 99.4139, 17.8236 ], [ 99.4326, 17.857 ] ] ] ] } },
{ "type": "Feature", "properties": { "jurisdiction": "Phuket", "total_segments": 103, "flagged_segments": 0, "mean_sss": 32.4, "flagged_pct": 0.0 }, "geometry": { "type": "MultiPolygon", "coordinates": [ [ [ [ 98.3197, 7.4883 ], [ 98.3084, 7.4693 ], [ 98.3051, 7.4613 ], [ 98.3048, 7.4684 ], [ 98.3197, 7.4883 ] ] ], [ [ [ 98.2985, 7.734 ], [ 98.2962, 7.737 ], [ 98.2987, 7.7372 ], [ 98.2985, 7.734 ] ] ], [ [ [ 98.3041, 7.7452 ], [ 98.2999, 7.7481 ], [ 98.3023, 7.749 ], [ 98.3041, 7.7452 ] ] ], [ [ [ 98.3029, 7.7647 ], [ 98.2977, 7.7645 ], [ 98.3026, 7.7666 ], [ 98.3029, 7.7647 ] ] ], [ [ [ 98.3344, 7.5194 ], [ 98.3309, 7.5042 ], [ 98.3197, 7.4889 ], [ 98.3165, 7.5011 ], [ 98.3344, 7.5194 ] ] ], [ [ [ 98.3794, 7.612 ], [ 98.3636, 7.5879 ], [ 98.3561, 7.5891 ], [ 98.355, 7.6025 ], [ 98.3678, 7.6078 ], [ 98.3638, 7.6143 ], [ 98.3794, 7.612 ] ] ], [ [ [ 98.3642, 7.7461 ], [ 98.3861, 7.7447 ], [ 98.358, 7.7352 ], [ 98.3642, 7.7461 ] ] ], [ [ [ 98.3344, 7.7547 ], [ 98.3297, 7.7574 ], [ 98.3356, 7.7632 ], [ 98.3344, 7.7547 ] ] ], [ [ [ 98.3546, 7.7872 ], [ 98.3828, 7.7938 ], [ 98.3894, 7.7797 ], [ 98.3629, 7.7797 ], [ 98.3546, 7.7872 ] ] ], [ [ [ 98.4106, 7.9313 ], [ 98.4197, 7.8974 ], [ 98.4289, 7.8948 ], [ 98.4316, 7.9108 ], [ 98.4415, 7.9145 ], [ 98.4384, 7.8933 ], [ 98.4451, 7.8835 ], [ 98.431, 7.8771 ], [ 98.4379, 7.8653 ], [ 98.4254, 7.8744 ], [ 98.4169, 7.8692 ], [ 98.4181, 7.8783 ], [ 98.4142, 7.8864 ], [ 98.415, 7.8719 ], [ 98.4098, 7.8775 ], [ 98.3986, 7.8705 ], [ 98.4023, 7.8625 ], [ 98.3933, 7.85 ], [ 98.3977, 7.8393 ], [ 98.4104, 7.8367 ], [ 98.4014, 7.8246 ], [ 98.4123, 7.8009 ], [ 98.3956, 7.8139 ], [ 98.3889, 7.8047 ], [ 98.3779, 7.8372 ], [ 98.3657, 7.8383 ], [ 98.3456, 7.8227 ], [ 98.3336, 7.79 ], [ 98.3379, 7.7776 ], [ 98.3032, 7.7579 ], [ 98.306, 7.7757 ], [ 98.289, 7.7754 ], [ 98.2847, 7.7882 ], [ 98.2989, 7.8054 ], [ 98.2981, 7.8191 ], [ 98.2892, 7.8244 ], [ 98.2905, 7.8563 ], [ 98.2611, 7.8858 ], [ 98.2646, 7.8925 ], [ 98.2892, 7.886 ], [ 98.2966, 7.9056 ], [ 98.2734, 7.9247 ], [ 98.2625, 7.9228 ], [ 98.2581, 7.9357 ], [ 98.2626, 7.949 ], [ 98.2815, 7.9523 ], [ 98.2701, 7.9872 ], [ 98.2866, 7.9858 ], [ 98.2925, 8.0021 ], [ 98.288, 8.0295 ], [ 98.272, 8.038 ], [ 98.2778, 8.0582 ], [ 98.2707, 8.07 ], [ 98.2725, 8.0785 ], [ 98.2966, 8.0884 ], [ 98.3018, 8.1087 ], [ 98.286, 8.1997 ], [ 98.3017, 8.198 ], [ 98.3099, 8.1868 ], [ 98.3092, 8.1833 ], [ 98.3053, 8.1828 ], [ 98.305, 8.1803 ], [ 98.3087, 8.1817 ], [ 98.3138, 8.1871 ], [ 98.3371, 8.1726 ], [ 98.348, 8.1422 ], [ 98.3466, 8.1197 ], [ 98.3542, 8.1233 ], [ 98.3515, 8.1111 ], [ 98.3564, 8.1072 ], [ 98.3551, 8.1125 ], [ 98.3734, 8.119 ], [ 98.3754, 8.0994 ], [ 98.3868, 8.0855 ], [ 98.4059, 8.08 ], [ 98.4252, 8.101 ], [ 98.4398, 8.0927 ], [ 98.4349, 8.0764 ], [ 98.4434, 8.0665 ], [ 98.4312, 8.0585 ], [ 98.4314, 8.0393 ], [ 98.4166, 8.0493 ], [ 98.4215, 8.0425 ], [ 98.4103, 8.0219 ], [ 98.4108, 8.0026 ], [ 98.4267, 7.9875 ], [ 98.4218, 7.983 ], [ 98.4075, 7.99 ], [ 98.3942, 7.9792 ], [ 98.3983, 7.9675 ], [ 98.3939, 7.9608 ], [ 98.3983, 7.9453 ], [ 98.4106, 7.9313 ] ] ], [ [ [ 98.2859, 7.818 ], [ 98.2854, 7.8206 ], [ 98.2877, 7.8206 ], [ 98.2859, 7.818 ] ] ], [ [ [ 98.3994, 7.7664 ], [ 98.3925, 7.7561 ], [ 98.3897, 7.7569 ], [ 98.3994, 7.7664 ] ] ], [ [ [ 98.4145, 7.8312 ], [ 98.4168, 7.824 ], [ 98.4096, 7.8288 ], [ 98.4145, 7.8312 ] ] ], [ [ [ 98.425, 7.8318 ], [ 98.4229, 7.8358 ], [ 98.424, 7.8366 ], [ 98.425, 7.8318 ] ] ], [ [ [ 98.6136, 7.7483 ], [ 98.6145, 7.7443 ], [ 98.6125, 7.7472 ], [ 98.6136, 7.7483 ] ] ], [ [ [ 98.4816, 7.7707 ], [ 98.4806, 7.7607 ], [ 98.4754, 7.7504 ], [ 98.4816, 7.7707 ] ] ], [ [ [ 98.5294, 7.7972 ], [ 98.5314, 7.7986 ], [ 98.5306, 7.7961 ], [ 98.5294, 7.7972 ] ] ], [ [ [ 98.4488, 7.9612 ], [ 98.4494, 7.9515 ], [ 98.4455, 7.9593 ], [ 98.4488, 7.9612 ] ] ], [ [ [ 98.4236, 7.8997 ], [ 98.425, 7.8992 ], [ 98.4233, 7.8986 ], [ 98.4236, 7.8997 ] ] ], [ [ [ 98.4393, 7.9381 ], [ 98.4317, 7.9261 ], [ 98.4158, 7.9293 ], [ 98.414, 7.9374 ], [ 98.4348, 7.946 ], [ 98.4393, 7.9381 ] ] ], [ [ [ 98.4004, 7.9597 ], [ 98.3971, 7.9586 ], [ 98.3963, 7.9603 ], [ 98.4004, 7.9597 ] ] ], [ [ [ 98.4524, 7.9635 ], [ 98.4514, 7.9655 ], [ 98.4532, 7.9664 ], [ 98.4524, 7.9635 ] ] ], [ [ [ 98.4609, 8.0222 ], [ 98.4585, 8.0318 ], [ 98.4597, 8.0326 ], [ 98.4609, 8.0222 ] ] ], [ [ [ 98.4576, 8.06 ], [ 98.4725, 8.0463 ], [ 98.4689, 8.0385 ], [ 98.4576, 8.06 ] ] ], [ [ [ 98.4499, 8.0638 ], [ 98.4442, 8.0575 ], [ 98.4433, 8.0613 ], [ 98.4499, 8.0638 ] ] ], [ [ [ 98.3999, 7.9745 ], [ 98.4002, 7.9725 ], [ 98.3979, 7.9756 ], [ 98.3999, 7.9745 ] ] ], [ [ [ 98.4033, 8.108 ], [ 98.3994, 8.1039 ], [ 98.3987, 8.1051 ], [ 98.4033, 8.108 ] ] ], [ [ [ 98.4232, 8.114 ], [ 98.4236, 8.1183 ], [ 98.4244, 8.1189 ], [ 98.4232, 8.114 ] ] ], [ [ [ 98.4583, 8.0937 ], [ 98.457, 8.0953 ], [ 98.4587, 8.0951 ], [ 98.4583, 8.0937 ] ] ] ] } },
{ "type": "Feature", "properties": { "jurisdiction": "PrachinBuri", "total_segments": 110, "flagged_segments": 4, "mean_sss": 53.6, "flagged_pct": 3.6 }, "geometry": { "type": "MultiPolygon", "coordinates": [ [ [ [ 101.9112, 13.5846 ], [ 101.892, 13.5811 ], [ 101.8723, 13.6046 ], [ 101.8647, 13.6283 ], [ 101.8381, 13.6368 ], [ 101.8383, 13.6965 ], [ 101.8233, 13.7046 ], [ 101.8007, 13.6941 ], [ 101.7919, 13.7202 ], [ 101.7981, 13.7389 ], [ 101.7889, 13.7531 ], [ 101.7906, 13.7682 ], [ 101.7489, 13.8119 ], [ 101.7329, 13.7951 ], [ 101.7017, 13.7902 ], [ 101.6971, 13.7679 ], [ 101.6837, 13.7627 ], [ 101.67, 13.7367 ], [ 101.6426, 13.7457 ], [ 101.5934, 13.7344 ], [ 101.5612, 13.7686 ], [ 101.5538, 13.7943 ], [ 101.5291, 13.7749 ], [ 101.5274, 13.7855 ], [ 101.4901, 13.8021 ], [ 101.4711, 13.8216 ], [ 101.3831, 13.8463 ], [ 101.381, 13.8707 ], [ 101.3698, 13.8622 ], [ 101.3512, 13.8683 ], [ 101.3439, 13.8579 ], [ 101.3371, 13.8684 ], [ 101.2795, 13.8771 ], [ 101.2509, 13.8646 ], [ 101.2456, 13.8761 ], [ 101.2225, 13.8841 ], [ 101.2222, 13.8751 ], [ 101.2023, 13.8768 ], [ 101.1758, 13.8565 ], [ 101.1495, 13.8519 ], [ 101.1617, 13.8611 ], [ 101.1458, 13.8694 ], [ 101.1404, 13.8815 ], [ 101.1444, 13.8861 ], [ 101.1535, 13.8785 ], [ 101.1625, 13.889 ], [ 101.1609, 13.8946 ], [ 101.1519, 13.8874 ], [ 101.1473, 13.8917 ], [ 101.1561, 13.8958 ], [ 101.1533, 13.9104 ], [ 101.1617, 13.931 ], [ 101.1534, 13.9298 ], [ 101.1491, 13.96 ], [ 101.1386, 13.9667 ], [ 101.1406, 13.9997 ], [ 101.147, 13.9956 ], [ 101.1726, 14.0098 ], [ 101.1977, 14.013 ], [ 101.1949, 14.0225 ], [ 101.2012, 14.0229 ], [ 101.2043, 14.0436 ], [ 101.2154, 14.0543 ], [ 101.2668, 14.0607 ], [ 101.285, 14.0496 ], [ 101.3055, 14.0719 ], [ 101.3129, 14.0645 ], [ 101.3207, 14.0692 ], [ 101.3094, 14.1114 ], [ 101.2881, 14.1317 ], [ 101.2902, 14.1476 ], [ 101.3164, 14.1721 ], [ 101.3308, 14.1749 ], [ 101.3474, 14.1965 ], [ 101.3745, 14.2041 ], [ 101.3859, 14.2268 ], [ 101.3801, 14.2369 ], [ 101.3834, 14.2713 ], [ 101.3969, 14.2719 ], [ 101.417, 14.2515 ], [ 101.4999, 14.267 ], [ 101.5063, 14.3077 ], [ 101.4982, 14.3167 ], [ 101.4983, 14.3332 ], [ 101.4769, 14.3642 ], [ 101.4338, 14.3884 ], [ 101.4487, 14.4202 ], [ 101.4383, 14.4449 ], [ 101.4873, 14.4619 ], [ 101.5049, 14.4381 ], [ 101.5357, 14.4233 ], [ 101.5491, 14.4344 ], [ 101.6083, 14.4344 ], [ 101.6238, 14.4262 ], [ 101.6209, 14.4156 ], [ 101.6318, 14.405 ], [ 101.6487, 14.4036 ], [ 101.6495, 14.3916 ], [ 101.7427, 14.3064 ], [ 101.752, 14.3234 ], [ 101.7507, 14.3473 ], [ 101.7637, 14.3423 ], [ 101.79, 14.3581 ], [ 101.8148, 14.3468 ], [ 101.8422, 14.3646 ], [ 101.8406, 14.3511 ], [ 101.8908, 14.3177 ], [ 101.8962, 14.3289 ], [ 101.9243, 14.3296 ], [ 101.9486, 14.3008 ], [ 101.9615, 14.3179 ], [ 101.9966, 14.3122 ], [ 102.0007, 14.2881 ], [ 101.9848, 14.2824 ], [ 101.9732, 14.2588 ], [ 101.9525, 14.2522 ], [ 101.9921, 14.2395 ], [ 101.9691, 14.2263 ], [ 102.036, 14.1957 ], [ 102.0701, 14.165 ], [ 102.1082, 14.1496 ], [ 102.1008, 14.1022 ], [ 102.0856, 14.0866 ], [ 102.0487, 14.0751 ], [ 102.0414, 14.0628 ], [ 102.0426, 14.0389 ], [ 101.9538, 14.0213 ], [ 101.9367, 14.0068 ], [ 101.9391, 13.958 ], [ 101.9526, 13.933 ], [ 101.9134, 13.9338 ], [ 101.9058, 13.8816 ], [ 101.93, 13.8529 ], [ 101.922, 13.8316 ], [ 101.9268, 13.814 ], [ 101.9448, 13.8087 ], [ 101.9489, 13.8001 ], [ 101.9436, 13.7642 ], [ 101.9203, 13.7523 ], [ 101.9431, 13.7365 ], [ 101.9391, 13.7092 ], [ 101.9495, 13.6687 ], [ 101.9425, 13.649 ], [ 101.9558, 13.6185 ], [ 101.9467, 13.623 ], [ 101.9479, 13.6061 ], [ 101.9399, 13.6071 ], [ 101.9396, 13.6 ], [ 101.9134, 13.6053 ], [ 101.9112, 13.5846 ] ] ] ] } },
{ "type": "Feature", "properties": { "jurisdiction": "PrachuapKhiriKhan", "total_segments": 164, "flagged_segments": 0, "mean_sss": 66.9, "flagged_pct": 0.0 }, "geometry": { "type": "MultiPolygon", "coordinates": [ [ [ [ 99.1545, 11.0325 ], [ 99.172, 11.0429 ], [ 99.1792, 11.0814 ], [ 99.2249, 11.1079 ], [ 99.2249, 11.1414 ], [ 99.2532, 11.1686 ], [ 99.2635, 11.2004 ], [ 99.2708, 11.2034 ], [ 99.2866, 11.1895 ], [ 99.3079, 11.2165 ], [ 99.31, 11.2342 ], [ 99.2963, 11.2482 ], [ 99.3269, 11.2866 ], [ 99.3125, 11.3167 ], [ 99.3282, 11.3362 ], [ 99.3431, 11.3327 ], [ 99.3445, 11.3475 ], [ 99.3654, 11.3709 ], [ 99.4024, 11.3884 ], [ 99.3981, 11.3994 ], [ 99.4055, 11.4063 ], [ 99.3969, 11.4389 ], [ 99.4021, 11.4428 ], [ 99.3948, 11.4609 ], [ 99.4102, 11.4627 ], [ 99.4208, 11.4802 ], [ 99.443, 11.4783 ], [ 99.4449, 11.4897 ], [ 99.4593, 11.4906 ], [ 99.4487, 11.5078 ], [ 99.4741, 11.5327 ], [ 99.4632, 11.5487 ], [ 99.468, 11.5663 ], [ 99.4582, 11.5826 ], [ 99.468, 11.6142 ], [ 99.5077, 11.6357 ], [ 99.5174, 11.6356 ], [ 99.5297, 11.6209 ], [ 99.5663, 11.6258 ], [ 99.5704, 11.6426 ], [ 99.5876, 11.6584 ], [ 99.5834, 11.6771 ], [ 99.5904, 11.6909 ], [ 99.603, 11.707 ], [ 99.6155, 11.7096 ], [ 99.6195, 11.7223 ], [ 99.6368, 11.7265 ], [ 99.6407, 11.7884 ], [ 99.6648, 11.8228 ], [ 99.6222, 11.8323 ], [ 99.6256, 11.8485 ], [ 99.6101, 11.8679 ], [ 99.6003, 11.8782 ], [ 99.5886, 11.8721 ], [ 99.5798, 11.9023 ], [ 99.5871, 11.917 ], [ 99.5803, 11.9422 ], [ 99.594, 11.9545 ], [ 99.5925, 11.9922 ], [ 99.5748, 12.0072 ], [ 99.5374, 12.0149 ], [ 99.5413, 12.0361 ], [ 99.5343, 12.0653 ], [ 99.5562, 12.0925 ], [ 99.5556, 12.1127 ], [ 99.5714, 12.1447 ], [ 99.5158, 12.1471 ], [ 99.501, 12.1432 ], [ 99.4917, 12.1282 ], [ 99.4734, 12.1318 ], [ 99.4734, 12.1568 ], [ 99.4871, 12.1654 ], [ 99.4968, 12.1961 ], [ 99.4719, 12.2349 ], [ 99.4848, 12.2727 ], [ 99.4617, 12.2856 ], [ 99.4463, 12.3306 ], [ 99.4344, 12.3419 ], [ 99.4443, 12.3509 ], [ 99.4327, 12.363 ], [ 99.4472, 12.4057 ], [ 99.4263, 12.425 ], [ 99.4254, 12.4482 ], [ 99.4025, 12.4586 ], [ 99.4065, 12.4798 ], [ 99.4263, 12.4904 ], [ 99.4186, 12.5245 ], [ 99.4236, 12.5546 ], [ 99.4348, 12.5586 ], [ 99.4318, 12.5713 ], [ 99.4398, 12.5824 ], [ 99.4541, 12.5786 ], [ 99.4887, 12.59 ], [ 99.5218, 12.5607 ], [ 99.5405, 12.5771 ], [ 99.5788, 12.5785 ], [ 99.5943, 12.5477 ], [ 99.6181, 12.54 ], [ 99.6288, 12.5986 ], [ 99.6144, 12.6124 ], [ 99.6148, 12.6361 ], [ 99.6198, 12.6512 ], [ 99.6289, 12.6524 ], [ 99.6463, 12.636 ], [ 99.6932, 12.6507 ], [ 99.7181, 12.65 ], [ 99.7386, 12.6339 ], [ 99.738, 12.6234 ], [ 99.7502, 12.6281 ], [ 99.7484, 12.6069 ], [ 99.7596, 12.5826 ], [ 99.8261, 12.6296 ], [ 99.8835, 12.6206 ], [ 99.9056, 12.6356 ], [ 99.9229, 12.6231 ], [ 99.9259, 12.63 ], [ 99.9556, 12.6326 ], [ 99.957, 12.5794 ], [ 99.9725, 12.5275 ], [ 99.9847, 12.5153 ], [ 99.9743, 12.4993 ], [ 99.9838, 12.4508 ], [ 99.9797, 12.4301 ], [ 99.9938, 12.4146 ], [ 99.9894, 12.4086 ], [ 99.9908, 12.4055 ], [ 99.9904, 12.4087 ], [ 99.995, 12.4137 ], [ 100.0028, 12.3367 ], [ 99.9852, 12.3146 ], [ 99.974, 12.2652 ], [ 100.0057, 12.2221 ], [ 100.0014, 12.2103 ], [ 100.0132, 12.208 ], [ 100.0206, 12.1893 ], [ 99.9692, 12.1353 ], [ 99.9617, 12.0855 ], [ 99.9421, 12.0811 ], [ 99.8453, 11.9669 ], [ 99.8122, 11.8836 ], [ 99.8347, 11.8349 ], [ 99.8292, 11.8275 ], [ 99.8287, 11.8387 ], [ 99.8164, 11.8386 ], [ 99.7989, 11.8175 ], [ 99.8015, 11.7987 ], [ 99.8182, 11.7847 ], [ 99.8133, 11.7763 ], [ 99.8132, 11.7838 ], [ 99.8034, 11.7826 ], [ 99.7957, 11.7701 ], [ 99.8114, 11.7381 ], [ 99.7917, 11.7456 ], [ 99.7245, 11.6872 ], [ 99.7156, 11.6553 ], [ 99.6383, 11.5178 ], [ 99.6272, 11.4697 ], [ 99.6142, 11.4539 ], [ 99.5808, 11.3575 ], [ 99.5736, 11.3586 ], [ 99.5608, 11.3381 ], [ 99.5514, 11.3039 ], [ 99.5553, 11.2472 ], [ 99.5661, 11.2233 ], [ 99.5822, 11.2122 ], [ 99.5839, 11.2002 ], [ 99.5792, 11.2069 ], [ 99.5792, 11.1953 ], [ 99.5659, 11.1835 ], [ 99.5594, 11.1914 ], [ 99.5678, 11.2047 ], [ 99.5678, 11.2103 ], [ 99.5642, 11.2022 ], [ 99.5453, 11.2081 ], [ 99.5222, 11.2022 ], [ 99.4886, 11.145 ], [ 99.4908, 11.0914 ], [ 99.4815, 11.0845 ], [ 99.4931, 11.0858 ], [ 99.5025, 10.99 ], [ 99.4701, 10.992 ], [ 99.4089, 10.955 ], [ 99.3822, 10.9614 ], [ 99.3753, 10.972 ], [ 99.3459, 10.975 ], [ 99.3352, 10.9651 ], [ 99.2909, 10.969 ], [ 99.2802, 10.9573 ], [ 99.1492, 11.0135 ], [ 99.1545, 11.0325 ] ] ], [ [ [ 99.4845, 11.0857 ], [ 99.4889, 11.0876 ], [ 99.4902, 11.0867 ], [ 99.4845, 11.0857 ] ] ], [ [ [ 99.5629, 11.0727 ], [ 99.5447, 11.0679 ], [ 99.5637, 11.0855 ], [ 99.5629, 11.0727 ] ] ], [ [ [ 99.5804, 11.2155 ], [ 99.5796, 11.2192 ], [ 99.5813, 11.216 ], [ 99.5804, 11.2155 ] ] ], [ [ [ 99.6064, 11.4004 ], [ 99.6058, 11.4052 ], [ 99.6079, 11.4049 ], [ 99.6064, 11.4004 ] ] ], [ [ [ 99.7753, 11.6256 ], [ 99.7733, 11.6226 ], [ 99.7737, 11.6262 ], [ 99.7753, 11.6256 ] ] ], [ [ [ 99.7878, 11.7106 ], [ 99.7897, 11.7108 ], [ 99.7888, 11.7077 ], [ 99.7878, 11.7106 ] ] ], [ [ [ 99.8304, 11.7638 ], [ 99.8301, 11.7578 ], [ 99.8286, 11.7635 ], [ 99.8304, 11.7638 ] ] ], [ [ [ 99.8112, 11.7663 ], [ 99.8078, 11.7658 ], [ 99.8097, 11.7688 ], [ 99.8112, 11.7663 ] ] ], [ [ [ 99.8159, 11.7901 ], [ 99.8169, 11.7923 ], [ 99.8171, 11.7897 ], [ 99.8159, 11.7901 ] ] ], [ [ [ 99.8242, 11.7969 ], [ 99.8226, 11.7923 ], [ 99.8214, 11.7953 ], [ 99.8242, 11.7969 ] ] ], [ [ [ 99.8166, 11.798 ], [ 99.8133, 11.7929 ], [ 99.815, 11.7994 ], [ 99.8166, 11.798 ] ] ], [ [ [ 100.0264, 12.2006 ], [ 100.0261, 12.1983 ], [ 100.0253, 12.1983 ], [ 100.0264, 12.2006 ] ] ], [ [ [ 100.0322, 12.2094 ], [ 100.027, 12.202 ], [ 100.0309, 12.2109 ], [ 100.0322, 12.2094 ] ] ], [ [ [ 100.0094, 12.2248 ], [ 100.0103, 12.227 ], [ 100.0099, 12.2242 ], [ 100.0094, 12.2248 ] ] ], [ [ [ 100.0039, 12.2297 ], [ 100.0063, 12.2324 ], [ 100.0057, 12.2293 ], [ 100.0039, 12.2297 ] ] ], [ [ [ 100.01, 12.2394 ], [ 100.0081, 12.2442 ], [ 100.0111, 12.2483 ], [ 100.01, 12.2394 ] ] ] ] } },
{ "type": "Feature", "properties": { "jurisdiction": "Ranong", "total_segments": 39, "flagged_segments": 0, "mean_sss": 34.4, "flagged_pct": 0.0 }, "geometry": { "type": "MultiPolygon", "coordinates": [ [ [ [ 98.3541, 9.4361 ], [ 98.3485, 9.4401 ], [ 98.3542, 9.4391 ], [ 98.3541, 9.4361 ] ] ], [ [ [ 98.3273, 9.4536 ], [ 98.3261, 9.4567 ], [ 98.3285, 9.4575 ], [ 98.3273, 9.4536 ] ] ], [ [ [ 98.3539, 9.5072 ], [ 98.3422, 9.4744 ], [ 98.3315, 9.4677 ], [ 98.3376, 9.4905 ], [ 98.3539, 9.5072 ] ] ], [ [ [ 98.36, 9.5127 ], [ 98.3556, 9.5157 ], [ 98.3587, 9.5185 ], [ 98.36, 9.5127 ] ] ], [ [ [ 98.3723, 9.4995 ], [ 98.3738, 9.5006 ], [ 98.3736, 9.499 ], [ 98.3723, 9.4995 ] ] ], [ [ [ 98.3675, 9.4986 ], [ 98.3686, 9.5033 ], [ 98.3692, 9.5039 ], [ 98.3675, 9.4986 ] ] ], [ [ [ 98.3698, 9.5053 ], [ 98.3713, 9.5054 ], [ 98.3699, 9.5042 ], [ 98.3698, 9.5053 ] ] ], [ [ [ 98.5881, 9.9406 ], [ 98.586, 9.948 ], [ 98.5903, 9.9558 ], [ 98.5944, 9.9508 ], [ 98.5881, 9.9406 ] ] ], [ [ [ 98.5147, 9.924 ], [ 98.5138, 9.9263 ], [ 98.5149, 9.9262 ], [ 98.5147, 9.924 ] ] ], [ [ [ 98.4877, 9.9309 ], [ 98.4802, 9.9322 ], [ 98.4852, 9.9344 ], [ 98.4877, 9.9309 ] ] ], [ [ [ 98.5368, 9.9176 ], [ 98.5344, 9.9205 ], [ 98.5366, 9.9217 ], [ 98.5368, 9.9176 ] ] ], [ [ [ 98.6722, 10.1447 ], [ 98.6708, 10.1431 ], [ 98.6689, 10.1425 ], [ 98.6722, 10.1447 ] ] ], [ [ [ 98.6567, 10.1547 ], [ 98.6669, 10.1497 ], [ 98.6572, 10.1356 ], [ 98.6514, 10.1467 ], [ 98.6567, 10.1547 ] ] ], [ [ [ 98.6681, 10.1542 ], [ 98.6694, 10.1562 ], [ 98.6694, 10.1531 ], [ 98.6681, 10.1542 ] ] ], [ [ [ 98.6708, 10.1631 ], [ 98.6794, 10.1561 ], [ 98.6714, 10.1536 ], [ 98.6708, 10.1631 ] ] ], [ [ [ 98.6594, 10.1633 ], [ 98.6658, 10.1564 ], [ 98.6572, 10.1564 ], [ 98.6594, 10.1633 ] ] ], [ [ [ 98.4999, 9.7301 ], [ 98.5008, 9.7341 ], [ 98.5026, 9.7336 ], [ 98.4999, 9.7301 ] ] ], [ [ [ 98.5054, 9.7342 ], [ 98.5064, 9.7322 ], [ 98.5053, 9.732 ], [ 98.5054, 9.7342 ] ] ], [ [ [ 98.4872, 9.7336 ], [ 98.4839, 9.7378 ], [ 98.4859, 9.7391 ], [ 98.4872, 9.7336 ] ] ], [ [ [ 98.4472, 9.7792 ], [ 98.446, 9.7839 ], [ 98.4491, 9.7863 ], [ 98.4472, 9.7792 ] ] ], [ [ [ 98.4765, 9.7774 ], [ 98.4772, 9.7797 ], [ 98.4781, 9.7797 ], [ 98.4765, 9.7774 ] ] ], [ [ [ 98.4664, 9.7694 ], [ 98.4594, 9.7664 ], [ 98.4658, 9.7736 ], [ 98.4664, 9.7694 ] ] ], [ [ [ 98.5741, 9.8298 ], [ 98.5739, 9.8364 ], [ 98.5744, 9.837 ], [ 98.5741, 9.8298 ] ] ], [ [ [ 98.571, 9.8757 ], [ 98.5727, 9.8755 ], [ 98.5715, 9.8745 ], [ 98.571, 9.8757 ] ] ], [ [ [ 98.4747, 9.8657 ], [ 98.4698, 9.8635 ], [ 98.4718, 9.87 ], [ 98.4747, 9.8657 ] ] ], [ [ [ 98.5143, 9.9061 ], [ 98.5131, 9.8995 ], [ 98.5077, 9.8998 ], [ 98.5143, 9.9061 ] ] ], [ [ [ 98.4886, 9.9132 ], [ 98.4844, 9.898 ], [ 98.4682, 9.892 ], [ 98.4761, 9.9113 ], [ 98.4886, 9.9132 ] ] ], [ [ [ 98.4417, 9.8778 ], [ 98.4434, 9.878 ], [ 98.4429, 9.8757 ], [ 98.4417, 9.8778 ] ] ], [ [ [ 98.5694, 9.829 ], [ 98.5695, 9.8275 ], [ 98.5683, 9.8269 ], [ 98.5694, 9.829 ] ] ], [ [ [ 98.4615, 9.8598 ], [ 98.4713, 9.8592 ], [ 98.4633, 9.8383 ], [ 98.4685, 9.8245 ], [ 98.464, 9.8138 ], [ 98.4539, 9.8149 ], [ 98.4522, 9.7898 ], [ 98.4332, 9.8046 ], [ 98.4317, 9.8289 ], [ 98.4424, 9.8336 ], [ 98.437, 9.8556 ], [ 98.4513, 9.8737 ], [ 98.4615, 9.8598 ] ] ], [ [ [ 98.5616, 9.9209 ], [ 98.5706, 9.9094 ], [ 98.5586, 9.8953 ], [ 98.5575, 9.9147 ], [ 98.5616, 9.9209 ] ] ], [ [ [ 98.5209, 9.9176 ], [ 98.5171, 9.9123 ], [ 98.508, 9.9064 ], [ 98.5138, 9.9211 ], [ 98.5209, 9.9176 ] ] ], [ [ [ 98.5256, 9.9136 ], [ 98.5272, 9.9147 ], [ 98.5269, 9.9128 ], [ 98.5256, 9.9136 ] ] ], [ [ [ 98.392, 9.3988 ], [ 98.3931, 9.4011 ], [ 98.3925, 9.3986 ], [ 98.392, 9.3988 ] ] ], [ [ [ 98.4748, 9.456 ], [ 98.4756, 9.456 ], [ 98.4747, 9.4546 ], [ 98.4748, 9.456 ] ] ], [ [ [ 98.4658, 9.4907 ], [ 98.4681, 9.4908 ], [ 98.4658, 9.49 ], [ 98.4658, 9.4907 ] ] ], [ [ [ 98.3833, 9.4847 ], [ 98.372, 9.4783 ], [ 98.3705, 9.4946 ], [ 98.3833, 9.4847 ] ] ], [ [ [ 98.48, 9.537 ], [ 98.4789, 9.5465 ], [ 98.483, 9.5521 ], [ 98.4858, 9.5395 ], [ 98.48, 9.537 ] ] ], [ [ [ 98.5111, 9.5557 ], [ 98.5128, 9.5574 ], [ 98.5147, 9.5574 ], [ 98.5111, 9.5557 ] ] ], [ [ [ 98.3835, 9.5714 ], [ 98.3844, 9.5647 ], [ 98.3815, 9.5642 ], [ 98.3835, 9.5714 ] ] ], [ [ [ 98.5195, 9.5707 ], [ 98.5155, 9.5701 ], [ 98.5149, 9.5705 ], [ 98.5195, 9.5707 ] ] ], [ [ [ 98.4673, 9.5923 ], [ 98.4689, 9.5746 ], [ 98.4625, 9.5754 ], [ 98.4673, 9.5923 ] ] ], [ [ [ 98.5111, 9.5844 ], [ 98.5223, 9.5829 ], [ 98.5225, 9.5814 ], [ 98.5111, 9.5844 ] ] ], [ [ [ 98.4702, 9.5936 ], [ 98.4686, 9.5967 ], [ 98.4703, 9.5962 ], [ 98.4702, 9.5936 ] ] ], [ [ [ 98.5247, 9.6044 ], [ 98.5258, 9.6064 ], [ 98.5253, 9.6039 ], [ 98.5247, 9.6044 ] ] ], [ [ [ 98.504, 9.6106 ], [ 98.5063, 9.6133 ], [ 98.5066, 9.6133 ], [ 98.504, 9.6106 ] ] ], [ [ [ 98.5269, 9.6478 ], [ 98.5277, 9.6504 ], [ 98.5272, 9.6477 ], [ 98.5269, 9.6478 ] ] ], [ [ [ 98.5333, 9.6572 ], [ 98.5353, 9.6561 ], [ 98.5322, 9.6572 ], [ 98.5333, 9.6572 ] ] ], [ [ [ 98.5019, 9.7096 ], [ 98.5155, 9.6997 ], [ 98.5081, 9.6935 ], [ 98.4977, 9.7025 ], [ 98.5019, 9.7096 ] ] ], [ [ [ 98.4255, 9.7165 ], [ 98.42, 9.7161 ], [ 98.4198, 9.7173 ], [ 98.4255, 9.7165 ] ] ], [ [ [ 98.5042, 9.6125 ], [ 98.5003, 9.6119 ], [ 98.4961, 9.6117 ], [ 98.4979, 9.6144 ], [ 98.4972, 9.6189 ], [ 98.4992, 9.6222 ], [ 98.5, 9.6236 ], [ 98.5078, 9.6153 ], [ 98.5042, 9.6125 ] ] ], [ [ [ 98.499133169533167, 9.622144963144962 ], [ 98.4975, 9.6208 ], [ 98.4992, 9.6242 ], [ 98.499133169533167, 9.622144963144962 ] ] ], [ [ [ 98.521, 9.6183 ], [ 98.5206, 9.6169 ], [ 98.5203, 9.6186 ], [ 98.521, 9.6183 ] ] ], [ [ [ 98.5249, 9.5731 ], [ 98.5115, 9.5739 ], [ 98.5261, 9.5747 ], [ 98.5249, 9.5731 ] ] ], [ [ [ 98.4734, 9.582 ], [ 98.4891, 9.5778 ], [ 98.4871, 9.5733 ], [ 98.4743, 9.5753 ], [ 98.4734, 9.582 ] ] ], [ [ [ 98.4148, 9.7763 ], [ 98.4278, 9.7342 ], [ 98.4014, 9.7055 ], [ 98.3899, 9.7039 ], [ 98.3959, 9.7188 ], [ 98.3798, 9.7317 ], [ 98.3889, 9.7501 ], [ 98.4049, 9.7462 ], [ 98.4086, 9.7619 ], [ 98.4007, 9.7651 ], [ 98.4148, 9.7763 ] ] ], [ [ [ 98.5022, 9.3078 ], [ 98.4796, 9.3047 ], [ 98.4713, 9.3209 ], [ 98.4556, 9.316 ], [ 98.4691, 9.3295 ], [ 98.4474, 9.351 ], [ 98.4164, 9.3398 ], [ 98.4039, 9.3504 ], [ 98.3925, 9.3473 ], [ 98.3962, 9.3847 ], [ 98.4031, 9.3786 ], [ 98.3969, 9.4028 ], [ 98.4092, 9.3965 ], [ 98.4267, 9.4267 ], [ 98.437, 9.5052 ], [ 98.4561, 9.5639 ], [ 98.4694, 9.5658 ], [ 98.4608, 9.5561 ], [ 98.4758, 9.5263 ], [ 98.4691, 9.4968 ], [ 98.4599, 9.4952 ], [ 98.4716, 9.4676 ], [ 98.4666, 9.4527 ], [ 98.4718, 9.4605 ], [ 98.4739, 9.4537 ], [ 98.477, 9.4547 ], [ 98.47, 9.4849 ], [ 98.4825, 9.5052 ], [ 98.4818, 9.5325 ], [ 98.4878, 9.5354 ], [ 98.4975, 9.5126 ], [ 98.4804, 9.4933 ], [ 98.4836, 9.4667 ], [ 98.4885, 9.4608 ], [ 98.4839, 9.4965 ], [ 98.4908, 9.5 ], [ 98.4876, 9.4918 ], [ 98.492, 9.4972 ], [ 98.4983, 9.4799 ], [ 98.4933, 9.4944 ], [ 98.5008, 9.5092 ], [ 98.5197, 9.5119 ], [ 98.5157, 9.5042 ], [ 98.5286, 9.5224 ], [ 98.5221, 9.5142 ], [ 98.5036, 9.5125 ], [ 98.4982, 9.5467 ], [ 98.5137, 9.5348 ], [ 98.4987, 9.5525 ], [ 98.5109, 9.5535 ], [ 98.5156, 9.5451 ], [ 98.5123, 9.5543 ], [ 98.5201, 9.5586 ], [ 98.5106, 9.5589 ], [ 98.5345, 9.5688 ], [ 98.5472, 9.5639 ], [ 98.5398, 9.556 ], [ 98.5398, 9.5524 ], [ 98.5412, 9.5511 ], [ 98.5507, 9.5643 ], [ 98.5664, 9.5561 ], [ 98.5672, 9.5622 ], [ 98.5716, 9.559 ], [ 98.5763, 9.5588 ], [ 98.5727, 9.5676 ], [ 98.5638, 9.5629 ], [ 98.5511, 9.5689 ], [ 98.5539, 9.5776 ], [ 98.5437, 9.5732 ], [ 98.5378, 9.5836 ], [ 98.5298, 9.5777 ], [ 98.5083, 9.595 ], [ 98.4808, 9.5922 ], [ 98.465, 9.6036 ], [ 98.4633, 9.6287 ], [ 98.4707, 9.6249 ], [ 98.4787, 9.6346 ], [ 98.4967, 9.6169 ], [ 98.4941, 9.6079 ], [ 98.4989, 9.6036 ], [ 98.4961, 9.6107 ], [ 98.5033, 9.607 ], [ 98.5095, 9.6094 ], [ 98.5035, 9.608 ], [ 98.5084, 9.6157 ], [ 98.5033, 9.6249 ], [ 98.5183, 9.6198 ], [ 98.5247, 9.5969 ], [ 98.5267, 9.6086 ], [ 98.5242, 9.6147 ], [ 98.5197, 9.6213 ], [ 98.5113, 9.6284 ], [ 98.5219, 9.6358 ], [ 98.505, 9.6284 ], [ 98.5001, 9.6341 ], [ 98.5099, 9.6539 ], [ 98.5264, 9.6524 ], [ 98.5265, 9.6466 ], [ 98.5327, 9.6419 ], [ 98.5273, 9.655 ], [ 98.5317, 9.6561 ], [ 98.5405, 9.6509 ], [ 98.5427, 9.6522 ], [ 98.5348, 9.6581 ], [ 98.5191, 9.6559 ], [ 98.5151, 9.6617 ], [ 98.4984, 9.652 ], [ 98.4848, 9.6854 ], [ 98.5094, 9.6725 ], [ 98.52, 9.6814 ], [ 98.5353, 9.6767 ], [ 98.5368, 9.6659 ], [ 98.5485, 9.6628 ], [ 98.5529, 9.6697 ], [ 98.538, 9.6666 ], [ 98.5378, 9.6772 ], [ 98.5453, 9.6767 ], [ 98.5283, 9.6824 ], [ 98.5353, 9.6933 ], [ 98.5463, 9.6884 ], [ 98.5389, 9.7067 ], [ 98.5465, 9.7173 ], [ 98.5553, 9.7142 ], [ 98.5517, 9.7257 ], [ 98.5684, 9.7249 ], [ 98.5536, 9.7401 ], [ 98.5652, 9.7569 ], [ 98.5628, 9.7687 ], [ 98.5467, 9.7444 ], [ 98.5307, 9.7518 ], [ 98.5075, 9.7365 ], [ 98.5002, 9.739 ], [ 98.5126, 9.7558 ], [ 98.507, 9.7828 ], [ 98.5364, 9.7908 ], [ 98.535, 9.7808 ], [ 98.5431, 9.7689 ], [ 98.5376, 9.7824 ], [ 98.5474, 9.7892 ], [ 98.5482, 9.7826 ], [ 98.553, 9.7761 ], [ 98.55, 9.795 ], [ 98.5659, 9.8119 ], [ 98.5778, 9.8131 ], [ 98.5712, 9.8209 ], [ 98.5607, 9.812 ], [ 98.5765, 9.8282 ], [ 98.5745, 9.8484 ], [ 98.563, 9.8209 ], [ 98.5475, 9.8031 ], [ 98.5363, 9.8003 ], [ 98.55, 9.8098 ], [ 98.5338, 9.8093 ], [ 98.5156, 9.8534 ], [ 98.5335, 9.8582 ], [ 98.5364, 9.8528 ], [ 98.5453, 9.8518 ], [ 98.5364, 9.8539 ], [ 98.5414, 9.8661 ], [ 98.5355, 9.8592 ], [ 98.5268, 9.8649 ], [ 98.5425, 9.887 ], [ 98.5527, 9.8856 ], [ 98.5556, 9.8731 ], [ 98.5628, 9.8675 ], [ 98.57, 9.8688 ], [ 98.5733, 9.8747 ], [ 98.5738, 9.8783 ], [ 98.5854, 9.8755 ], [ 98.5937, 9.8779 ], [ 98.5955, 9.8843 ], [ 98.5734, 9.8798 ], [ 98.5632, 9.8692 ], [ 98.5577, 9.8729 ], [ 98.5726, 9.9064 ], [ 98.5903, 9.8919 ], [ 98.5786, 9.9074 ], [ 98.6035, 9.913 ], [ 98.5731, 9.9111 ], [ 98.5695, 9.9221 ], [ 98.6097, 9.9378 ], [ 98.5908, 9.9342 ], [ 98.5976, 9.9549 ], [ 98.6047, 9.955 ], [ 98.5909, 9.9565 ], [ 98.5921, 9.9749 ], [ 98.6547, 10.0858 ], [ 98.6517, 10.0986 ], [ 98.6611, 10.0992 ], [ 98.6764, 10.1211 ], [ 98.6972, 10.1792 ], [ 98.7331, 10.1572 ], [ 98.7544, 10.16 ], [ 98.7492, 10.1472 ], [ 98.7575, 10.1569 ], [ 98.7517, 10.1633 ], [ 98.7356, 10.1622 ], [ 98.7036, 10.1844 ], [ 98.6903, 10.1817 ], [ 98.7161, 10.2294 ], [ 98.7292, 10.2769 ], [ 98.7358, 10.2767 ], [ 98.7378, 10.3061 ], [ 98.7494, 10.3108 ], [ 98.7547, 10.39 ], [ 98.7847, 10.4393 ], [ 98.8031, 10.4451 ], [ 98.7998, 10.4529 ], [ 98.8121, 10.4707 ], [ 98.8032, 10.4813 ], [ 98.8153, 10.488 ], [ 98.8224, 10.5048 ], [ 98.824, 10.5274 ], [ 98.8122, 10.5373 ], [ 98.82, 10.5451 ], [ 98.8016, 10.557 ], [ 98.8136, 10.5897 ], [ 98.8047, 10.5841 ], [ 98.802, 10.6028 ], [ 98.7833, 10.5994 ], [ 98.7837, 10.6136 ], [ 98.7739, 10.6185 ], [ 98.7872, 10.6494 ], [ 98.7826, 10.6769 ], [ 98.7926, 10.6806 ], [ 98.804, 10.7046 ], [ 98.8202, 10.7154 ], [ 98.8614, 10.7731 ], [ 98.8831, 10.7851 ], [ 98.8948, 10.7561 ], [ 98.9144, 10.7476 ], [ 98.8903, 10.6956 ], [ 98.8944, 10.6818 ], [ 98.9058, 10.6904 ], [ 98.9096, 10.6777 ], [ 98.9296, 10.6728 ], [ 98.9282, 10.6486 ], [ 98.9402, 10.649 ], [ 98.9508, 10.6371 ], [ 98.9453, 10.6115 ], [ 98.9589, 10.6161 ], [ 98.9651, 10.6041 ], [ 98.9599, 10.5837 ], [ 98.9413, 10.5693 ], [ 98.9626, 10.5391 ], [ 98.9521, 10.5347 ], [ 98.9454, 10.5174 ], [ 98.9184, 10.5073 ], [ 98.9114, 10.4896 ], [ 98.895, 10.4825 ], [ 98.8847, 10.4577 ], [ 98.8955, 10.4403 ], [ 98.8937, 10.4162 ], [ 98.9052, 10.4099 ], [ 98.9013, 10.3987 ], [ 98.9289, 10.3946 ], [ 98.9378, 10.3831 ], [ 98.9316, 10.3647 ], [ 98.9435, 10.351 ], [ 98.9005, 10.2885 ], [ 98.899, 10.2779 ], [ 98.9088, 10.2655 ], [ 98.8707, 10.187 ], [ 98.8891, 10.1603 ], [ 98.8698, 10.1549 ], [ 98.8681, 10.1338 ], [ 98.8589, 10.1288 ], [ 98.8636, 10.0961 ], [ 98.8359, 10.0658 ], [ 98.8933, 10.0641 ], [ 98.9033, 10.0544 ], [ 98.9051, 10.0274 ], [ 98.8666, 9.9934 ], [ 98.8449, 9.9936 ], [ 98.83, 9.9775 ], [ 98.8146, 9.9362 ], [ 98.7809, 9.9503 ], [ 98.7558, 9.9335 ], [ 98.7526, 9.9185 ], [ 98.722, 9.8941 ], [ 98.7214, 9.8674 ], [ 98.6929, 9.8327 ], [ 98.6827, 9.8344 ], [ 98.6637, 9.8073 ], [ 98.6326, 9.7885 ], [ 98.6331, 9.7674 ], [ 98.6268, 9.764 ], [ 98.6422, 9.7375 ], [ 98.6394, 9.7132 ], [ 98.6505, 9.7001 ], [ 98.6466, 9.6919 ], [ 98.6597, 9.6837 ], [ 98.6474, 9.6619 ], [ 98.6537, 9.6528 ], [ 98.6726, 9.6543 ], [ 98.697, 9.6351 ], [ 98.7219, 9.6282 ], [ 98.7365, 9.6091 ], [ 98.7382, 9.5821 ], [ 98.7585, 9.5737 ], [ 98.7582, 9.558 ], [ 98.768, 9.5444 ], [ 98.7636, 9.5362 ], [ 98.747, 9.5348 ], [ 98.7169, 9.4989 ], [ 98.7154, 9.4867 ], [ 98.704, 9.4853 ], [ 98.6944, 9.4698 ], [ 98.6677, 9.4642 ], [ 98.6681, 9.4464 ], [ 98.6809, 9.435 ], [ 98.6622, 9.4197 ], [ 98.647, 9.425 ], [ 98.654, 9.3992 ], [ 98.6479, 9.3878 ], [ 98.6719, 9.3882 ], [ 98.6706, 9.3654 ], [ 98.6591, 9.3468 ], [ 98.6341, 9.3563 ], [ 98.6106, 9.3418 ], [ 98.59, 9.355 ], [ 98.5864, 9.3675 ], [ 98.5646, 9.3582 ], [ 98.5464, 9.3606 ], [ 98.5022, 9.3078 ] ] ] ] } },
{ "type": "Feature", "properties": { "jurisdiction": "Ratchaburi", "total_segments": 226, "flagged_segments": 5, "mean_sss": 60.3, "flagged_pct": 2.2 }, "geometry": { "type": "MultiPolygon", "coordinates": [ [ [ [ 99.6658, 13.285 ], [ 99.6686, 13.2349 ], [ 99.6611, 13.2102 ], [ 99.5778, 13.1962 ], [ 99.5224, 13.209 ], [ 99.5056, 13.179 ], [ 99.4785, 13.1996 ], [ 99.4609, 13.1814 ], [ 99.4391, 13.1838 ], [ 99.4281, 13.1967 ], [ 99.415, 13.1964 ], [ 99.3992, 13.2159 ], [ 99.3742, 13.2172 ], [ 99.3678, 13.2323 ], [ 99.3592, 13.2309 ], [ 99.3512, 13.2413 ], [ 99.335, 13.2209 ], [ 99.3239, 13.219 ], [ 99.3188, 13.2013 ], [ 99.3246, 13.1763 ], [ 99.2699, 13.148 ], [ 99.2304, 13.2012 ], [ 99.2111, 13.2063 ], [ 99.1972, 13.2537 ], [ 99.2116, 13.2598 ], [ 99.1882, 13.2887 ], [ 99.1916, 13.3157 ], [ 99.2095, 13.3362 ], [ 99.2042, 13.3693 ], [ 99.2133, 13.4096 ], [ 99.2014, 13.4468 ], [ 99.2103, 13.4565 ], [ 99.207, 13.4754 ], [ 99.1909, 13.4937 ], [ 99.1953, 13.5405 ], [ 99.1672, 13.5711 ], [ 99.1814, 13.5832 ], [ 99.1694, 13.6067 ], [ 99.1746, 13.6281 ], [ 99.1681, 13.6791 ], [ 99.1744, 13.6868 ], [ 99.1681, 13.7321 ], [ 99.1761, 13.739 ], [ 99.2002, 13.7279 ], [ 99.2235, 13.7489 ], [ 99.2669, 13.7419 ], [ 99.2851, 13.7602 ], [ 99.299, 13.7401 ], [ 99.3112, 13.7491 ], [ 99.3537, 13.7464 ], [ 99.4155, 13.7733 ], [ 99.4538, 13.7803 ], [ 99.4713, 13.8056 ], [ 99.5051, 13.7659 ], [ 99.5494, 13.7576 ], [ 99.6363, 13.812 ], [ 99.6669, 13.8452 ], [ 99.7102, 13.8277 ], [ 99.741, 13.8258 ], [ 99.7497, 13.8319 ], [ 99.7936, 13.8214 ], [ 99.8033, 13.8074 ], [ 99.8116, 13.8079 ], [ 99.8177, 13.843 ], [ 99.8273, 13.8525 ], [ 99.8216, 13.8639 ], [ 99.8379, 13.8647 ], [ 99.8569, 13.9193 ], [ 99.8762, 13.9463 ], [ 99.9196, 13.9412 ], [ 99.9271, 13.9361 ], [ 99.9241, 13.9182 ], [ 99.916, 13.9052 ], [ 99.8978, 13.9019 ], [ 99.9132, 13.8715 ], [ 99.9022, 13.8404 ], [ 99.9115, 13.8464 ], [ 99.9344, 13.8424 ], [ 99.9426, 13.8295 ], [ 99.9581, 13.835 ], [ 99.9634, 13.8121 ], [ 99.9706, 13.809 ], [ 99.971, 13.7997 ], [ 99.9576, 13.7951 ], [ 99.9519, 13.7707 ], [ 99.9409, 13.7593 ], [ 99.9437, 13.7429 ], [ 99.9538, 13.7311 ], [ 100.0008, 13.7358 ], [ 100.0281, 13.7526 ], [ 100.0265, 13.7014 ], [ 100.0356, 13.6909 ], [ 100.0694, 13.6904 ], [ 100.0599, 13.6516 ], [ 100.0673, 13.6498 ], [ 100.0701, 13.6371 ], [ 100.0545, 13.6273 ], [ 100.0548, 13.6177 ], [ 100.0325, 13.6106 ], [ 100.0431, 13.595 ], [ 100.0376, 13.5784 ], [ 100.0444, 13.5386 ], [ 100.0312, 13.5288 ], [ 100.0285, 13.5047 ], [ 100.0109, 13.5141 ], [ 99.9964, 13.494 ], [ 99.988, 13.4989 ], [ 99.9672, 13.4857 ], [ 99.9624, 13.4958 ], [ 99.9372, 13.4989 ], [ 99.9259, 13.5136 ], [ 99.9151, 13.5103 ], [ 99.9214, 13.4999 ], [ 99.8925, 13.4691 ], [ 99.8914, 13.4293 ], [ 99.8675, 13.3745 ], [ 99.8573, 13.3278 ], [ 99.8217, 13.3397 ], [ 99.8103, 13.3393 ], [ 99.8034, 13.329 ], [ 99.7587, 13.343 ], [ 99.7001, 13.3164 ], [ 99.6852, 13.2913 ], [ 99.6658, 13.285 ] ] ] ] } },
{ "type": "Feature", "properties": { "jurisdiction": "Rayong", "total_segments": 153, "flagged_segments": 3, "mean_sss": 49.2, "flagged_pct": 2.0 }, "geometry": { "type": "MultiPolygon", "coordinates": [ [ [ [ 101.4423, 12.5132 ], [ 101.4435, 12.5152 ], [ 101.4427, 12.5127 ], [ 101.4423, 12.5132 ] ] ], [ [ [ 101.4454, 12.5801 ], [ 101.4702, 12.5675 ], [ 101.4503, 12.5536 ], [ 101.4429, 12.5216 ], [ 101.4454, 12.5801 ] ] ], [ [ [ 101.4489, 12.6305 ], [ 101.4253, 12.6176 ], [ 101.4181, 12.5831 ], [ 101.4031, 12.6006 ], [ 101.3481, 12.6292 ], [ 101.3091, 12.645 ], [ 101.3029, 12.6357 ], [ 101.3068, 12.6453 ], [ 101.2978, 12.6412 ], [ 101.2999, 12.6488 ], [ 101.2787, 12.6549 ], [ 101.2886, 12.6548 ], [ 101.2792, 12.6639 ], [ 101.2764, 12.6578 ], [ 101.2697, 12.661 ], [ 101.2491, 12.6646 ], [ 101.2747, 12.6556 ], [ 101.1586, 12.6719 ], [ 101.1542, 12.6622 ], [ 101.1598, 12.6551 ], [ 101.16, 12.6405 ], [ 101.1661, 12.6404 ], [ 101.167, 12.6595 ], [ 101.1668, 12.6396 ], [ 101.157, 12.6397 ], [ 101.1514, 12.6725 ], [ 101.1342, 12.665 ], [ 101.1406, 12.6619 ], [ 101.147, 12.6514 ], [ 101.1474, 12.6468 ], [ 101.1331, 12.665 ], [ 101.1305, 12.675 ], [ 101.1302, 12.6392 ], [ 101.1262, 12.6353 ], [ 101.1252, 12.6777 ], [ 101.0661, 12.6744 ], [ 100.9927, 12.6559 ], [ 100.9856, 12.6912 ], [ 100.9957, 12.7139 ], [ 100.9924, 12.7245 ], [ 101.0161, 12.7581 ], [ 101.0208, 12.7975 ], [ 101.0476, 12.8116 ], [ 101.0646, 12.8329 ], [ 101.0622, 12.8562 ], [ 101.0751, 12.8772 ], [ 101.0783, 12.9035 ], [ 101.0901, 12.9149 ], [ 101.0924, 12.9576 ], [ 101.104, 12.9693 ], [ 101.0917, 12.997 ], [ 101.069, 13.007 ], [ 101.1043, 13.0459 ], [ 101.1668, 13.0462 ], [ 101.1884, 13.0374 ], [ 101.201, 13.0437 ], [ 101.1941, 13.0534 ], [ 101.1745, 13.0571 ], [ 101.1756, 13.0746 ], [ 101.1858, 13.0865 ], [ 101.2411, 13.063 ], [ 101.2606, 13.0764 ], [ 101.2733, 13.0564 ], [ 101.2918, 13.05 ], [ 101.2939, 13.0645 ], [ 101.3255, 13.0842 ], [ 101.3812, 13.0376 ], [ 101.4229, 13.0378 ], [ 101.4383, 13.0508 ], [ 101.465, 13.0323 ], [ 101.4856, 13.0386 ], [ 101.4984, 13.0574 ], [ 101.5154, 13.0583 ], [ 101.5264, 13.0732 ], [ 101.5581, 13.0718 ], [ 101.573, 13.0837 ], [ 101.5889, 13.1182 ], [ 101.5835, 13.1377 ], [ 101.6077, 13.1357 ], [ 101.648, 13.1631 ], [ 101.6625, 13.1527 ], [ 101.6985, 13.1512 ], [ 101.6868, 13.1155 ], [ 101.7013, 13.1076 ], [ 101.6946, 13.0911 ], [ 101.7174, 13.0352 ], [ 101.7279, 13.0288 ], [ 101.7549, 13.0356 ], [ 101.7611, 13.022 ], [ 101.7403, 12.9829 ], [ 101.7401, 12.9582 ], [ 101.7576, 12.9399 ], [ 101.7799, 12.9517 ], [ 101.8026, 12.9192 ], [ 101.8095, 12.885 ], [ 101.8152, 12.9008 ], [ 101.8197, 12.8982 ], [ 101.832, 12.8242 ], [ 101.8195, 12.8 ], [ 101.8207, 12.7536 ], [ 101.8014, 12.7484 ], [ 101.8043, 12.7391 ], [ 101.7847, 12.7103 ], [ 101.7899, 12.7012 ], [ 101.7825, 12.6931 ], [ 101.7494, 12.7078 ], [ 101.7039, 12.6978 ], [ 101.7038, 12.7164 ], [ 101.6833, 12.7231 ], [ 101.6975, 12.7275 ], [ 101.6989, 12.7311 ], [ 101.6919, 12.7358 ], [ 101.6853, 12.7336 ], [ 101.694, 12.7453 ], [ 101.6913, 12.7495 ], [ 101.6761, 12.7486 ], [ 101.6833, 12.7639 ], [ 101.6733, 12.7497 ], [ 101.6787, 12.745 ], [ 101.6928, 12.7469 ], [ 101.6836, 12.7342 ], [ 101.6855, 12.7314 ], [ 101.6978, 12.7294 ], [ 101.6819, 12.7225 ], [ 101.7017, 12.7161 ], [ 101.7019, 12.6964 ], [ 101.6719, 12.6833 ], [ 101.6464, 12.6425 ], [ 101.5972, 12.6542 ], [ 101.5658, 12.6472 ], [ 101.5661, 12.6322 ], [ 101.5564, 12.6269 ], [ 101.4489, 12.6305 ] ] ], [ [ [ 101.1719, 12.6475 ], [ 101.1697, 12.6489 ], [ 101.1724, 12.6511 ], [ 101.1719, 12.6475 ] ] ], [ [ [ 101.5694, 12.5546 ], [ 101.567, 12.5583 ], [ 101.5687, 12.5591 ], [ 101.5694, 12.5546 ] ] ], [ [ [ 101.5116, 12.5841 ], [ 101.5082, 12.5845 ], [ 101.509, 12.5858 ], [ 101.5116, 12.5841 ] ] ], [ [ [ 101.5142, 12.6007 ], [ 101.515, 12.6043 ], [ 101.5156, 12.6045 ], [ 101.5142, 12.6007 ] ] ], [ [ [ 101.7, 12.5656 ], [ 101.7005, 12.5713 ], [ 101.7024, 12.5695 ], [ 101.7, 12.5656 ] ] ], [ [ [ 101.6929, 12.5965 ], [ 101.6889, 12.5978 ], [ 101.6931, 12.6021 ], [ 101.6929, 12.5965 ] ] ], [ [ [ 101.6909, 12.6125 ], [ 101.6854, 12.6113 ], [ 101.6893, 12.618 ], [ 101.6909, 12.6125 ] ] ] ] } },
{ "type": "Feature", "properties": { "jurisdiction": "RoiEt", "total_segments": 169, "flagged_segments": 7, "mean_sss": 52.5, "flagged_pct": 4.1 }, "geometry": { "type": "MultiPolygon", "coordinates": [ [ [ [ 103.4014, 15.4367 ], [ 103.4225, 15.4982 ], [ 103.4188, 15.5326 ], [ 103.4138, 15.5382 ], [ 103.3861, 15.5363 ], [ 103.3627, 15.5241 ], [ 103.3514, 15.5427 ], [ 103.305, 15.5605 ], [ 103.2967, 15.5909 ], [ 103.2763, 15.6003 ], [ 103.2908, 15.6174 ], [ 103.3069, 15.6595 ], [ 103.2738, 15.6625 ], [ 103.3073, 15.7016 ], [ 103.341, 15.7094 ], [ 103.353, 15.7243 ], [ 103.3929, 15.7074 ], [ 103.4221, 15.7191 ], [ 103.4291, 15.7734 ], [ 103.4427, 15.7978 ], [ 103.4373, 15.8064 ], [ 103.4472, 15.8675 ], [ 103.46, 15.9069 ], [ 103.4827, 15.9255 ], [ 103.4815, 15.9495 ], [ 103.469, 15.9602 ], [ 103.4624, 15.9965 ], [ 103.4726, 16.0444 ], [ 103.455, 16.0801 ], [ 103.4572, 16.1149 ], [ 103.4826, 16.1436 ], [ 103.4903, 16.1859 ], [ 103.504, 16.1975 ], [ 103.5232, 16.194 ], [ 103.5421, 16.2208 ], [ 103.539, 16.2099 ], [ 103.5624, 16.2165 ], [ 103.553, 16.2019 ], [ 103.5914, 16.1927 ], [ 103.5989, 16.2007 ], [ 103.6009, 16.191 ], [ 103.6213, 16.2029 ], [ 103.6149, 16.2132 ], [ 103.6024, 16.2131 ], [ 103.6192, 16.2156 ], [ 103.6392, 16.185 ], [ 103.6459, 16.1913 ], [ 103.6532, 16.1873 ], [ 103.655, 16.2021 ], [ 103.6638, 16.191 ], [ 103.6778, 16.2001 ], [ 103.6657, 16.2067 ], [ 103.6668, 16.2197 ], [ 103.676, 16.2101 ], [ 103.6877, 16.216 ], [ 103.688, 16.2092 ], [ 103.6997, 16.2158 ], [ 103.6932, 16.2233 ], [ 103.7163, 16.2161 ], [ 103.735, 16.2199 ], [ 103.7383, 16.2453 ], [ 103.7563, 16.265 ], [ 103.7583, 16.2989 ], [ 103.7271, 16.3269 ], [ 103.7301, 16.342 ], [ 103.701, 16.3753 ], [ 103.8087, 16.452 ], [ 103.8183, 16.4667 ], [ 103.8464, 16.4599 ], [ 103.8677, 16.4686 ], [ 103.9022, 16.445 ], [ 103.9132, 16.4506 ], [ 103.9172, 16.437 ], [ 103.9313, 16.4328 ], [ 103.9511, 16.4407 ], [ 103.9809, 16.43 ], [ 103.9961, 16.4429 ], [ 104.0328, 16.4413 ], [ 104.0405, 16.4347 ], [ 104.0382, 16.4139 ], [ 104.0479, 16.3864 ], [ 104.0689, 16.397 ], [ 104.0743, 16.4086 ], [ 104.1388, 16.4224 ], [ 104.1607, 16.4404 ], [ 104.1744, 16.4439 ], [ 104.1919, 16.4283 ], [ 104.2232, 16.4354 ], [ 104.2396, 16.4264 ], [ 104.2463, 16.4351 ], [ 104.2671, 16.4338 ], [ 104.286, 16.4471 ], [ 104.2933, 16.4707 ], [ 104.3066, 16.462 ], [ 104.3214, 16.4193 ], [ 104.3185, 16.3895 ], [ 104.3326, 16.3403 ], [ 104.3247, 16.3293 ], [ 104.3534, 16.3226 ], [ 104.3452, 16.2885 ], [ 104.3259, 16.2633 ], [ 104.2997, 16.2511 ], [ 104.3004, 16.238 ], [ 104.253, 16.2172 ], [ 104.2451, 16.1884 ], [ 104.2227, 16.1585 ], [ 104.2085, 16.1617 ], [ 104.1912, 16.1451 ], [ 104.1763, 16.1459 ], [ 104.1413, 16.1085 ], [ 104.1207, 16.1129 ], [ 104.1113, 16.1049 ], [ 104.0976, 16.0724 ], [ 104.1041, 16.0482 ], [ 104.1158, 16.0382 ], [ 104.1031, 16.0028 ], [ 104.1094, 15.9918 ], [ 104.105, 15.9819 ], [ 104.0946, 15.9752 ], [ 104.0638, 15.9862 ], [ 104.0307, 15.9819 ], [ 104.0136, 15.9564 ], [ 104.0176, 15.9473 ], [ 104.0291, 15.9589 ], [ 104.0383, 15.9386 ], [ 104.0257, 15.9102 ], [ 104.0165, 15.9091 ], [ 104.0171, 15.8912 ], [ 104.0231, 15.8896 ], [ 104.0173, 15.8842 ], [ 104.0343, 15.8731 ], [ 104.0263, 15.8682 ], [ 104.0388, 15.8662 ], [ 104.0217, 15.8648 ], [ 104.0309, 15.8581 ], [ 104.0295, 15.8499 ], [ 104.021, 15.8464 ], [ 104.0228, 15.8376 ], [ 104.0144, 15.8426 ], [ 104.0196, 15.8293 ], [ 104.0094, 15.8294 ], [ 104.0153, 15.8154 ], [ 103.9994, 15.8126 ], [ 104.0021, 15.7952 ], [ 104.0369, 15.7951 ], [ 104.0709, 15.8128 ], [ 104.0818, 15.8215 ], [ 104.0723, 15.8257 ], [ 104.0766, 15.8378 ], [ 104.1137, 15.805 ], [ 104.135, 15.7986 ], [ 104.14, 15.783 ], [ 104.1288, 15.7676 ], [ 104.1344, 15.7529 ], [ 104.143, 15.7517 ], [ 104.1343, 15.7405 ], [ 104.1436, 15.7272 ], [ 104.1302, 15.7225 ], [ 104.1323, 15.704 ], [ 104.1199, 15.7019 ], [ 104.1298, 15.6949 ], [ 104.1402, 15.7092 ], [ 104.1496, 15.7117 ], [ 104.1441, 15.7054 ], [ 104.1541, 15.6898 ], [ 104.1778, 15.6706 ], [ 104.1772, 15.6632 ], [ 104.1891, 15.6643 ], [ 104.1868, 15.6559 ], [ 104.1739, 15.6587 ], [ 104.1802, 15.6384 ], [ 104.1715, 15.6322 ], [ 104.1929, 15.6301 ], [ 104.1841, 15.6202 ], [ 104.1881, 15.6078 ], [ 104.2114, 15.6168 ], [ 104.2115, 15.6075 ], [ 104.1624, 15.601 ], [ 104.1245, 15.5761 ], [ 104.1216, 15.5604 ], [ 104.1018, 15.5657 ], [ 104.1073, 15.5452 ], [ 104.084, 15.546 ], [ 104.0761, 15.5375 ], [ 104.0765, 15.5219 ], [ 104.0698, 15.5262 ], [ 104.0585, 15.5134 ], [ 104.0632, 15.4985 ], [ 104.0318, 15.4867 ], [ 103.999, 15.4488 ], [ 103.9858, 15.4036 ], [ 103.9731, 15.4065 ], [ 103.9763, 15.4245 ], [ 103.9522, 15.4119 ], [ 103.9436, 15.4262 ], [ 103.9476, 15.4369 ], [ 103.9319, 15.4311 ], [ 103.9005, 15.4408 ], [ 103.8922, 15.4682 ], [ 103.8877, 15.4526 ], [ 103.8791, 15.467 ], [ 103.8612, 15.4473 ], [ 103.8541, 15.4649 ], [ 103.8482, 15.4547 ], [ 103.8337, 15.4594 ], [ 103.8299, 15.4501 ], [ 103.7822, 15.4407 ], [ 103.7795, 15.4337 ], [ 103.7552, 15.4371 ], [ 103.746, 15.4467 ], [ 103.726, 15.4372 ], [ 103.7176, 15.4462 ], [ 103.7067, 15.4408 ], [ 103.6906, 15.448 ], [ 103.6702, 15.4453 ], [ 103.6141, 15.4671 ], [ 103.5677, 15.4609 ], [ 103.5526, 15.4373 ], [ 103.5344, 15.4253 ], [ 103.4943, 15.437 ], [ 103.4827, 15.4508 ], [ 103.4542, 15.4544 ], [ 103.4014, 15.4367 ] ] ] ] } },
{ "type": "Feature", "properties": { "jurisdiction": "SaKaeo", "total_segments": 77, "flagged_segments": 3, "mean_sss": 52.7, "flagged_pct": 3.9 }, "geometry": { "type": "MultiPolygon", "coordinates": [ [ [ [ 101.9893, 13.3336 ], [ 101.9902, 13.352 ], [ 101.973, 13.392 ], [ 101.9762, 13.4064 ], [ 101.9377, 13.4425 ], [ 101.9408, 13.4613 ], [ 101.9344, 13.4745 ], [ 101.9156, 13.4764 ], [ 101.8947, 13.5185 ], [ 101.8739, 13.5235 ], [ 101.8617, 13.5386 ], [ 101.8987, 13.5469 ], [ 101.9154, 13.5842 ], [ 101.9117, 13.6036 ], [ 101.9396, 13.6 ], [ 101.9399, 13.6071 ], [ 101.9479, 13.6061 ], [ 101.9467, 13.623 ], [ 101.9558, 13.6185 ], [ 101.9425, 13.649 ], [ 101.9495, 13.6687 ], [ 101.9391, 13.7092 ], [ 101.9431, 13.7365 ], [ 101.9203, 13.7523 ], [ 101.9436, 13.7642 ], [ 101.9489, 13.8001 ], [ 101.9448, 13.8087 ], [ 101.9268, 13.814 ], [ 101.922, 13.8316 ], [ 101.93, 13.8529 ], [ 101.9058, 13.8816 ], [ 101.9134, 13.9338 ], [ 101.9526, 13.933 ], [ 101.9391, 13.958 ], [ 101.9413, 14.0153 ], [ 101.9928, 14.0314 ], [ 102.0382, 14.0355 ], [ 102.0487, 14.0751 ], [ 102.0856, 14.0866 ], [ 102.1008, 14.1022 ], [ 102.1082, 14.1496 ], [ 102.1373, 14.136 ], [ 102.1674, 14.14 ], [ 102.1687, 14.1709 ], [ 102.1853, 14.1945 ], [ 102.2135, 14.1708 ], [ 102.2188, 14.1435 ], [ 102.2488, 14.1394 ], [ 102.2692, 14.1457 ], [ 102.2739, 14.128 ], [ 102.2907, 14.1341 ], [ 102.3099, 14.1196 ], [ 102.3267, 14.1268 ], [ 102.3345, 14.1194 ], [ 102.3592, 14.1305 ], [ 102.3614, 14.1636 ], [ 102.3867, 14.1439 ], [ 102.4242, 14.1565 ], [ 102.438, 14.1422 ], [ 102.4758, 14.1298 ], [ 102.4848, 14.1398 ], [ 102.5037, 14.1305 ], [ 102.5237, 14.1414 ], [ 102.5522, 14.1336 ], [ 102.6093, 14.1698 ], [ 102.6353, 14.1475 ], [ 102.6578, 14.164 ], [ 102.6868, 14.1478 ], [ 102.6968, 14.1295 ], [ 102.7368, 14.1398 ], [ 102.7641, 14.1376 ], [ 102.7939, 14.1708 ], [ 102.8015, 14.158 ], [ 102.8137, 14.1706 ], [ 102.8311, 14.1564 ], [ 102.8328, 14.1666 ], [ 102.8646, 14.1472 ], [ 102.8715, 14.1485 ], [ 102.8773, 14.1716 ], [ 102.9003, 14.1625 ], [ 102.9328, 14.1737 ], [ 102.9404, 14.1484 ], [ 102.925, 14.1321 ], [ 102.9232, 14.106 ], [ 102.9007, 14.0834 ], [ 102.8978, 14.0518 ], [ 102.9113, 14.0173 ], [ 102.8666, 14.0043 ], [ 102.8156, 13.9654 ], [ 102.803, 13.943 ], [ 102.7829, 13.9328 ], [ 102.7663, 13.8564 ], [ 102.7232, 13.7933 ], [ 102.7321, 13.7736 ], [ 102.7156, 13.7738 ], [ 102.6886, 13.7519 ], [ 102.591, 13.7068 ], [ 102.5506, 13.6651 ], [ 102.548, 13.6588 ], [ 102.5703, 13.6431 ], [ 102.5754, 13.6297 ], [ 102.6242, 13.6087 ], [ 102.5799, 13.6061 ], [ 102.5628, 13.5791 ], [ 102.5268, 13.5645 ], [ 102.4801, 13.5725 ], [ 102.4388, 13.5598 ], [ 102.421, 13.5713 ], [ 102.3971, 13.5667 ], [ 102.3666, 13.5779 ], [ 102.3592, 13.565 ], [ 102.3401, 13.5597 ], [ 102.3338, 13.5375 ], [ 102.3635, 13.505 ], [ 102.3552, 13.4612 ], [ 102.3604, 13.4016 ], [ 102.3451, 13.3469 ], [ 102.3596, 13.3137 ], [ 102.3529, 13.2974 ], [ 102.3345, 13.3156 ], [ 102.3124, 13.2858 ], [ 102.2926, 13.2989 ], [ 102.2968, 13.2831 ], [ 102.2874, 13.2592 ], [ 102.2694, 13.2544 ], [ 102.2219, 13.2631 ], [ 102.2049, 13.2571 ], [ 102.1894, 13.3011 ], [ 102.1536, 13.2971 ], [ 102.131, 13.3346 ], [ 102.1193, 13.2764 ], [ 102.11, 13.2631 ], [ 102.0732, 13.2545 ], [ 102.0582, 13.2397 ], [ 102.0297, 13.2357 ], [ 102.0362, 13.2827 ], [ 102.0139, 13.2885 ], [ 101.9893, 13.3336 ] ] ] ] } },
{ "type": "Feature", "properties": { "jurisdiction": "SakonNakhon", "total_segments": 107, "flagged_segments": 2, "mean_sss": 41.4, "flagged_pct": 1.9 }, "geometry": { "type": "MultiPolygon", "coordinates": [ [ [ [ 104.0715, 16.8226 ], [ 104.068, 16.8352 ], [ 104.0493, 16.8462 ], [ 104.0415, 16.8388 ], [ 104.0237, 16.8557 ], [ 103.9996, 16.8349 ], [ 103.9824, 16.8349 ], [ 103.9716, 16.809 ], [ 103.9613, 16.8218 ], [ 103.9514, 16.7849 ], [ 103.9556, 16.7772 ], [ 103.941, 16.7711 ], [ 103.9224, 16.7948 ], [ 103.8755, 16.8167 ], [ 103.8715, 16.8309 ], [ 103.8465, 16.839 ], [ 103.8385, 16.8483 ], [ 103.8393, 16.8658 ], [ 103.8127, 16.8753 ], [ 103.8109, 16.8844 ], [ 103.7925, 16.886 ], [ 103.7838, 16.9207 ], [ 103.7725, 16.9226 ], [ 103.7914, 16.9388 ], [ 103.7852, 16.9571 ], [ 103.7449, 16.9703 ], [ 103.7381, 16.9877 ], [ 103.726, 16.9799 ], [ 103.7236, 16.9894 ], [ 103.7325, 16.9999 ], [ 103.7252, 17.0141 ], [ 103.7086, 17.0165 ], [ 103.6961, 17.0319 ], [ 103.6646, 17.0175 ], [ 103.667, 17.0536 ], [ 103.6573, 17.0747 ], [ 103.6694, 17.104 ], [ 103.6574, 17.1139 ], [ 103.6399, 17.1106 ], [ 103.6234, 17.1465 ], [ 103.6023, 17.1667 ], [ 103.5934, 17.1702 ], [ 103.5727, 17.1558 ], [ 103.4768, 17.216 ], [ 103.4724, 17.2282 ], [ 103.454, 17.2109 ], [ 103.4305, 17.2187 ], [ 103.4189, 17.211 ], [ 103.3795, 17.2342 ], [ 103.3636, 17.2343 ], [ 103.3535, 17.2534 ], [ 103.3098, 17.2688 ], [ 103.2831, 17.2655 ], [ 103.2535, 17.3111 ], [ 103.2578, 17.3239 ], [ 103.2738, 17.3306 ], [ 103.275, 17.3475 ], [ 103.3043, 17.3885 ], [ 103.2837, 17.4142 ], [ 103.2853, 17.4277 ], [ 103.2761, 17.4389 ], [ 103.2924, 17.4657 ], [ 103.289, 17.4953 ], [ 103.3196, 17.5213 ], [ 103.3244, 17.5508 ], [ 103.333, 17.5483 ], [ 103.3431, 17.5671 ], [ 103.3394, 17.574 ], [ 103.3528, 17.5851 ], [ 103.3626, 17.5889 ], [ 103.3767, 17.5773 ], [ 103.379, 17.5906 ], [ 103.4127, 17.5939 ], [ 103.3997, 17.6152 ], [ 103.4013, 17.649 ], [ 103.4106, 17.6658 ], [ 103.4041, 17.7158 ], [ 103.4134, 17.7269 ], [ 103.4032, 17.7557 ], [ 103.3862, 17.7518 ], [ 103.3699, 17.7881 ], [ 103.3789, 17.7908 ], [ 103.377, 17.8008 ], [ 103.3848, 17.8071 ], [ 103.3781, 17.8113 ], [ 103.3927, 17.8266 ], [ 103.385, 17.8393 ], [ 103.3997, 17.8409 ], [ 103.4027, 17.8291 ], [ 103.4047, 17.8408 ], [ 103.4153, 17.8325 ], [ 103.4251, 17.8395 ], [ 103.4012, 17.8442 ], [ 103.3973, 17.8531 ], [ 103.4097, 17.8574 ], [ 103.4083, 17.8754 ], [ 103.4202, 17.8803 ], [ 103.4159, 17.8983 ], [ 103.4004, 17.9053 ], [ 103.3966, 17.9281 ], [ 103.415, 17.9295 ], [ 103.4078, 17.9415 ], [ 103.4126, 17.9458 ], [ 103.3917, 17.9559 ], [ 103.3899, 17.9792 ], [ 103.3942, 17.9844 ], [ 103.4018, 17.9796 ], [ 103.4097, 17.9916 ], [ 103.449, 17.9652 ], [ 103.4544, 17.976 ], [ 103.4414, 17.9815 ], [ 103.4513, 17.9927 ], [ 103.4676, 17.9873 ], [ 103.4737, 18.0038 ], [ 103.5001, 17.9886 ], [ 103.5066, 17.9974 ], [ 103.4938, 18.039 ], [ 103.5009, 18.0423 ], [ 103.4964, 18.0601 ], [ 103.4997, 18.0648 ], [ 103.5073, 18.0578 ], [ 103.5075, 18.0676 ], [ 103.5183, 18.0737 ], [ 103.5399, 18.0678 ], [ 103.5424, 18.0881 ], [ 103.5501, 18.0771 ], [ 103.5422, 18.0724 ], [ 103.5452, 18.0645 ], [ 103.5629, 18.0609 ], [ 103.5826, 18.0379 ], [ 103.5908, 18.0368 ], [ 103.5983, 18.0488 ], [ 103.6147, 18.0119 ], [ 103.6444, 18.0114 ], [ 103.6244, 18.0006 ], [ 103.6283, 17.9665 ], [ 103.6405, 17.9749 ], [ 103.6417, 17.962 ], [ 103.6548, 17.9613 ], [ 103.666, 17.9714 ], [ 103.6646, 17.9485 ], [ 103.6863, 17.9538 ], [ 103.7067, 17.9367 ], [ 103.7189, 17.94 ], [ 103.7242, 17.9239 ], [ 103.7491, 17.9085 ], [ 103.7683, 17.9527 ], [ 103.7599, 17.9193 ], [ 103.7853, 17.9293 ], [ 103.7782, 17.9056 ], [ 103.79, 17.8896 ], [ 103.7709, 17.8885 ], [ 103.7679, 17.8811 ], [ 103.7977, 17.8401 ], [ 103.8146, 17.8556 ], [ 103.7979, 17.8685 ], [ 103.7997, 17.8748 ], [ 103.8384, 17.8678 ], [ 103.8587, 17.8811 ], [ 103.871, 17.8771 ], [ 103.8681, 17.862 ], [ 103.8784, 17.8738 ], [ 103.9084, 17.8789 ], [ 103.903, 17.8468 ], [ 103.9184, 17.8573 ], [ 103.9254, 17.8534 ], [ 103.928, 17.831 ], [ 103.9198, 17.817 ], [ 103.9366, 17.8035 ], [ 103.9447, 17.781 ], [ 103.9609, 17.7715 ], [ 103.9764, 17.781 ], [ 103.9727, 17.7762 ], [ 103.9824, 17.7672 ], [ 103.9902, 17.7857 ], [ 104.0023, 17.7863 ], [ 104.0031, 17.8054 ], [ 104.0194, 17.8081 ], [ 104.024, 17.7966 ], [ 104.0127, 17.7912 ], [ 104.0263, 17.7577 ], [ 104.0413, 17.768 ], [ 104.0598, 17.7563 ], [ 104.0526, 17.7368 ], [ 104.0674, 17.7453 ], [ 104.0705, 17.7232 ], [ 104.0622, 17.7237 ], [ 104.08, 17.7036 ], [ 104.0721, 17.6989 ], [ 104.0804, 17.6947 ], [ 104.0706, 17.6914 ], [ 104.0708, 17.6833 ], [ 104.0734, 17.6774 ], [ 104.0858, 17.6818 ], [ 104.0808, 17.6725 ], [ 104.0858, 17.6698 ], [ 104.0738, 17.6653 ], [ 104.0699, 17.6444 ], [ 104.0311, 17.6376 ], [ 104.0385, 17.6336 ], [ 104.0344, 17.6146 ], [ 104.0497, 17.6022 ], [ 104.0567, 17.5837 ], [ 104.0528, 17.5705 ], [ 104.0376, 17.5615 ], [ 104.0421, 17.5299 ], [ 104.0355, 17.5126 ], [ 104.0231, 17.4872 ], [ 104.0119, 17.4851 ], [ 104.042, 17.4191 ], [ 104.076, 17.3756 ], [ 104.0812, 17.3922 ], [ 104.0942, 17.3829 ], [ 104.0914, 17.3745 ], [ 104.1001, 17.3761 ], [ 104.1045, 17.3883 ], [ 104.0959, 17.3874 ], [ 104.0986, 17.4021 ], [ 104.1129, 17.4006 ], [ 104.1134, 17.3899 ], [ 104.1289, 17.3976 ], [ 104.1301, 17.3803 ], [ 104.1424, 17.3827 ], [ 104.1433, 17.3942 ], [ 104.1565, 17.3939 ], [ 104.1474, 17.408 ], [ 104.156, 17.4039 ], [ 104.1609, 17.4154 ], [ 104.1792, 17.4118 ], [ 104.1756, 17.427 ], [ 104.1857, 17.421 ], [ 104.2026, 17.4265 ], [ 104.2112, 17.4134 ], [ 104.2307, 17.4127 ], [ 104.2687, 17.4184 ], [ 104.2897, 17.431 ], [ 104.3775, 17.4237 ], [ 104.4159, 17.4281 ], [ 104.4194, 17.4226 ], [ 104.4094, 17.3774 ], [ 104.4257, 17.3331 ], [ 104.4195, 17.312 ], [ 104.4062, 17.306 ], [ 104.4051, 17.2976 ], [ 104.4092, 17.2759 ], [ 104.4378, 17.2385 ], [ 104.3941, 17.1777 ], [ 104.3913, 17.1455 ], [ 104.4034, 17.1341 ], [ 104.3815, 17.1047 ], [ 104.3673, 17.1017 ], [ 104.3644, 17.0707 ], [ 104.3543, 17.0647 ], [ 104.3558, 17.0573 ], [ 104.3644, 17.0624 ], [ 104.3876, 17.0429 ], [ 104.3876, 17.0345 ], [ 104.3989, 17.0338 ], [ 104.4002, 17.0203 ], [ 104.3598, 17.004 ], [ 104.3536, 16.9825 ], [ 104.3202, 16.9739 ], [ 104.3226, 16.9652 ], [ 104.3035, 16.9249 ], [ 104.2714, 16.9193 ], [ 104.2462, 16.891 ], [ 104.2216, 16.8892 ], [ 104.2076, 16.872 ], [ 104.1645, 16.8873 ], [ 104.1278, 16.8855 ], [ 104.1268, 16.8579 ], [ 104.1114, 16.8376 ], [ 104.0715, 16.8226 ] ] ] ] } },
{ "type": "Feature", "properties": { "jurisdiction": "SamutPrakan", "total_segments": 130, "flagged_segments": 5, "mean_sss": 49.1, "flagged_pct": 3.8 }, "geometry": { "type": "MultiPolygon", "coordinates": [ [ [ [ 100.8217, 13.49 ], [ 100.6325, 13.52 ], [ 100.5792, 13.5589 ], [ 100.5783, 13.5689 ], [ 100.5953, 13.5914 ], [ 100.5931, 13.6086 ], [ 100.5605, 13.6156 ], [ 100.5891, 13.6039 ], [ 100.5733, 13.5653 ], [ 100.5883, 13.535 ], [ 100.5833, 13.5239 ], [ 100.5725, 13.5144 ], [ 100.5314, 13.5058 ], [ 100.5205, 13.5106 ], [ 100.46, 13.4989 ], [ 100.4531, 13.5021 ], [ 100.4461, 13.5464 ], [ 100.4479, 13.5862 ], [ 100.4555, 13.6043 ], [ 100.468, 13.6028 ], [ 100.4708, 13.5927 ], [ 100.4819, 13.607 ], [ 100.5216, 13.6044 ], [ 100.5186, 13.6724 ], [ 100.5227, 13.6786 ], [ 100.5362, 13.6684 ], [ 100.5481, 13.6714 ], [ 100.559, 13.7058 ], [ 100.5891, 13.6911 ], [ 100.5811, 13.6672 ], [ 100.6473, 13.6507 ], [ 100.6558, 13.6697 ], [ 100.6675, 13.6745 ], [ 100.6686, 13.6653 ], [ 100.6995, 13.6545 ], [ 100.7132, 13.6942 ], [ 100.7112, 13.717 ], [ 100.7206, 13.7178 ], [ 100.7894, 13.7153 ], [ 100.9567, 13.6619 ], [ 100.9488, 13.653 ], [ 100.9638, 13.643 ], [ 100.9611, 13.6313 ], [ 100.925, 13.5927 ], [ 100.9085, 13.5902 ], [ 100.9165, 13.5704 ], [ 100.906, 13.5536 ], [ 100.8913, 13.5632 ], [ 100.8808, 13.5464 ], [ 100.8725, 13.4889 ], [ 100.8536, 13.4945 ], [ 100.8489, 13.4783 ], [ 100.8217, 13.49 ] ] ] ] } },
{ "type": "Feature", "properties": { "jurisdiction": "SamutSakhon", "total_segments": 53, "flagged_segments": 1, "mean_sss": 55.3, "flagged_pct": 1.9 }, "geometry": { "type": "MultiPolygon", "coordinates": [ [ [ [ 100.2675, 13.4858 ], [ 100.0796, 13.4249 ], [ 100.0736, 13.4565 ], [ 100.0429, 13.5016 ], [ 100.0292, 13.5088 ], [ 100.0312, 13.5288 ], [ 100.0448, 13.5459 ], [ 100.0376, 13.5784 ], [ 100.0431, 13.595 ], [ 100.0325, 13.6106 ], [ 100.0548, 13.6177 ], [ 100.0545, 13.6273 ], [ 100.0701, 13.6371 ], [ 100.0673, 13.6498 ], [ 100.1046, 13.6485 ], [ 100.1374, 13.6822 ], [ 100.1662, 13.6875 ], [ 100.1756, 13.6807 ], [ 100.1813, 13.6884 ], [ 100.1901, 13.6794 ], [ 100.2162, 13.6865 ], [ 100.2267, 13.6687 ], [ 100.2758, 13.6854 ], [ 100.2871, 13.71 ], [ 100.3213, 13.7201 ], [ 100.3321, 13.7327 ], [ 100.3401, 13.6402 ], [ 100.371, 13.6286 ], [ 100.3822, 13.59 ], [ 100.377, 13.585 ], [ 100.3851, 13.5877 ], [ 100.3953, 13.5566 ], [ 100.4185, 13.5596 ], [ 100.4204, 13.5418 ], [ 100.4052, 13.5108 ], [ 100.4086, 13.4931 ], [ 100.3425, 13.4856 ], [ 100.3114, 13.4911 ], [ 100.2833, 13.5047 ], [ 100.2672, 13.5264 ], [ 100.2783, 13.5347 ], [ 100.2767, 13.5417 ], [ 100.2633, 13.5267 ], [ 100.2753, 13.5075 ], [ 100.2675, 13.4858 ] ] ] ] } },
{ "type": "Feature", "properties": { "jurisdiction": "SamutSongkhram", "total_segments": 19, "flagged_segments": 1, "mean_sss": 59.0, "flagged_pct": 5.3 }, "geometry": { "type": "MultiPolygon", "coordinates": [ [ [ [ 99.9355, 13.2842 ], [ 99.8952, 13.2846 ], [ 99.8942, 13.2643 ], [ 99.8829, 13.2587 ], [ 99.885, 13.2456 ], [ 99.8777, 13.2504 ], [ 99.8601, 13.2449 ], [ 99.8571, 13.3269 ], [ 99.8675, 13.3745 ], [ 99.8914, 13.4293 ], [ 99.8925, 13.4691 ], [ 99.9214, 13.4999 ], [ 99.9151, 13.5103 ], [ 99.9259, 13.5136 ], [ 99.9372, 13.4989 ], [ 99.9624, 13.4958 ], [ 99.9672, 13.4857 ], [ 99.988, 13.4989 ], [ 99.9964, 13.494 ], [ 100.0109, 13.5141 ], [ 100.0429, 13.5016 ], [ 100.0736, 13.4565 ], [ 100.0796, 13.4249 ], [ 100.0492, 13.4092 ], [ 100.0344, 13.3711 ], [ 100.0228, 13.3614 ], [ 99.9992, 13.3678 ], [ 99.9839, 13.3869 ], [ 100.0022, 13.3547 ], [ 99.9986, 13.3319 ], [ 99.9614, 13.3078 ], [ 99.9519, 13.3092 ], [ 99.9531, 13.2954 ], [ 99.9385, 13.2921 ], [ 99.9355, 13.2842 ] ] ] ] } },
{ "type": "Feature", "properties": { "jurisdiction": "Saraburi", "total_segments": 143, "flagged_segments": 4, "mean_sss": 61.1, "flagged_pct": 2.8 }, "geometry": { "type": "MultiPolygon", "coordinates": [ [ [ [ 100.8244, 14.3263 ], [ 100.7887, 14.3215 ], [ 100.7739, 14.327 ], [ 100.7936, 14.3617 ], [ 100.7864, 14.378 ], [ 100.798, 14.3892 ], [ 100.7826, 14.397 ], [ 100.7807, 14.4089 ], [ 100.7607, 14.4126 ], [ 100.7694, 14.4208 ], [ 100.7626, 14.4503 ], [ 100.7712, 14.4634 ], [ 100.7674, 14.4766 ], [ 100.7737, 14.4819 ], [ 100.766, 14.4828 ], [ 100.7727, 14.4922 ], [ 100.7617, 14.4934 ], [ 100.7494, 14.5164 ], [ 100.7805, 14.5304 ], [ 100.7767, 14.5497 ], [ 100.7839, 14.5665 ], [ 100.7432, 14.5687 ], [ 100.7314, 14.5804 ], [ 100.7312, 14.5701 ], [ 100.7174, 14.5703 ], [ 100.7162, 14.5791 ], [ 100.702, 14.5725 ], [ 100.6921, 14.5828 ], [ 100.6756, 14.5802 ], [ 100.6699, 14.5524 ], [ 100.6055, 14.5529 ], [ 100.6046, 14.5766 ], [ 100.5766, 14.595 ], [ 100.5867, 14.6316 ], [ 100.6276, 14.6771 ], [ 100.6065, 14.7107 ], [ 100.6076, 14.7225 ], [ 100.657, 14.7142 ], [ 100.6931, 14.7503 ], [ 100.7122, 14.748 ], [ 100.725, 14.7567 ], [ 100.7514, 14.8067 ], [ 100.7907, 14.7924 ], [ 100.8072, 14.7945 ], [ 100.8123, 14.803 ], [ 100.8387, 14.8024 ], [ 100.873, 14.7615 ], [ 100.8898, 14.7709 ], [ 100.9021, 14.7681 ], [ 100.9453, 14.7401 ], [ 100.9648, 14.7448 ], [ 100.9722, 14.756 ], [ 100.9588, 14.767 ], [ 100.9565, 14.7811 ], [ 100.9561, 14.8189 ], [ 100.9677, 14.8309 ], [ 101.0081, 14.8283 ], [ 101.0643, 14.7831 ], [ 101.064, 14.7899 ], [ 101.0742, 14.7902 ], [ 101.0704, 14.8129 ], [ 101.0789, 14.8093 ], [ 101.0903, 14.8294 ], [ 101.0706, 14.8298 ], [ 101.0671, 14.8389 ], [ 101.081, 14.8499 ], [ 101.0849, 14.8426 ], [ 101.091, 14.8459 ], [ 101.0754, 14.8775 ], [ 101.0918, 14.8911 ], [ 101.0948, 14.9046 ], [ 101.1544, 14.8962 ], [ 101.1944, 14.9198 ], [ 101.2265, 14.9208 ], [ 101.2351, 14.9394 ], [ 101.2438, 14.9177 ], [ 101.2592, 14.9116 ], [ 101.2771, 14.9366 ], [ 101.279, 14.9699 ], [ 101.3253, 14.9729 ], [ 101.3497, 14.9924 ], [ 101.3528, 15.0266 ], [ 101.3633, 15.044 ], [ 101.3874, 15.036 ], [ 101.4133, 15.0431 ], [ 101.426, 15.0113 ], [ 101.4222, 14.9951 ], [ 101.4316, 14.9817 ], [ 101.432, 14.9551 ], [ 101.4508, 14.911 ], [ 101.4531, 14.8573 ], [ 101.4172, 14.8432 ], [ 101.3949, 14.8153 ], [ 101.3386, 14.7848 ], [ 101.3362, 14.7638 ], [ 101.3094, 14.7572 ], [ 101.3008, 14.7358 ], [ 101.2843, 14.7436 ], [ 101.2821, 14.7244 ], [ 101.2332, 14.7316 ], [ 101.215, 14.7589 ], [ 101.2017, 14.7592 ], [ 101.1994, 14.7483 ], [ 101.1905, 14.747 ], [ 101.1961, 14.739 ], [ 101.1889, 14.71 ], [ 101.2055, 14.6825 ], [ 101.206, 14.6075 ], [ 101.2166, 14.5856 ], [ 101.1836, 14.5426 ], [ 101.186, 14.533 ], [ 101.2255, 14.5031 ], [ 101.2443, 14.4723 ], [ 101.2264, 14.4697 ], [ 101.235, 14.4581 ], [ 101.224, 14.4458 ], [ 101.2294, 14.4299 ], [ 101.2167, 14.4364 ], [ 101.2112, 14.4279 ], [ 101.2124, 14.4122 ], [ 101.2036, 14.4005 ], [ 101.2119, 14.3703 ], [ 101.1882, 14.3653 ], [ 101.1868, 14.3528 ], [ 101.1654, 14.3412 ], [ 101.149, 14.3718 ], [ 101.1195, 14.3823 ], [ 101.0877, 14.3815 ], [ 101.0577, 14.4127 ], [ 101.0617, 14.3483 ], [ 101.0207, 14.3022 ], [ 100.9902, 14.2968 ], [ 100.989, 14.2864 ], [ 100.9778, 14.29 ], [ 100.9708, 14.304 ], [ 100.9511, 14.3067 ], [ 100.9468, 14.287 ], [ 100.9529, 14.272 ], [ 100.8944, 14.2431 ], [ 100.8925, 14.2733 ], [ 100.8253, 14.2426 ], [ 100.8244, 14.3263 ] ] ] ] } },
{ "type": "Feature", "properties": { "jurisdiction": "Satun", "total_segments": 67, "flagged_segments": 2, "mean_sss": 29.9, "flagged_pct": 3.0 }, "geometry": { "type": "MultiPolygon", "coordinates": [ [ [ [ 100.0912, 6.4269 ], [ 100.0879, 6.4309 ], [ 100.0885, 6.4353 ], [ 100.0912, 6.4269 ] ] ], [ [ [ 100.0631, 6.4525 ], [ 100.0642, 6.4496 ], [ 100.0616, 6.4448 ], [ 100.0631, 6.4525 ] ] ], [ [ [ 100.1039, 6.4558 ], [ 100.1, 6.4539 ], [ 100.1017, 6.4581 ], [ 100.1039, 6.4558 ] ] ], [ [ [ 100.0741, 6.4655 ], [ 100.0647, 6.4597 ], [ 100.0716, 6.4716 ], [ 100.0741, 6.4655 ] ] ], [ [ [ 100.1573, 6.5783 ], [ 100.1633, 6.4973 ], [ 100.1547, 6.4853 ], [ 100.1587, 6.4789 ], [ 100.1453, 6.4689 ], [ 100.1479, 6.4535 ], [ 100.1244, 6.4051 ], [ 100.1148, 6.4515 ], [ 100.1195, 6.4658 ], [ 100.1143, 6.4589 ], [ 100.1017, 6.4964 ], [ 100.1058, 6.5 ], [ 100.1164, 6.4969 ], [ 100.124, 6.5009 ], [ 100.1167, 6.5117 ], [ 100.1258, 6.5169 ], [ 100.1306, 6.5288 ], [ 100.1156, 6.5119 ], [ 100.1189, 6.4991 ], [ 100.1067, 6.5022 ], [ 100.0847, 6.495 ], [ 100.1, 6.5153 ], [ 100.0947, 6.5417 ], [ 100.1003, 6.5467 ], [ 100.0808, 6.5569 ], [ 100.0811, 6.5678 ], [ 100.0662, 6.5173 ], [ 100.0485, 6.5218 ], [ 100.0069, 6.5613 ], [ 99.9894, 6.5943 ], [ 99.9953, 6.5983 ], [ 100.0092, 6.5867 ], [ 100.025, 6.5875 ], [ 100.0222, 6.5778 ], [ 100.0308, 6.575 ], [ 100.0286, 6.5692 ], [ 100.0297, 6.5667 ], [ 100.0328, 6.575 ], [ 100.0269, 6.5878 ], [ 100.0142, 6.5892 ], [ 100.0237, 6.6032 ], [ 100.04, 6.5808 ], [ 100.0528, 6.5733 ], [ 100.0578, 6.5786 ], [ 100.0586, 6.5885 ], [ 100.0494, 6.5781 ], [ 100.0244, 6.6067 ], [ 100.0078, 6.5925 ], [ 99.9913, 6.6097 ], [ 99.9962, 6.6264 ], [ 100.0081, 6.6194 ], [ 100.0, 6.6292 ], [ 99.9892, 6.6219 ], [ 99.9875, 6.6081 ], [ 99.9505, 6.5844 ], [ 99.9492, 6.6172 ], [ 99.9619, 6.6169 ], [ 99.975, 6.6297 ], [ 99.9635, 6.6376 ], [ 99.9558, 6.6581 ], [ 99.9706, 6.6589 ], [ 99.9567, 6.6608 ], [ 99.9522, 6.6783 ], [ 99.9578, 6.6853 ], [ 99.97, 6.6794 ], [ 99.9536, 6.6889 ], [ 99.949, 6.6665 ], [ 99.9361, 6.6562 ], [ 99.9199, 6.6749 ], [ 99.9236, 6.6883 ], [ 99.9147, 6.7069 ], [ 99.9156, 6.6956 ], [ 99.9069, 6.69 ], [ 99.9042, 6.7058 ], [ 99.9172, 6.7285 ], [ 99.9114, 6.7244 ], [ 99.9062, 6.7363 ], [ 99.9128, 6.7483 ], [ 99.9069, 6.7569 ], [ 99.9172, 6.7656 ], [ 99.9044, 6.7569 ], [ 99.9102, 6.749 ], [ 99.9038, 6.7399 ], [ 99.9031, 6.7209 ], [ 99.8779, 6.7202 ], [ 99.8683, 6.7483 ], [ 99.8422, 6.7761 ], [ 99.8386, 6.7897 ], [ 99.8536, 6.8058 ], [ 99.8517, 6.8094 ], [ 99.84, 6.8122 ], [ 99.84, 6.8253 ], [ 99.8389, 6.8117 ], [ 99.8517, 6.8047 ], [ 99.8255, 6.7853 ], [ 99.8286, 6.8019 ], [ 99.8244, 6.8064 ], [ 99.8197, 6.8044 ], [ 99.8156, 6.8092 ], [ 99.8189, 6.8033 ], [ 99.8269, 6.8028 ], [ 99.8233, 6.7853 ], [ 99.8275, 6.7839 ], [ 99.8353, 6.7861 ], [ 99.8383, 6.779 ], [ 99.8119, 6.7697 ], [ 99.7963, 6.8152 ], [ 99.7786, 6.8379 ], [ 99.7719, 6.8419 ], [ 99.7533, 6.8325 ], [ 99.7233, 6.8542 ], [ 99.7226, 6.8626 ], [ 99.6972, 6.8564 ], [ 99.6959, 6.8641 ], [ 99.7061, 6.8669 ], [ 99.6964, 6.8694 ], [ 99.6778, 6.9 ], [ 99.6881, 6.9069 ], [ 99.6828, 6.9464 ], [ 99.7005, 6.9539 ], [ 99.7047, 6.9378 ], [ 99.7083, 6.9467 ], [ 99.7334, 6.9219 ], [ 99.7443, 6.9372 ], [ 99.7436, 6.9544 ], [ 99.7592, 6.9567 ], [ 99.7339, 6.9611 ], [ 99.7406, 6.9414 ], [ 99.7331, 6.9344 ], [ 99.7067, 6.9561 ], [ 99.7011, 6.9706 ], [ 99.7114, 6.9786 ], [ 99.6825, 6.9597 ], [ 99.6831, 6.9719 ], [ 99.6889, 6.9706 ], [ 99.6994, 6.9789 ], [ 99.7033, 6.9839 ], [ 99.7044, 6.9917 ], [ 99.6903, 6.9733 ], [ 99.6767, 6.9822 ], [ 99.6703, 7.0028 ], [ 99.693, 7.0201 ], [ 99.6984, 7.0155 ], [ 99.7005, 7.0175 ], [ 99.6964, 7.0253 ], [ 99.6823, 7.015 ], [ 99.6703, 7.0399 ], [ 99.6967, 7.0767 ], [ 99.7003, 7.0665 ], [ 99.7158, 7.0447 ], [ 99.7024, 7.0666 ], [ 99.7122, 7.0867 ], [ 99.7204, 7.0861 ], [ 99.7135, 7.1025 ], [ 99.7289, 7.1116 ], [ 99.7395, 7.1036 ], [ 99.7371, 7.129 ], [ 99.7653, 7.1219 ], [ 99.788, 7.127 ], [ 99.8205, 7.0967 ], [ 99.8338, 7.0954 ], [ 99.8348, 7.08 ], [ 99.8566, 7.069 ], [ 99.8639, 7.0691 ], [ 99.8671, 7.0804 ], [ 99.888, 7.0806 ], [ 99.8984, 7.0959 ], [ 99.9407, 7.1065 ], [ 99.9533, 7.0965 ], [ 99.9797, 7.1018 ], [ 99.9826, 7.1122 ], [ 100.0023, 7.1128 ], [ 100.0253, 7.1026 ], [ 100.0281, 7.0903 ], [ 100.039, 7.1091 ], [ 100.0565, 7.1074 ], [ 100.064, 7.0565 ], [ 100.0791, 7.0407 ], [ 100.0639, 7.0313 ], [ 100.0629, 7.0195 ], [ 100.0829, 6.9979 ], [ 100.0793, 6.9758 ], [ 100.1174, 6.9382 ], [ 100.1222, 6.9238 ], [ 100.185, 6.9124 ], [ 100.2073, 6.8959 ], [ 100.2207, 6.8716 ], [ 100.1987, 6.837 ], [ 100.1908, 6.8081 ], [ 100.2009, 6.7715 ], [ 100.2139, 6.7608 ], [ 100.2066, 6.7291 ], [ 100.1719, 6.6939 ], [ 100.1811, 6.6545 ], [ 100.1689, 6.6467 ], [ 100.1669, 6.6227 ], [ 100.1843, 6.5773 ], [ 100.1747, 6.5685 ], [ 100.1573, 6.5783 ] ] ], [ [ [ 100.0568, 6.5797 ], [ 100.0511, 6.5772 ], [ 100.0561, 6.5811 ], [ 100.0568, 6.5797 ] ] ], [ [ [ 99.9543, 6.5389 ], [ 99.956, 6.539 ], [ 99.9552, 6.538 ], [ 99.9543, 6.5389 ] ] ], [ [ [ 99.9535, 6.5476 ], [ 99.9549, 6.5511 ], [ 99.9565, 6.5504 ], [ 99.9535, 6.5476 ] ] ], [ [ [ 99.9573, 6.5492 ], [ 99.9591, 6.5508 ], [ 99.958, 6.5481 ], [ 99.9573, 6.5492 ] ] ], [ [ [ 99.9819, 6.5578 ], [ 99.9807, 6.5608 ], [ 99.9832, 6.5603 ], [ 99.9819, 6.5578 ] ] ], [ [ [ 100.0412, 6.5809 ], [ 100.0427, 6.5811 ], [ 100.0428, 6.5806 ], [ 100.0412, 6.5809 ] ] ], [ [ [ 99.9733, 6.5844 ], [ 99.9758, 6.5851 ], [ 99.9739, 6.5831 ], [ 99.9733, 6.5844 ] ] ], [ [ [ 99.9485, 6.6498 ], [ 99.9507, 6.6557 ], [ 99.9521, 6.657 ], [ 99.9508, 6.6509 ], [ 99.9485, 6.6498 ] ] ], [ [ [ 99.9522, 6.6625 ], [ 99.9494, 6.6631 ], [ 99.9511, 6.6647 ], [ 99.9522, 6.6625 ] ] ], [ [ [ 99.8252, 6.7188 ], [ 99.8106, 6.7115 ], [ 99.8054, 6.715 ], [ 99.818, 6.7204 ], [ 99.8252, 6.7188 ] ] ], [ [ [ 99.7053, 6.7353 ], [ 99.706, 6.7292 ], [ 99.7039, 6.7344 ], [ 99.7053, 6.7353 ] ] ], [ [ [ 99.753, 6.7593 ], [ 99.7542, 6.7604 ], [ 99.7534, 6.7581 ], [ 99.753, 6.7593 ] ] ], [ [ [ 99.7628, 6.7849 ], [ 99.7632, 6.7781 ], [ 99.7595, 6.7835 ], [ 99.7628, 6.7849 ] ] ], [ [ [ 99.8862, 6.7147 ], [ 99.8825, 6.7164 ], [ 99.8931, 6.716 ], [ 99.8862, 6.7147 ] ] ], [ [ [ 99.8464, 6.7322 ], [ 99.8619, 6.7281 ], [ 99.8639, 6.705 ], [ 99.8407, 6.7097 ], [ 99.8464, 6.7322 ] ] ], [ [ [ 99.774, 6.7794 ], [ 99.7673, 6.7842 ], [ 99.7694, 6.7933 ], [ 99.7776, 6.7853 ], [ 99.774, 6.7794 ] ] ], [ [ [ 99.3057, 6.4954 ], [ 99.3089, 6.4795 ], [ 99.3017, 6.4872 ], [ 99.2839, 6.4819 ], [ 99.3057, 6.4954 ] ] ], [ [ [ 99.3319, 6.4879 ], [ 99.3351, 6.4883 ], [ 99.3339, 6.4866 ], [ 99.3319, 6.4879 ] ] ], [ [ [ 99.1776, 6.4936 ], [ 99.1786, 6.4934 ], [ 99.1776, 6.493 ], [ 99.1776, 6.4936 ] ] ], [ [ [ 99.1801, 6.4988 ], [ 99.1786, 6.4989 ], [ 99.18, 6.4996 ], [ 99.1801, 6.4988 ] ] ], [ [ [ 99.1809, 6.5017 ], [ 99.1823, 6.5014 ], [ 99.1809, 6.5013 ], [ 99.1809, 6.5017 ] ] ], [ [ [ 99.1806, 6.5061 ], [ 99.1764, 6.5043 ], [ 99.18, 6.5072 ], [ 99.1806, 6.5061 ] ] ], [ [ [ 99.1722, 6.5061 ], [ 99.1747, 6.5075 ], [ 99.173, 6.5056 ], [ 99.1722, 6.5061 ] ] ], [ [ [ 99.1758, 6.515 ], [ 99.1727, 6.5116 ], [ 99.1742, 6.5156 ], [ 99.1758, 6.515 ] ] ], [ [ [ 99.2592, 6.5131 ], [ 99.2631, 6.5139 ], [ 99.2592, 6.5123 ], [ 99.2592, 6.5131 ] ] ], [ [ [ 99.2715, 6.5244 ], [ 99.2699, 6.5233 ], [ 99.2707, 6.5251 ], [ 99.2715, 6.5244 ] ] ], [ [ [ 99.1542, 6.5339 ], [ 99.1656, 6.5414 ], [ 99.185, 6.5214 ], [ 99.1758, 6.5162 ], [ 99.1582, 6.5223 ], [ 99.1542, 6.5339 ] ] ], [ [ [ 99.2804, 6.5758 ], [ 99.3161, 6.5644 ], [ 99.3146, 6.5564 ], [ 99.3261, 6.5519 ], [ 99.3241, 6.5247 ], [ 99.3136, 6.5095 ], [ 99.2844, 6.5087 ], [ 99.2743, 6.5599 ], [ 99.2804, 6.5758 ] ] ], [ [ [ 99.2618, 6.545 ], [ 99.2593, 6.5407 ], [ 99.2552, 6.543 ], [ 99.2618, 6.545 ] ] ], [ [ [ 99.2509, 6.5806 ], [ 99.2576, 6.556 ], [ 99.2209, 6.5387 ], [ 99.19, 6.5465 ], [ 99.1717, 6.5409 ], [ 99.1644, 6.5478 ], [ 99.1669, 6.5531 ], [ 99.1824, 6.547 ], [ 99.1936, 6.5789 ], [ 99.2509, 6.5806 ] ] ], [ [ [ 99.3485, 6.5629 ], [ 99.3409, 6.5674 ], [ 99.3417, 6.5714 ], [ 99.3485, 6.5629 ] ] ], [ [ [ 99.4439, 6.5586 ], [ 99.4511, 6.5761 ], [ 99.4555, 6.576 ], [ 99.453, 6.5643 ], [ 99.4439, 6.5586 ] ] ], [ [ [ 99.7061, 6.5457 ], [ 99.7074, 6.5487 ], [ 99.7067, 6.5456 ], [ 99.7061, 6.5457 ] ] ], [ [ [ 99.7189, 6.5831 ], [ 99.7208, 6.5828 ], [ 99.7197, 6.5817 ], [ 99.7189, 6.5831 ] ] ], [ [ [ 99.8375, 6.585 ], [ 99.8339, 6.5839 ], [ 99.8364, 6.5864 ], [ 99.8375, 6.585 ] ] ], [ [ [ 99.8333, 6.6501 ], [ 99.8324, 6.6551 ], [ 99.8347, 6.6542 ], [ 99.8333, 6.6501 ] ] ], [ [ [ 99.849, 6.5639 ], [ 99.8492, 6.5689 ], [ 99.8518, 6.5681 ], [ 99.849, 6.5639 ] ] ], [ [ [ 99.8658, 6.6679 ], [ 99.8528, 6.6614 ], [ 99.8446, 6.6506 ], [ 99.8475, 6.6669 ], [ 99.8658, 6.6679 ] ] ], [ [ [ 99.8442, 6.6697 ], [ 99.8442, 6.6731 ], [ 99.8458, 6.6717 ], [ 99.8442, 6.6697 ] ] ], [ [ [ 99.8671, 6.6887 ], [ 99.8595, 6.6782 ], [ 99.8641, 6.691 ], [ 99.8671, 6.6887 ] ] ], [ [ [ 99.9063, 6.6844 ], [ 99.9069, 6.6884 ], [ 99.9087, 6.6875 ], [ 99.9063, 6.6844 ] ] ], [ [ [ 99.9134, 6.6888 ], [ 99.9145, 6.6873 ], [ 99.9142, 6.6869 ], [ 99.9134, 6.6888 ] ] ], [ [ [ 99.8596, 6.6906 ], [ 99.8573, 6.6964 ], [ 99.8616, 6.6955 ], [ 99.8596, 6.6906 ] ] ], [ [ [ 99.845, 6.7015 ], [ 99.8426, 6.6962 ], [ 99.8358, 6.6942 ], [ 99.8364, 6.6992 ], [ 99.845, 6.7015 ] ] ], [ [ [ 99.87, 6.7039 ], [ 99.8722, 6.7053 ], [ 99.8711, 6.7025 ], [ 99.87, 6.7039 ] ] ], [ [ [ 99.8824, 6.7088 ], [ 99.8781, 6.6998 ], [ 99.8728, 6.7028 ], [ 99.8824, 6.7088 ] ] ], [ [ [ 99.8878, 6.7131 ], [ 99.8737, 6.7106 ], [ 99.8718, 6.7161 ], [ 99.8878, 6.7131 ] ] ], [ [ [ 99.7053, 6.5244 ], [ 99.7019, 6.5169 ], [ 99.6978, 6.5222 ], [ 99.7053, 6.5244 ] ] ], [ [ [ 99.695, 6.5186 ], [ 99.6896, 6.5242 ], [ 99.6929, 6.5271 ], [ 99.695, 6.5186 ] ] ], [ [ [ 99.7017, 6.6117 ], [ 99.7022, 6.6072 ], [ 99.7003, 6.6117 ], [ 99.7017, 6.6117 ] ] ], [ [ [ 99.6903, 6.6158 ], [ 99.6897, 6.6211 ], [ 99.69, 6.6211 ], [ 99.6903, 6.6158 ] ] ], [ [ [ 99.4661, 6.5691 ], [ 99.4689, 6.5709 ], [ 99.4669, 6.5678 ], [ 99.4661, 6.5691 ] ] ], [ [ [ 99.4547, 6.587 ], [ 99.4564, 6.5769 ], [ 99.4523, 6.5867 ], [ 99.4547, 6.587 ] ] ], [ [ [ 99.6644, 6.7156 ], [ 99.6658, 6.7031 ], [ 99.6703, 6.6972 ], [ 99.6768, 6.7013 ], [ 99.6843, 6.6845 ], [ 99.6852, 6.6395 ], [ 99.6789, 6.6259 ], [ 99.6945, 6.6012 ], [ 99.6913, 6.5697 ], [ 99.6992, 6.5472 ], [ 99.6936, 6.5283 ], [ 99.6761, 6.5394 ], [ 99.6679, 6.5309 ], [ 99.6738, 6.5119 ], [ 99.6533, 6.503 ], [ 99.638, 6.5474 ], [ 99.6244, 6.5663 ], [ 99.6141, 6.5664 ], [ 99.596, 6.6005 ], [ 99.6012, 6.6126 ], [ 99.6153, 6.614 ], [ 99.6145, 6.66 ], [ 99.6275, 6.6628 ], [ 99.6408, 6.6791 ], [ 99.643, 6.738 ], [ 99.6644, 6.7156 ] ] ], [ [ [ 99.6932, 6.6418 ], [ 99.6932, 6.6395 ], [ 99.692, 6.6421 ], [ 99.6932, 6.6418 ] ] ], [ [ [ 99.6917, 6.6536 ], [ 99.6925, 6.6514 ], [ 99.6917, 6.6506 ], [ 99.6917, 6.6536 ] ] ], [ [ [ 99.6908, 6.6683 ], [ 99.6906, 6.6619 ], [ 99.6892, 6.6683 ], [ 99.6908, 6.6683 ] ] ], [ [ [ 99.6728, 6.7056 ], [ 99.6711, 6.7094 ], [ 99.6711, 6.7103 ], [ 99.6728, 6.7103 ], [ 99.6728, 6.7056 ] ] ], [ [ [ 99.6603, 6.7283 ], [ 99.6614, 6.7292 ], [ 99.6625, 6.7261 ], [ 99.6603, 6.7283 ] ] ], [ [ [ 99.6736, 6.8144 ], [ 99.6722, 6.8122 ], [ 99.6717, 6.8143 ], [ 99.6736, 6.8144 ] ] ], [ [ [ 99.6661, 6.8139 ], [ 99.669, 6.8131 ], [ 99.6683, 6.8114 ], [ 99.6661, 6.8139 ] ] ], [ [ [ 99.6962, 6.8483 ], [ 99.6936, 6.8156 ], [ 99.6836, 6.8306 ], [ 99.6778, 6.8111 ], [ 99.6845, 6.8422 ], [ 99.69, 6.8508 ], [ 99.6962, 6.8483 ] ] ], [ [ [ 99.6992, 6.8381 ], [ 99.6995, 6.8398 ], [ 99.7004, 6.8386 ], [ 99.6992, 6.8381 ] ] ], [ [ [ 99.7008, 6.8436 ], [ 99.7008, 6.8503 ], [ 99.7017, 6.8511 ], [ 99.7008, 6.8436 ] ] ], [ [ [ 99.7022, 7.0917 ], [ 99.7003, 7.0853 ], [ 99.6956, 7.0881 ], [ 99.6958, 7.0922 ], [ 99.7022, 7.0917 ] ] ] ] } },
{ "type": "Feature", "properties": { "jurisdiction": "SiSaKet", "total_segments": 193, "flagged_segments": 3, "mean_sss": 44.4, "flagged_pct": 1.6 }, "geometry": { "type": "MultiPolygon", "coordinates": [ [ [ [ 104.3291, 14.3714 ], [ 104.2754, 14.4085 ], [ 104.2521, 14.3915 ], [ 104.2454, 14.376 ], [ 104.2189, 14.3677 ], [ 104.188, 14.3849 ], [ 104.1709, 14.3763 ], [ 104.1706, 14.3576 ], [ 104.1398, 14.3559 ], [ 104.138, 14.3729 ], [ 104.1094, 14.3786 ], [ 104.0849, 14.3468 ], [ 104.0659, 14.3421 ], [ 104.0478, 14.3574 ], [ 104.0617, 14.4588 ], [ 104.0513, 14.4776 ], [ 104.0557, 14.4931 ], [ 104.0371, 14.4965 ], [ 104.0344, 14.5428 ], [ 104.0492, 14.5538 ], [ 104.0619, 14.5995 ], [ 104.0547, 14.6624 ], [ 104.0034, 14.7255 ], [ 104.0104, 14.7586 ], [ 103.9983, 14.7973 ], [ 103.9209, 14.8265 ], [ 103.9047, 14.8468 ], [ 103.9221, 14.8706 ], [ 103.9188, 14.8816 ], [ 103.9294, 14.9027 ], [ 103.9704, 14.9476 ], [ 103.9695, 14.9729 ], [ 103.983, 14.9727 ], [ 103.996, 14.9839 ], [ 104.0022, 15.0029 ], [ 103.9966, 15.015 ], [ 104.0126, 15.0181 ], [ 104.0151, 15.0405 ], [ 104.0231, 15.0454 ], [ 104.0074, 15.058 ], [ 104.0222, 15.0775 ], [ 104.0037, 15.0778 ], [ 103.9941, 15.0896 ], [ 104.0004, 15.0925 ], [ 103.9939, 15.1123 ], [ 104.0028, 15.1193 ], [ 103.9895, 15.1287 ], [ 104.0023, 15.1365 ], [ 104.0021, 15.1475 ], [ 103.9858, 15.1612 ], [ 103.9699, 15.1633 ], [ 103.9692, 15.1843 ], [ 103.9872, 15.2004 ], [ 103.9739, 15.2199 ], [ 103.9917, 15.2248 ], [ 103.989, 15.2467 ], [ 103.9998, 15.251 ], [ 103.9823, 15.2626 ], [ 103.9771, 15.2798 ], [ 103.9969, 15.2679 ], [ 104.0002, 15.2954 ], [ 104.0171, 15.2879 ], [ 104.0132, 15.3145 ], [ 104.031, 15.3163 ], [ 104.0247, 15.3295 ], [ 104.0381, 15.3259 ], [ 104.046, 15.34 ], [ 104.0775, 15.3522 ], [ 104.0921, 15.3473 ], [ 104.0938, 15.356 ], [ 104.0861, 15.3555 ], [ 104.0923, 15.3626 ], [ 104.0812, 15.3738 ], [ 104.0861, 15.3827 ], [ 104.0738, 15.3796 ], [ 104.0767, 15.3901 ], [ 104.0616, 15.4043 ], [ 104.0512, 15.3942 ], [ 104.0509, 15.4009 ], [ 104.0363, 15.4056 ], [ 104.007, 15.4077 ], [ 103.9952, 15.3922 ], [ 103.9898, 15.4055 ], [ 103.9979, 15.4469 ], [ 104.0318, 15.4867 ], [ 104.0632, 15.4985 ], [ 104.0585, 15.5134 ], [ 104.0698, 15.5262 ], [ 104.0765, 15.5219 ], [ 104.0761, 15.5375 ], [ 104.084, 15.546 ], [ 104.1073, 15.5452 ], [ 104.1029, 15.5662 ], [ 104.1315, 15.5543 ], [ 104.1401, 15.5333 ], [ 104.138, 15.5067 ], [ 104.1838, 15.477 ], [ 104.2334, 15.414 ], [ 104.2477, 15.373 ], [ 104.2655, 15.3703 ], [ 104.307, 15.3409 ], [ 104.3571, 15.3426 ], [ 104.3769, 15.3186 ], [ 104.3858, 15.2922 ], [ 104.4593, 15.2757 ], [ 104.4699, 15.2668 ], [ 104.5047, 15.2658 ], [ 104.5291, 15.2506 ], [ 104.5804, 15.2515 ], [ 104.5923, 15.2669 ], [ 104.6084, 15.2717 ], [ 104.6099, 15.2582 ], [ 104.6468, 15.2537 ], [ 104.6479, 15.2382 ], [ 104.6666, 15.2298 ], [ 104.654, 15.2445 ], [ 104.6602, 15.2562 ], [ 104.6682, 15.2553 ], [ 104.6814, 15.224 ], [ 104.6985, 15.2221 ], [ 104.6843, 15.2151 ], [ 104.6919, 15.2052 ], [ 104.6837, 15.1999 ], [ 104.7069, 15.1978 ], [ 104.7043, 15.1837 ], [ 104.7159, 15.1926 ], [ 104.721, 15.1874 ], [ 104.7006, 15.1691 ], [ 104.7002, 15.1568 ], [ 104.7288, 15.1688 ], [ 104.7387, 15.1604 ], [ 104.7061, 15.1288 ], [ 104.6818, 15.1213 ], [ 104.6825, 15.1064 ], [ 104.6729, 15.0978 ], [ 104.6785, 15.0909 ], [ 104.6906, 15.0978 ], [ 104.6791, 15.0828 ], [ 104.6952, 15.0811 ], [ 104.6821, 15.0474 ], [ 104.6878, 15.0415 ], [ 104.6719, 15.031 ], [ 104.6864, 15.0026 ], [ 104.6912, 14.9667 ], [ 104.6861, 14.9489 ], [ 104.7022, 14.9337 ], [ 104.7425, 14.9256 ], [ 104.8069, 14.8941 ], [ 104.8301, 14.8353 ], [ 104.8087, 14.8275 ], [ 104.7996, 14.8082 ], [ 104.8182, 14.7873 ], [ 104.8233, 14.751 ], [ 104.8453, 14.7338 ], [ 104.851, 14.7163 ], [ 104.8779, 14.6979 ], [ 104.8788, 14.6697 ], [ 104.8921, 14.651 ], [ 104.8688, 14.6612 ], [ 104.851, 14.6558 ], [ 104.8392, 14.6338 ], [ 104.8398, 14.6151 ], [ 104.8291, 14.6045 ], [ 104.8309, 14.5776 ], [ 104.8192, 14.5492 ], [ 104.8638, 14.4978 ], [ 104.8608, 14.4702 ], [ 104.8354, 14.4476 ], [ 104.8332, 14.4359 ], [ 104.8505, 14.4232 ], [ 104.881, 14.4343 ], [ 104.9081, 14.4112 ], [ 104.9094, 14.3995 ], [ 104.8717, 14.4182 ], [ 104.8379, 14.3979 ], [ 104.8339, 14.4158 ], [ 104.8194, 14.418 ], [ 104.8058, 14.4374 ], [ 104.7669, 14.4235 ], [ 104.7548, 14.4049 ], [ 104.7389, 14.4145 ], [ 104.7237, 14.4033 ], [ 104.7232, 14.4228 ], [ 104.7108, 14.4346 ], [ 104.6801, 14.3975 ], [ 104.6593, 14.4006 ], [ 104.6528, 14.4212 ], [ 104.6409, 14.4232 ], [ 104.5794, 14.3753 ], [ 104.5802, 14.3593 ], [ 104.5645, 14.354 ], [ 104.5352, 14.3556 ], [ 104.5001, 14.3763 ], [ 104.4652, 14.3452 ], [ 104.4611, 14.3602 ], [ 104.4373, 14.3578 ], [ 104.4148, 14.3719 ], [ 104.4044, 14.3662 ], [ 104.3983, 14.3746 ], [ 104.3858, 14.3718 ], [ 104.3762, 14.3836 ], [ 104.3551, 14.3692 ], [ 104.3291, 14.3714 ] ] ] ] } },
{ "type": "Feature", "properties": { "jurisdiction": "SingBuri", "total_segments": 78, "flagged_segments": 3, "mean_sss": 55.2, "flagged_pct": 3.8 }, "geometry": { "type": "MultiPolygon", "coordinates": [ [ [ [ 100.4751, 14.7209 ], [ 100.4162, 14.7264 ], [ 100.4175, 14.7474 ], [ 100.4263, 14.7503 ], [ 100.4081, 14.7543 ], [ 100.3821, 14.7412 ], [ 100.3702, 14.7632 ], [ 100.3566, 14.7582 ], [ 100.3427, 14.7691 ], [ 100.3438, 14.785 ], [ 100.33, 14.8008 ], [ 100.295, 14.7807 ], [ 100.2746, 14.7969 ], [ 100.2285, 14.7896 ], [ 100.2053, 14.809 ], [ 100.2256, 14.8818 ], [ 100.211, 14.8834 ], [ 100.2078, 14.8979 ], [ 100.2233, 14.9041 ], [ 100.1875, 14.9063 ], [ 100.1828, 14.9332 ], [ 100.1974, 14.9378 ], [ 100.203, 14.953 ], [ 100.261, 14.9435 ], [ 100.2793, 14.9589 ], [ 100.2614, 14.9888 ], [ 100.2698, 15.0083 ], [ 100.2578, 15.006 ], [ 100.2472, 15.0214 ], [ 100.2335, 15.024 ], [ 100.2338, 15.0541 ], [ 100.2948, 15.0652 ], [ 100.2972, 15.0824 ], [ 100.344, 15.1097 ], [ 100.3822, 15.0924 ], [ 100.4309, 15.0493 ], [ 100.4714, 15.0293 ], [ 100.4647, 15.0019 ], [ 100.4487, 14.9912 ], [ 100.4505, 14.9427 ], [ 100.4268, 14.9308 ], [ 100.4319, 14.8979 ], [ 100.4403, 14.8884 ], [ 100.4367, 14.8701 ], [ 100.4593, 14.8555 ], [ 100.469, 14.8348 ], [ 100.4739, 14.7612 ], [ 100.4897, 14.7471 ], [ 100.4751, 14.7209 ] ] ] ] } },
{ "type": "Feature", "properties": { "jurisdiction": "Songkhla", "total_segments": 200, "flagged_segments": 3, "mean_sss": 49.8, "flagged_pct": 1.5 }, "geometry": { "type": "MultiPolygon", "coordinates": [ [ [ [ 100.849, 6.2887 ], [ 100.8473, 6.3539 ], [ 100.83, 6.3469 ], [ 100.8218, 6.3566 ], [ 100.8233, 6.43 ], [ 100.7777, 6.4632 ], [ 100.7655, 6.4554 ], [ 100.7524, 6.4593 ], [ 100.7406, 6.5078 ], [ 100.7327, 6.5096 ], [ 100.7087, 6.4709 ], [ 100.6523, 6.4435 ], [ 100.6425, 6.4497 ], [ 100.6455, 6.4583 ], [ 100.6171, 6.4597 ], [ 100.5617, 6.4954 ], [ 100.5477, 6.4845 ], [ 100.5114, 6.4942 ], [ 100.49, 6.525 ], [ 100.4692, 6.5206 ], [ 100.4579, 6.5313 ], [ 100.4239, 6.5146 ], [ 100.3649, 6.5401 ], [ 100.3529, 6.5725 ], [ 100.3137, 6.604 ], [ 100.326, 6.6186 ], [ 100.3251, 6.6631 ], [ 100.2991, 6.6795 ], [ 100.2956, 6.7087 ], [ 100.2785, 6.7081 ], [ 100.2728, 6.6916 ], [ 100.2613, 6.6943 ], [ 100.2579, 6.7107 ], [ 100.2513, 6.6959 ], [ 100.2356, 6.6942 ], [ 100.2058, 6.7236 ], [ 100.2139, 6.7608 ], [ 100.2012, 6.7709 ], [ 100.1906, 6.8064 ], [ 100.1987, 6.837 ], [ 100.2206, 6.8704 ], [ 100.2073, 6.8959 ], [ 100.184, 6.9128 ], [ 100.1222, 6.9238 ], [ 100.1174, 6.9382 ], [ 100.0793, 6.9758 ], [ 100.0829, 6.9979 ], [ 100.0634, 7.0146 ], [ 100.0639, 7.0313 ], [ 100.0791, 7.0407 ], [ 100.0689, 7.0452 ], [ 100.074, 7.0477 ], [ 100.064, 7.0565 ], [ 100.0546, 7.0949 ], [ 100.0565, 7.1074 ], [ 100.0663, 7.1106 ], [ 100.0626, 7.1365 ], [ 100.074, 7.1463 ], [ 100.1201, 7.1659 ], [ 100.1562, 7.1487 ], [ 100.1747, 7.1752 ], [ 100.2237, 7.1936 ], [ 100.2659, 7.203 ], [ 100.2757, 7.1984 ], [ 100.2851, 7.2107 ], [ 100.3046, 7.2095 ], [ 100.3159, 7.2306 ], [ 100.3405, 7.2493 ], [ 100.3366, 7.2712 ], [ 100.3604, 7.277 ], [ 100.3565, 7.2985 ], [ 100.377, 7.314 ], [ 100.3827, 7.279 ], [ 100.3991, 7.2634 ], [ 100.4248, 7.2805 ], [ 100.4285, 7.309 ], [ 100.4145, 7.333 ], [ 100.3905, 7.4423 ], [ 100.3979, 7.4831 ], [ 100.3934, 7.5068 ], [ 100.3726, 7.543 ], [ 100.3346, 7.5395 ], [ 100.296, 7.4573 ], [ 100.256, 7.4938 ], [ 100.2352, 7.5238 ], [ 100.2266, 7.6713 ], [ 100.2078, 7.7809 ], [ 100.1827, 7.7852 ], [ 100.1735, 7.8047 ], [ 100.1455, 7.8091 ], [ 100.127, 7.7998 ], [ 100.1421, 7.8682 ], [ 100.2312, 7.8966 ], [ 100.247, 7.9165 ], [ 100.3076, 7.9139 ], [ 100.312, 7.9363 ], [ 100.3203, 7.9295 ], [ 100.3367, 7.9319 ], [ 100.4171, 7.581 ], [ 100.4608, 7.4275 ], [ 100.5119, 7.3097 ], [ 100.5647, 7.2294 ], [ 100.5753, 7.23 ], [ 100.5691, 7.2263 ], [ 100.5816, 7.1961 ], [ 100.5661, 7.1885 ], [ 100.5561, 7.1979 ], [ 100.5466, 7.196 ], [ 100.5377, 7.2122 ], [ 100.4773, 7.2558 ], [ 100.4088, 7.238 ], [ 100.3878, 7.2103 ], [ 100.4029, 7.1963 ], [ 100.4123, 7.2009 ], [ 100.4201, 7.1615 ], [ 100.4461, 7.1547 ], [ 100.4433, 7.1424 ], [ 100.4509, 7.1593 ], [ 100.4552, 7.144 ], [ 100.4683, 7.1564 ], [ 100.4894, 7.1336 ], [ 100.5489, 7.1407 ], [ 100.5938, 7.1781 ], [ 100.58, 7.2306 ], [ 100.6231, 7.1822 ], [ 100.6953, 7.0678 ], [ 100.7761, 6.9761 ], [ 100.8178, 6.9522 ], [ 100.8492, 6.9621 ], [ 100.9105, 6.9069 ], [ 100.9625, 6.8758 ], [ 100.9688, 6.8688 ], [ 100.9642, 6.8632 ], [ 100.9692, 6.8636 ], [ 100.9701, 6.8693 ], [ 100.968, 6.8722 ], [ 101.0214, 6.8511 ], [ 101.0638, 6.8551 ], [ 101.0445, 6.8481 ], [ 101.0433, 6.8395 ], [ 101.0739, 6.8279 ], [ 101.0638, 6.8294 ], [ 101.0572, 6.8041 ], [ 101.0291, 6.7789 ], [ 101.0323, 6.7433 ], [ 101.0187, 6.7256 ], [ 101.0568, 6.7163 ], [ 101.0585, 6.671 ], [ 101.1074, 6.6298 ], [ 101.0884, 6.6131 ], [ 101.1123, 6.5874 ], [ 101.0845, 6.5699 ], [ 101.0698, 6.5451 ], [ 101.0416, 6.5412 ], [ 101.0382, 6.5182 ], [ 101.0238, 6.4989 ], [ 101.0003, 6.4822 ], [ 100.9772, 6.4862 ], [ 100.9608, 6.4513 ], [ 100.9295, 6.4396 ], [ 100.917, 6.3975 ], [ 100.9269, 6.3693 ], [ 100.9197, 6.3541 ], [ 100.9288, 6.3208 ], [ 100.9182, 6.3186 ], [ 100.9096, 6.3038 ], [ 100.849, 6.2887 ] ] ], [ [ [ 100.8569, 6.9721 ], [ 100.8575, 6.9741 ], [ 100.858, 6.9722 ], [ 100.8569, 6.9721 ] ] ], [ [ [ 100.5439, 7.1823 ], [ 100.5581, 7.1586 ], [ 100.5253, 7.1481 ], [ 100.5261, 7.1578 ], [ 100.5361, 7.1592 ], [ 100.5439, 7.1823 ] ] ], [ [ [ 100.5989, 7.2375 ], [ 100.5953, 7.2356 ], [ 100.5964, 7.2397 ], [ 100.5989, 7.2375 ] ] ], [ [ [ 100.5642, 7.237 ], [ 100.5629, 7.241 ], [ 100.5661, 7.2375 ], [ 100.5642, 7.237 ] ] ], [ [ [ 100.5911, 7.2636 ], [ 100.5869, 7.2628 ], [ 100.5906, 7.2644 ], [ 100.5911, 7.2636 ] ] ] ] } },
{ "type": "Feature", "properties": { "jurisdiction": "Sukhothai", "total_segments": 193, "flagged_segments": 3, "mean_sss": 55.8, "flagged_pct": 1.6 }, "geometry": { "type": "MultiPolygon", "coordinates": [ [ [ [ 99.8758, 16.7658 ], [ 99.8458, 16.7136 ], [ 99.8301, 16.7223 ], [ 99.8163, 16.7192 ], [ 99.8036, 16.6903 ], [ 99.7707, 16.6812 ], [ 99.7325, 16.7077 ], [ 99.7286, 16.7232 ], [ 99.7366, 16.7309 ], [ 99.7363, 16.7346 ], [ 99.6966, 16.715 ], [ 99.6957, 16.7298 ], [ 99.6767, 16.7271 ], [ 99.6232, 16.7572 ], [ 99.5789, 16.8241 ], [ 99.5802, 16.853 ], [ 99.5158, 16.8661 ], [ 99.5116, 16.8826 ], [ 99.4905, 16.9068 ], [ 99.4684, 16.8957 ], [ 99.4607, 16.8766 ], [ 99.4443, 16.8835 ], [ 99.4272, 16.8791 ], [ 99.4465, 16.9077 ], [ 99.4341, 16.9279 ], [ 99.4165, 16.9357 ], [ 99.4134, 16.9508 ], [ 99.4209, 16.9563 ], [ 99.4126, 16.9783 ], [ 99.4335, 17.0092 ], [ 99.3952, 17.0232 ], [ 99.3878, 17.0597 ], [ 99.3943, 17.0804 ], [ 99.3711, 17.0937 ], [ 99.3406, 17.0895 ], [ 99.3221, 17.1098 ], [ 99.3222, 17.1243 ], [ 99.3311, 17.1336 ], [ 99.3151, 17.1413 ], [ 99.3198, 17.1566 ], [ 99.3112, 17.1848 ], [ 99.3208, 17.2065 ], [ 99.315, 17.2146 ], [ 99.322, 17.2414 ], [ 99.3166, 17.2674 ], [ 99.3416, 17.2657 ], [ 99.3597, 17.2468 ], [ 99.3744, 17.2113 ], [ 99.3909, 17.2055 ], [ 99.4013, 17.2186 ], [ 99.4207, 17.217 ], [ 99.4195, 17.2243 ], [ 99.4408, 17.2285 ], [ 99.4421, 17.2499 ], [ 99.4571, 17.2526 ], [ 99.4562, 17.3074 ], [ 99.4782, 17.3245 ], [ 99.4778, 17.34 ], [ 99.4711, 17.3663 ], [ 99.4575, 17.3666 ], [ 99.4429, 17.3877 ], [ 99.4309, 17.3909 ], [ 99.4314, 17.4163 ], [ 99.4406, 17.4192 ], [ 99.444, 17.4327 ], [ 99.4217, 17.4412 ], [ 99.4075, 17.4689 ], [ 99.4207, 17.4857 ], [ 99.4223, 17.517 ], [ 99.4406, 17.5271 ], [ 99.4322, 17.5467 ], [ 99.4368, 17.5619 ], [ 99.4148, 17.5728 ], [ 99.4265, 17.6069 ], [ 99.4418, 17.6079 ], [ 99.4551, 17.5974 ], [ 99.4491, 17.6431 ], [ 99.4778, 17.6757 ], [ 99.4717, 17.689 ], [ 99.4796, 17.7227 ], [ 99.4736, 17.7366 ], [ 99.5029, 17.7755 ], [ 99.5165, 17.7805 ], [ 99.5185, 17.7938 ], [ 99.5448, 17.8087 ], [ 99.6003, 17.8198 ], [ 99.6307, 17.8132 ], [ 99.6513, 17.7942 ], [ 99.6713, 17.7989 ], [ 99.6926, 17.757 ], [ 99.7086, 17.7552 ], [ 99.7112, 17.7372 ], [ 99.7279, 17.7198 ], [ 99.7539, 17.7376 ], [ 99.7579, 17.7481 ], [ 99.7524, 17.7513 ], [ 99.7657, 17.759 ], [ 99.7841, 17.7896 ], [ 99.8084, 17.8014 ], [ 99.8329, 17.8019 ], [ 99.8384, 17.7955 ], [ 99.8984, 17.8051 ], [ 99.9019, 17.7955 ], [ 99.924, 17.7842 ], [ 99.9275, 17.7726 ], [ 99.9143, 17.7625 ], [ 99.9215, 17.7476 ], [ 99.9689, 17.7004 ], [ 99.9786, 17.6549 ], [ 99.9671, 17.6305 ], [ 99.9765, 17.6207 ], [ 99.9252, 17.5843 ], [ 99.9275, 17.5655 ], [ 99.9433, 17.5419 ], [ 99.9278, 17.5194 ], [ 99.9829, 17.4854 ], [ 99.9896, 17.4671 ], [ 100.0041, 17.4575 ], [ 99.9979, 17.4403 ], [ 100.0052, 17.4173 ], [ 99.9907, 17.4005 ], [ 100.0106, 17.3804 ], [ 100.0014, 17.3669 ], [ 100.0091, 17.357 ], [ 100.002, 17.3519 ], [ 100.0161, 17.329 ], [ 99.9986, 17.2903 ], [ 99.9752, 17.2872 ], [ 99.9681, 17.2791 ], [ 99.9668, 17.2498 ], [ 99.957, 17.2397 ], [ 99.9773, 17.2441 ], [ 99.9602, 17.2289 ], [ 99.9835, 17.2126 ], [ 99.9746, 17.1968 ], [ 99.981, 17.1716 ], [ 99.9725, 17.1629 ], [ 99.9544, 17.1646 ], [ 99.9645, 17.1245 ], [ 99.9511, 17.1127 ], [ 99.9509, 17.0787 ], [ 99.9668, 17.0691 ], [ 99.9856, 17.0813 ], [ 99.9952, 17.0779 ], [ 99.9988, 17.0568 ], [ 100.0082, 17.0541 ], [ 100.0177, 17.031 ], [ 100.049, 17.0099 ], [ 100.0707, 17.0096 ], [ 100.0813, 17.0011 ], [ 100.0786, 16.9932 ], [ 100.0959, 16.9932 ], [ 100.1016, 16.976 ], [ 100.1096, 16.9738 ], [ 100.0995, 16.9717 ], [ 100.1069, 16.9669 ], [ 100.112, 16.9163 ], [ 100.1026, 16.9157 ], [ 100.1002, 16.9004 ], [ 100.0879, 16.8901 ], [ 100.0095, 16.8889 ], [ 100.0091, 16.866 ], [ 100.017, 16.8689 ], [ 100.0229, 16.8606 ], [ 100.0183, 16.8521 ], [ 99.9995, 16.8522 ], [ 100.0027, 16.859 ], [ 99.9913, 16.8664 ], [ 99.9531, 16.8573 ], [ 99.9429, 16.8248 ], [ 99.9121, 16.8023 ], [ 99.9245, 16.764 ], [ 99.8758, 16.7658 ] ] ] ] } },
{ "type": "Feature", "properties": { "jurisdiction": "SuphanBuri", "total_segments": 200, "flagged_segments": 5, "mean_sss": 60.9, "flagged_pct": 2.5 }, "geometry": { "type": "MultiPolygon", "coordinates": [ [ [ [ 99.8442, 14.0584 ], [ 99.8099, 14.0668 ], [ 99.8107, 14.0794 ], [ 99.7976, 14.0851 ], [ 99.7918, 14.0988 ], [ 99.7492, 14.0913 ], [ 99.7312, 14.1 ], [ 99.7293, 14.1175 ], [ 99.7469, 14.1847 ], [ 99.7587, 14.1815 ], [ 99.7684, 14.1987 ], [ 99.7853, 14.1901 ], [ 99.8058, 14.206 ], [ 99.8121, 14.2271 ], [ 99.8215, 14.2247 ], [ 99.8243, 14.3092 ], [ 99.8149, 14.336 ], [ 99.8217, 14.3479 ], [ 99.8178, 14.3937 ], [ 99.8247, 14.4107 ], [ 99.8164, 14.4384 ], [ 99.8215, 14.5019 ], [ 99.8125, 14.5438 ], [ 99.8223, 14.5726 ], [ 99.7984, 14.588 ], [ 99.8077, 14.6114 ], [ 99.8334, 14.6174 ], [ 99.7961, 14.6953 ], [ 99.776, 14.7058 ], [ 99.7964, 14.725 ], [ 99.797, 14.7377 ], [ 99.7831, 14.7461 ], [ 99.757, 14.7418 ], [ 99.7294, 14.7486 ], [ 99.6502, 14.803 ], [ 99.6163, 14.7808 ], [ 99.5808, 14.7889 ], [ 99.5697, 14.7826 ], [ 99.5482, 14.8006 ], [ 99.5499, 14.7664 ], [ 99.5408, 14.7453 ], [ 99.5529, 14.729 ], [ 99.5501, 14.721 ], [ 99.5146, 14.7011 ], [ 99.4649, 14.6954 ], [ 99.4617, 14.72 ], [ 99.4373, 14.7743 ], [ 99.4199, 14.7793 ], [ 99.3891, 14.7645 ], [ 99.3592, 14.7707 ], [ 99.332, 14.8049 ], [ 99.3106, 14.8117 ], [ 99.2833, 14.8595 ], [ 99.3185, 14.8925 ], [ 99.3228, 14.9209 ], [ 99.3123, 14.9349 ], [ 99.3219, 14.9472 ], [ 99.3047, 14.98 ], [ 99.2848, 14.9954 ], [ 99.2856, 15.0057 ], [ 99.3081, 15.0241 ], [ 99.2969, 15.0379 ], [ 99.3065, 15.0611 ], [ 99.3215, 15.0701 ], [ 99.3206, 15.0798 ], [ 99.3409, 15.0793 ], [ 99.3662, 15.0477 ], [ 99.4199, 15.0479 ], [ 99.4289, 15.0022 ], [ 99.4452, 14.9827 ], [ 99.4517, 14.9903 ], [ 99.5074, 14.9845 ], [ 99.5886, 14.945 ], [ 99.6319, 14.9383 ], [ 99.634, 14.969 ], [ 99.6279, 14.9774 ], [ 99.6353, 14.9888 ], [ 99.661, 14.9875 ], [ 99.6909, 14.9739 ], [ 99.7132, 14.9804 ], [ 99.7231, 14.9615 ], [ 99.7662, 14.9607 ], [ 99.7948, 14.9427 ], [ 99.8287, 14.9356 ], [ 99.8544, 14.9394 ], [ 99.8819, 14.9128 ], [ 99.9503, 14.9102 ], [ 99.9653, 14.9021 ], [ 100.0431, 14.9175 ], [ 100.0415, 14.9598 ], [ 100.1137, 14.9449 ], [ 100.1364, 14.9115 ], [ 100.203, 14.953 ], [ 100.1974, 14.9378 ], [ 100.1828, 14.9332 ], [ 100.183, 14.9237 ], [ 100.1909, 14.9043 ], [ 100.2233, 14.9041 ], [ 100.2078, 14.8979 ], [ 100.211, 14.8834 ], [ 100.2256, 14.8818 ], [ 100.2053, 14.809 ], [ 100.2288, 14.7889 ], [ 100.2097, 14.7739 ], [ 100.2068, 14.7401 ], [ 100.217, 14.7146 ], [ 100.2099, 14.6801 ], [ 100.2316, 14.6504 ], [ 100.196, 14.6075 ], [ 100.2112, 14.5778 ], [ 100.1966, 14.559 ], [ 100.2092, 14.5383 ], [ 100.2076, 14.5218 ], [ 100.2265, 14.5065 ], [ 100.2388, 14.4827 ], [ 100.2538, 14.481 ], [ 100.2452, 14.4594 ], [ 100.2494, 14.4355 ], [ 100.274, 14.428 ], [ 100.2823, 14.4019 ], [ 100.2681, 14.3818 ], [ 100.2684, 14.3244 ], [ 100.2437, 14.2835 ], [ 100.2445, 14.2097 ], [ 100.2156, 14.1819 ], [ 100.1562, 14.1662 ], [ 100.1324, 14.1452 ], [ 99.9421, 14.1345 ], [ 99.9322, 14.1206 ], [ 99.9061, 14.1137 ], [ 99.8701, 14.0713 ], [ 99.8442, 14.0584 ] ] ] ] } },
{ "type": "Feature", "properties": { "jurisdiction": "SuratThani", "total_segments": 333, "flagged_segments": 6, "mean_sss": 50.4, "flagged_pct": 1.8 }, "geometry": { "type": "MultiPolygon", "coordinates": [ [ [ [ 99.2759, 8.3007 ], [ 99.2322, 8.3172 ], [ 99.2081, 8.3368 ], [ 99.1281, 8.3656 ], [ 99.0381, 8.3637 ], [ 98.9711, 8.4161 ], [ 98.9478, 8.4245 ], [ 98.9386, 8.4413 ], [ 98.95, 8.4916 ], [ 98.9332, 8.5419 ], [ 98.9352, 8.5619 ], [ 98.888, 8.6181 ], [ 98.8593, 8.6266 ], [ 98.8436, 8.6549 ], [ 98.8002, 8.6553 ], [ 98.7954, 8.6404 ], [ 98.7604, 8.6722 ], [ 98.7476, 8.6744 ], [ 98.7213, 8.6291 ], [ 98.7056, 8.6297 ], [ 98.6728, 8.6611 ], [ 98.6618, 8.6553 ], [ 98.6485, 8.6595 ], [ 98.6393, 8.645 ], [ 98.6117, 8.6379 ], [ 98.6036, 8.6264 ], [ 98.5648, 8.638 ], [ 98.5366, 8.662 ], [ 98.5457, 8.6739 ], [ 98.5701, 8.6821 ], [ 98.594, 8.712 ], [ 98.5984, 8.797 ], [ 98.5547, 8.814 ], [ 98.5525, 8.8287 ], [ 98.5325, 8.8446 ], [ 98.5354, 8.8581 ], [ 98.5138, 8.8605 ], [ 98.5053, 8.8806 ], [ 98.4453, 8.8955 ], [ 98.4562, 8.9325 ], [ 98.4427, 8.9454 ], [ 98.4506, 8.9659 ], [ 98.494, 8.9853 ], [ 98.5051, 8.9831 ], [ 98.5105, 8.9955 ], [ 98.4876, 9.016 ], [ 98.4725, 9.0631 ], [ 98.4939, 9.0811 ], [ 98.4802, 9.1238 ], [ 98.4819, 9.1478 ], [ 98.5024, 9.154 ], [ 98.4939, 9.1726 ], [ 98.4963, 9.2011 ], [ 98.5025, 9.217 ], [ 98.5247, 9.2363 ], [ 98.5304, 9.2547 ], [ 98.5269, 9.2965 ], [ 98.5059, 9.3086 ], [ 98.506, 9.3159 ], [ 98.5464, 9.3606 ], [ 98.5646, 9.3582 ], [ 98.5864, 9.3675 ], [ 98.59, 9.355 ], [ 98.6106, 9.3418 ], [ 98.6341, 9.3563 ], [ 98.6591, 9.3468 ], [ 98.6706, 9.3654 ], [ 98.6719, 9.3882 ], [ 98.6479, 9.3878 ], [ 98.654, 9.3992 ], [ 98.647, 9.425 ], [ 98.6622, 9.4197 ], [ 98.6809, 9.435 ], [ 98.6681, 9.4464 ], [ 98.6677, 9.4642 ], [ 98.6944, 9.4698 ], [ 98.704, 9.4853 ], [ 98.7154, 9.4867 ], [ 98.7169, 9.4989 ], [ 98.747, 9.5348 ], [ 98.7636, 9.5362 ], [ 98.768, 9.5444 ], [ 98.7582, 9.558 ], [ 98.7585, 9.5737 ], [ 98.7374, 9.5839 ], [ 98.7388, 9.6011 ], [ 98.7681, 9.6339 ], [ 98.7677, 9.6858 ], [ 98.7822, 9.6922 ], [ 98.7914, 9.6832 ], [ 98.8193, 9.7026 ], [ 98.8447, 9.7036 ], [ 98.8712, 9.7305 ], [ 98.8849, 9.7258 ], [ 98.9042, 9.7353 ], [ 98.9288, 9.7205 ], [ 98.9575, 9.7206 ], [ 98.9621, 9.7118 ], [ 98.9869, 9.7106 ], [ 98.9964, 9.703 ], [ 99.005, 9.7103 ], [ 99.0078, 9.6993 ], [ 99.0338, 9.6933 ], [ 99.0526, 9.6664 ], [ 99.0751, 9.6512 ], [ 99.0959, 9.6627 ], [ 99.0723, 9.6878 ], [ 99.0785, 9.7034 ], [ 99.1028, 9.7035 ], [ 99.1177, 9.6929 ], [ 99.1286, 9.7027 ], [ 99.1592, 9.7034 ], [ 99.1708, 9.6544 ], [ 99.2097, 9.6014 ], [ 99.2094, 9.5692 ], [ 99.2419, 9.4844 ], [ 99.3134, 9.3909 ], [ 99.3128, 9.3858 ], [ 99.2944, 9.4039 ], [ 99.27, 9.3744 ], [ 99.2755, 9.399 ], [ 99.2633, 9.3617 ], [ 99.2345, 9.3497 ], [ 99.2161, 9.3275 ], [ 99.2186, 9.2919 ], [ 99.2281, 9.2786 ], [ 99.2228, 9.2576 ], [ 99.2406, 9.2353 ], [ 99.255, 9.2273 ], [ 99.258, 9.234 ], [ 99.2669, 9.2192 ], [ 99.3094, 9.2431 ], [ 99.2968, 9.2096 ], [ 99.2972, 9.1966 ], [ 99.305, 9.2236 ], [ 99.3153, 9.2314 ], [ 99.32, 9.2191 ], [ 99.3444, 9.2209 ], [ 99.3395, 9.2095 ], [ 99.3625, 9.2162 ], [ 99.3612, 9.1978 ], [ 99.3681, 9.1989 ], [ 99.37, 9.1906 ], [ 99.3753, 9.2 ], [ 99.382, 9.1917 ], [ 99.4132, 9.2063 ], [ 99.467, 9.1989 ], [ 99.5008, 9.2213 ], [ 99.4958, 9.2278 ], [ 99.5056, 9.2544 ], [ 99.53, 9.285 ], [ 99.6064, 9.2678 ], [ 99.6471, 9.305 ], [ 99.6675, 9.3035 ], [ 99.6821, 9.3134 ], [ 99.6881, 9.3056 ], [ 99.6881, 9.2972 ], [ 99.661, 9.2842 ], [ 99.6878, 9.295 ], [ 99.6905, 9.3021 ], [ 99.6808, 9.3375 ], [ 99.7239, 9.3125 ], [ 99.7447, 9.33 ], [ 99.7561, 9.3158 ], [ 99.7699, 9.3227 ], [ 99.7623, 9.3023 ], [ 99.7487, 9.293 ], [ 99.7542, 9.2207 ], [ 99.7391, 9.2001 ], [ 99.7399, 9.1736 ], [ 99.7255, 9.1568 ], [ 99.7456, 9.1413 ], [ 99.7406, 9.1158 ], [ 99.7464, 9.0624 ], [ 99.7406, 9.0568 ], [ 99.7446, 9.0256 ], [ 99.7333, 9.0128 ], [ 99.7256, 8.9799 ], [ 99.7135, 8.9703 ], [ 99.6946, 8.9739 ], [ 99.6891, 8.9593 ], [ 99.6968, 8.935 ], [ 99.6522, 8.922 ], [ 99.6477, 8.9297 ], [ 99.6285, 8.9114 ], [ 99.6156, 8.9271 ], [ 99.6055, 8.9272 ], [ 99.5762, 8.9109 ], [ 99.574, 8.892 ], [ 99.5572, 8.876 ], [ 99.5596, 8.8507 ], [ 99.5309, 8.8495 ], [ 99.5176, 8.8354 ], [ 99.5266, 8.8105 ], [ 99.5227, 8.7641 ], [ 99.5302, 8.76 ], [ 99.5225, 8.7196 ], [ 99.4921, 8.6958 ], [ 99.4948, 8.672 ], [ 99.4782, 8.6573 ], [ 99.4794, 8.647 ], [ 99.4627, 8.6494 ], [ 99.4481, 8.632 ], [ 99.4554, 8.6019 ], [ 99.4406, 8.5992 ], [ 99.4077, 8.5576 ], [ 99.4062, 8.5454 ], [ 99.4158, 8.5451 ], [ 99.4105, 8.5301 ], [ 99.3947, 8.5267 ], [ 99.3932, 8.5135 ], [ 99.3777, 8.515 ], [ 99.3612, 8.5001 ], [ 99.3385, 8.5199 ], [ 99.3314, 8.498 ], [ 99.3123, 8.4918 ], [ 99.3027, 8.479 ], [ 99.2893, 8.4857 ], [ 99.2952, 8.4729 ], [ 99.2597, 8.4484 ], [ 99.262, 8.4366 ], [ 99.2345, 8.3978 ], [ 99.2347, 8.386 ], [ 99.2405, 8.3669 ], [ 99.2615, 8.3509 ], [ 99.2753, 8.3515 ], [ 99.283, 8.3169 ], [ 99.2915, 8.3129 ], [ 99.2759, 8.3007 ] ] ], [ [ [ 99.9861, 9.4222 ], [ 99.9644, 9.4087 ], [ 99.9511, 9.4217 ], [ 99.9286, 9.4173 ], [ 99.9292, 9.4283 ], [ 99.9367, 9.4292 ], [ 99.9343, 9.4565 ], [ 99.9183, 9.4917 ], [ 99.9331, 9.4975 ], [ 99.9339, 9.5375 ], [ 99.928, 9.5564 ], [ 99.9122, 9.5711 ], [ 99.9814, 9.5878 ], [ 99.9972, 9.5714 ], [ 100.0167, 9.5747 ], [ 100.0269, 9.5617 ], [ 100.0414, 9.5653 ], [ 100.0528, 9.5572 ], [ 100.0672, 9.5778 ], [ 100.0667, 9.5925 ], [ 100.0797, 9.5886 ], [ 100.08, 9.575 ], [ 100.0906, 9.57 ], [ 100.0883, 9.56 ], [ 100.0614, 9.5278 ], [ 100.0558, 9.5064 ], [ 100.0736, 9.4706 ], [ 100.0494, 9.4686 ], [ 100.0397, 9.4519 ], [ 100.0278, 9.4506 ], [ 100.0119, 9.4206 ], [ 99.9861, 9.4222 ] ] ], [ [ [ 100.07, 9.5319 ], [ 100.0733, 9.5336 ], [ 100.0697, 9.5311 ], [ 100.07, 9.5319 ] ] ], [ [ [ 100.0849, 9.5403 ], [ 100.0828, 9.5341 ], [ 100.0807, 9.542 ], [ 100.0849, 9.5403 ] ] ], [ [ [ 100.0871, 9.5727 ], [ 100.0884, 9.5752 ], [ 100.0894, 9.5733 ], [ 100.0871, 9.5727 ] ] ], [ [ [ 100.0508, 9.5915 ], [ 100.0535, 9.5919 ], [ 100.0511, 9.5908 ], [ 100.0508, 9.5915 ] ] ], [ [ [ 100.0583, 9.595 ], [ 100.0569, 9.5907 ], [ 100.0548, 9.5935 ], [ 100.0583, 9.595 ] ] ], [ [ [ 100.0244, 9.8044 ], [ 100.0642, 9.7856 ], [ 100.0561, 9.7806 ], [ 100.0575, 9.7714 ], [ 100.0675, 9.7728 ], [ 100.0803, 9.7444 ], [ 100.075, 9.7139 ], [ 100.0814, 9.6967 ], [ 100.0681, 9.6767 ], [ 100.0758, 9.6658 ], [ 100.0383, 9.6936 ], [ 99.9828, 9.7106 ], [ 99.9755, 9.7472 ], [ 99.9604, 9.757 ], [ 99.9664, 9.7856 ], [ 99.9905, 9.8034 ], [ 99.9969, 9.7914 ], [ 100.0047, 9.7867 ], [ 100.0244, 9.8044 ] ] ], [ [ [ 100.0022, 9.7911 ], [ 99.9986, 9.7921 ], [ 99.9986, 9.7929 ], [ 100.0022, 9.7911 ] ] ], [ [ [ 99.8406, 10.1253 ], [ 99.8561, 10.09 ], [ 99.8392, 10.0717 ], [ 99.8428, 10.065 ], [ 99.8325, 10.0658 ], [ 99.8278, 10.0578 ], [ 99.8278, 10.0653 ], [ 99.8153, 10.0711 ], [ 99.8272, 10.0928 ], [ 99.8197, 10.1183 ], [ 99.8239, 10.1264 ], [ 99.8406, 10.1253 ] ] ], [ [ [ 99.8142, 10.1161 ], [ 99.8136, 10.1136 ], [ 99.8125, 10.1156 ], [ 99.8142, 10.1161 ] ] ], [ [ [ 99.8145, 10.1185 ], [ 99.8164, 10.118 ], [ 99.8141, 10.1175 ], [ 99.8145, 10.1185 ] ] ], [ [ [ 99.8097, 10.1225 ], [ 99.8156, 10.1203 ], [ 99.8122, 10.1178 ], [ 99.8097, 10.1225 ] ] ] ] } },
{ "type": "Feature", "properties": { "jurisdiction": "Surin", "total_segments": 159, "flagged_segments": 11, "mean_sss": 51.5, "flagged_pct": 6.9 }, "geometry": { "type": "MultiPolygon", "coordinates": [ [ [ [ 103.4012, 14.3615 ], [ 103.3799, 14.3524 ], [ 103.3529, 14.3527 ], [ 103.3418, 14.3602 ], [ 103.333, 14.3514 ], [ 103.3157, 14.3567 ], [ 103.2648, 14.3508 ], [ 103.2293, 14.329 ], [ 103.2234, 14.3763 ], [ 103.2339, 14.3869 ], [ 103.2228, 14.3997 ], [ 103.238, 14.4077 ], [ 103.2489, 14.4402 ], [ 103.237, 14.4805 ], [ 103.2159, 14.5034 ], [ 103.2232, 14.5165 ], [ 103.2149, 14.5371 ], [ 103.2247, 14.5451 ], [ 103.2229, 14.5627 ], [ 103.212, 14.5746 ], [ 103.2149, 14.5922 ], [ 103.2393, 14.616 ], [ 103.2345, 14.645 ], [ 103.2618, 14.6698 ], [ 103.2767, 14.7352 ], [ 103.2684, 14.766 ], [ 103.2948, 14.7832 ], [ 103.2915, 14.8058 ], [ 103.3166, 14.8086 ], [ 103.3317, 14.8305 ], [ 103.3492, 14.8291 ], [ 103.344, 14.8369 ], [ 103.354, 14.8383 ], [ 103.3696, 14.8588 ], [ 103.378, 14.858 ], [ 103.3799, 14.8691 ], [ 103.3874, 14.8707 ], [ 103.3819, 14.8742 ], [ 103.3949, 14.8839 ], [ 103.3925, 14.8929 ], [ 103.4078, 14.896 ], [ 103.4016, 14.8996 ], [ 103.4052, 14.918 ], [ 103.4209, 14.9175 ], [ 103.4282, 14.9273 ], [ 103.4305, 14.9404 ], [ 103.4196, 14.9565 ], [ 103.4319, 14.9698 ], [ 103.423, 14.9756 ], [ 103.4334, 14.9768 ], [ 103.4228, 14.9851 ], [ 103.4291, 14.992 ], [ 103.4121, 15.0011 ], [ 103.4238, 15.0282 ], [ 103.4404, 15.0282 ], [ 103.45, 15.0434 ], [ 103.4252, 15.0633 ], [ 103.4442, 15.0855 ], [ 103.4307, 15.0815 ], [ 103.4336, 15.0979 ], [ 103.4435, 15.1047 ], [ 103.4275, 15.1045 ], [ 103.435, 15.1205 ], [ 103.4262, 15.1273 ], [ 103.4305, 15.1395 ], [ 103.4228, 15.1494 ], [ 103.431, 15.1573 ], [ 103.4229, 15.1667 ], [ 103.431, 15.1806 ], [ 103.4208, 15.1865 ], [ 103.4215, 15.2003 ], [ 103.4383, 15.2049 ], [ 103.4308, 15.2127 ], [ 103.4393, 15.2186 ], [ 103.4371, 15.2352 ], [ 103.4492, 15.2534 ], [ 103.4434, 15.2609 ], [ 103.4614, 15.255 ], [ 103.4639, 15.28 ], [ 103.4717, 15.2784 ], [ 103.4825, 15.2934 ], [ 103.5062, 15.2898 ], [ 103.4991, 15.2976 ], [ 103.5057, 15.3106 ], [ 103.4875, 15.3093 ], [ 103.4718, 15.3232 ], [ 103.4738, 15.3361 ], [ 103.4638, 15.3406 ], [ 103.4613, 15.3343 ], [ 103.4494, 15.3437 ], [ 103.4441, 15.3379 ], [ 103.4529, 15.3338 ], [ 103.4382, 15.3333 ], [ 103.4317, 15.3072 ], [ 103.4213, 15.3149 ], [ 103.4059, 15.3068 ], [ 103.3883, 15.319 ], [ 103.4015, 15.3274 ], [ 103.3988, 15.3328 ], [ 103.3869, 15.326 ], [ 103.3521, 15.3465 ], [ 103.3512, 15.3388 ], [ 103.344, 15.3431 ], [ 103.3409, 15.3344 ], [ 103.3313, 15.3366 ], [ 103.3309, 15.3297 ], [ 103.3166, 15.3264 ], [ 103.3192, 15.3185 ], [ 103.3075, 15.3179 ], [ 103.2924, 15.2982 ], [ 103.2831, 15.3047 ], [ 103.2872, 15.3174 ], [ 103.2513, 15.3058 ], [ 103.2547, 15.321 ], [ 103.2458, 15.3158 ], [ 103.2335, 15.322 ], [ 103.2325, 15.3148 ], [ 103.2215, 15.3202 ], [ 103.2221, 15.3326 ], [ 103.2126, 15.3303 ], [ 103.2141, 15.3405 ], [ 103.1989, 15.334 ], [ 103.1897, 15.3558 ], [ 103.199, 15.3567 ], [ 103.197, 15.3634 ], [ 103.1831, 15.366 ], [ 103.1808, 15.3585 ], [ 103.1737, 15.3618 ], [ 103.1589, 15.3515 ], [ 103.1655, 15.3618 ], [ 103.1507, 15.3734 ], [ 103.1551, 15.3828 ], [ 103.1428, 15.3871 ], [ 103.1472, 15.4003 ], [ 103.14, 15.4102 ], [ 103.1366, 15.3987 ], [ 103.1198, 15.3996 ], [ 103.1097, 15.4127 ], [ 103.0928, 15.4163 ], [ 103.1126, 15.4489 ], [ 103.1148, 15.4813 ], [ 103.2173, 15.4602 ], [ 103.2274, 15.447 ], [ 103.2529, 15.4465 ], [ 103.2721, 15.4218 ], [ 103.3438, 15.4047 ], [ 103.4472, 15.4547 ], [ 103.4827, 15.4508 ], [ 103.4943, 15.437 ], [ 103.5344, 15.4253 ], [ 103.5526, 15.4373 ], [ 103.5673, 15.4606 ], [ 103.5867, 15.4657 ], [ 103.6176, 15.467 ], [ 103.6221, 15.4594 ], [ 103.6505, 15.4569 ], [ 103.6702, 15.4453 ], [ 103.6906, 15.448 ], [ 103.7067, 15.4408 ], [ 103.7176, 15.4462 ], [ 103.726, 15.4372 ], [ 103.7465, 15.4467 ], [ 103.7552, 15.4371 ], [ 103.7758, 15.4336 ], [ 103.8299, 15.4501 ], [ 103.8337, 15.4594 ], [ 103.8482, 15.4547 ], [ 103.8541, 15.4649 ], [ 103.8612, 15.4473 ], [ 103.8791, 15.467 ], [ 103.8877, 15.4526 ], [ 103.8922, 15.4682 ], [ 103.9005, 15.4408 ], [ 103.9319, 15.4311 ], [ 103.9476, 15.4369 ], [ 103.9436, 15.4262 ], [ 103.9522, 15.4119 ], [ 103.9763, 15.4245 ], [ 103.9733, 15.4061 ], [ 103.9898, 15.4055 ], [ 103.9955, 15.3921 ], [ 104.007, 15.4077 ], [ 104.0363, 15.4056 ], [ 104.0509, 15.4009 ], [ 104.0512, 15.3942 ], [ 104.0616, 15.4043 ], [ 104.0767, 15.3901 ], [ 104.0738, 15.3796 ], [ 104.0861, 15.3827 ], [ 104.0808, 15.3754 ], [ 104.0922, 15.3632 ], [ 104.0861, 15.3562 ], [ 104.0936, 15.3568 ], [ 104.0923, 15.3475 ], [ 104.0775, 15.3522 ], [ 104.046, 15.34 ], [ 104.0381, 15.3259 ], [ 104.0247, 15.3295 ], [ 104.031, 15.3163 ], [ 104.0132, 15.3145 ], [ 104.0171, 15.2879 ], [ 104.0002, 15.2954 ], [ 103.9969, 15.2679 ], [ 103.9768, 15.279 ], [ 103.9823, 15.2626 ], [ 103.9998, 15.251 ], [ 103.989, 15.2467 ], [ 103.9917, 15.2248 ], [ 103.9739, 15.2199 ], [ 103.9872, 15.2004 ], [ 103.9692, 15.1843 ], [ 103.9699, 15.1633 ], [ 103.9858, 15.1612 ], [ 104.0021, 15.1475 ], [ 104.0023, 15.1365 ], [ 103.9895, 15.1287 ], [ 104.0028, 15.1193 ], [ 103.9939, 15.1123 ], [ 104.0004, 15.0925 ], [ 103.9941, 15.0896 ], [ 104.0037, 15.0778 ], [ 104.0225, 15.0771 ], [ 104.0203, 15.0698 ], [ 104.0123, 15.0725 ], [ 104.015, 15.0644 ], [ 104.0074, 15.058 ], [ 104.0228, 15.0436 ], [ 104.0151, 15.0405 ], [ 104.0126, 15.0181 ], [ 103.9966, 15.015 ], [ 104.0022, 15.0029 ], [ 103.996, 14.9839 ], [ 103.983, 14.9727 ], [ 103.9695, 14.9729 ], [ 103.9704, 14.9476 ], [ 103.9294, 14.9027 ], [ 103.9188, 14.8816 ], [ 103.9221, 14.8706 ], [ 103.9045, 14.8482 ], [ 103.9206, 14.8267 ], [ 103.9983, 14.7973 ], [ 104.0104, 14.7586 ], [ 104.0034, 14.7255 ], [ 104.0534, 14.6669 ], [ 104.0619, 14.5995 ], [ 104.0492, 14.5538 ], [ 104.0344, 14.5428 ], [ 104.0371, 14.4965 ], [ 104.0554, 14.4936 ], [ 104.0513, 14.4776 ], [ 104.0607, 14.4678 ], [ 104.0462, 14.3617 ], [ 104.0597, 14.3447 ], [ 104.0283, 14.3375 ], [ 104.0152, 14.3427 ], [ 104.0086, 14.3563 ], [ 103.9957, 14.3454 ], [ 103.9795, 14.3545 ], [ 103.9499, 14.3504 ], [ 103.9422, 14.3302 ], [ 103.9008, 14.3373 ], [ 103.9004, 14.3452 ], [ 103.8817, 14.338 ], [ 103.8605, 14.3576 ], [ 103.8611, 14.3666 ], [ 103.8422, 14.3716 ], [ 103.8329, 14.3676 ], [ 103.8297, 14.3532 ], [ 103.8029, 14.3567 ], [ 103.8023, 14.3697 ], [ 103.7747, 14.3608 ], [ 103.7589, 14.3778 ], [ 103.7521, 14.3718 ], [ 103.7316, 14.3857 ], [ 103.7058, 14.3816 ], [ 103.7003, 14.3919 ], [ 103.7082, 14.4311 ], [ 103.6889, 14.4404 ], [ 103.6539, 14.4386 ], [ 103.6414, 14.4255 ], [ 103.6568, 14.4208 ], [ 103.6544, 14.4133 ], [ 103.6214, 14.4041 ], [ 103.6104, 14.4253 ], [ 103.5576, 14.4319 ], [ 103.4982, 14.4121 ], [ 103.4969, 14.3899 ], [ 103.4828, 14.3875 ], [ 103.4677, 14.3647 ], [ 103.4511, 14.3683 ], [ 103.436, 14.3909 ], [ 103.3992, 14.3696 ], [ 103.4012, 14.3615 ] ] ] ] } },
{ "type": "Feature", "properties": { "jurisdiction": "Tak", "total_segments": 140, "flagged_segments": 1, "mean_sss": 44.5, "flagged_pct": 0.7 }, "geometry": { "type": "MultiPolygon", "coordinates": [ [ [ [ 98.56, 15.6504 ], [ 98.5477, 15.6817 ], [ 98.5565, 15.7186 ], [ 98.5772, 15.7933 ], [ 98.6111, 15.8754 ], [ 98.5966, 15.8747 ], [ 98.5853, 15.9171 ], [ 98.5949, 15.9581 ], [ 98.6061, 15.9644 ], [ 98.6091, 15.9769 ], [ 98.5925, 16.012 ], [ 98.5629, 16.0312 ], [ 98.5681, 16.0551 ], [ 98.582, 16.0617 ], [ 98.595, 16.0553 ], [ 98.6058, 16.0626 ], [ 98.6093, 16.0412 ], [ 98.626, 16.041 ], [ 98.6328, 16.0483 ], [ 98.6277, 16.0604 ], [ 98.6617, 16.0719 ], [ 98.6603, 16.082 ], [ 98.6757, 16.0944 ], [ 98.6674, 16.1084 ], [ 98.6835, 16.1109 ], [ 98.6791, 16.1242 ], [ 98.6874, 16.1317 ], [ 98.7086, 16.134 ], [ 98.719, 16.1222 ], [ 98.7447, 16.1175 ], [ 98.7808, 16.1248 ], [ 98.789, 16.11 ], [ 98.8049, 16.1028 ], [ 98.8263, 16.1127 ], [ 98.8341, 16.1254 ], [ 98.8489, 16.1264 ], [ 98.852, 16.1597 ], [ 98.8632, 16.1691 ], [ 98.854, 16.2182 ], [ 98.8721, 16.2366 ], [ 98.8791, 16.2285 ], [ 98.889, 16.2468 ], [ 98.9039, 16.2521 ], [ 98.9124, 16.298 ], [ 98.9288, 16.3052 ], [ 98.9326, 16.3272 ], [ 98.9266, 16.3444 ], [ 98.91, 16.3461 ], [ 98.9208, 16.3671 ], [ 98.92, 16.3843 ], [ 98.8809, 16.4231 ], [ 98.8594, 16.4281 ], [ 98.8481, 16.4181 ], [ 98.8317, 16.4214 ], [ 98.8147, 16.3938 ], [ 98.8175, 16.3848 ], [ 98.7829, 16.3636 ], [ 98.7769, 16.3439 ], [ 98.7469, 16.3438 ], [ 98.7289, 16.3297 ], [ 98.7195, 16.2949 ], [ 98.7075, 16.2916 ], [ 98.702, 16.2685 ], [ 98.6816, 16.2797 ], [ 98.6762, 16.2697 ], [ 98.6681, 16.2897 ], [ 98.6674, 16.3432 ], [ 98.6539, 16.3514 ], [ 98.6652, 16.3637 ], [ 98.6548, 16.3693 ], [ 98.6588, 16.3753 ], [ 98.6503, 16.3913 ], [ 98.657, 16.3982 ], [ 98.6372, 16.4103 ], [ 98.6415, 16.4302 ], [ 98.6588, 16.4527 ], [ 98.6523, 16.4698 ], [ 98.6357, 16.4764 ], [ 98.5968, 16.5332 ], [ 98.5984, 16.5444 ], [ 98.5885, 16.5421 ], [ 98.5875, 16.5554 ], [ 98.5779, 16.5569 ], [ 98.574, 16.5691 ], [ 98.5882, 16.5643 ], [ 98.5804, 16.5731 ], [ 98.5872, 16.5854 ], [ 98.5838, 16.5988 ], [ 98.5723, 16.6037 ], [ 98.5723, 16.6291 ], [ 98.5377, 16.6327 ], [ 98.5232, 16.6483 ], [ 98.5132, 16.6435 ], [ 98.5167, 16.6988 ], [ 98.4966, 16.6895 ], [ 98.5024, 16.7136 ], [ 98.4915, 16.7071 ], [ 98.4872, 16.7142 ], [ 98.472, 16.7122 ], [ 98.4779, 16.7183 ], [ 98.4637, 16.7281 ], [ 98.4695, 16.736 ], [ 98.4641, 16.7497 ], [ 98.4787, 16.7442 ], [ 98.4781, 16.7607 ], [ 98.49, 16.7701 ], [ 98.4864, 16.7881 ], [ 98.5049, 16.7847 ], [ 98.5114, 16.7965 ], [ 98.5222, 16.7894 ], [ 98.5274, 16.7978 ], [ 98.5185, 16.7971 ], [ 98.5174, 16.8044 ], [ 98.5488, 16.8138 ], [ 98.5394, 16.8279 ], [ 98.5285, 16.8253 ], [ 98.5136, 16.8357 ], [ 98.5048, 16.8304 ], [ 98.4941, 16.8402 ], [ 98.5048, 16.8638 ], [ 98.5165, 16.8552 ], [ 98.5096, 16.8773 ], [ 98.5414, 16.8594 ], [ 98.5279, 16.8799 ], [ 98.5361, 16.8967 ], [ 98.5146, 16.8998 ], [ 98.5218, 16.9158 ], [ 98.507, 16.9098 ], [ 98.5047, 16.9271 ], [ 98.4916, 16.9213 ], [ 98.4923, 16.9323 ], [ 98.4843, 16.9364 ], [ 98.4975, 16.9482 ], [ 98.5086, 16.9471 ], [ 98.4901, 16.9563 ], [ 98.4884, 16.9705 ], [ 98.4704, 16.9705 ], [ 98.481, 16.9805 ], [ 98.4732, 16.9947 ], [ 98.4499, 16.9958 ], [ 98.4556, 17.0203 ], [ 98.4314, 17.0195 ], [ 98.4387, 17.0338 ], [ 98.4169, 17.0412 ], [ 98.4104, 17.0526 ], [ 98.3964, 17.0462 ], [ 98.3897, 17.058 ], [ 98.3448, 17.0465 ], [ 98.318, 17.0675 ], [ 98.3132, 17.0864 ], [ 98.3002, 17.09 ], [ 98.3092, 17.0991 ], [ 98.3161, 17.0939 ], [ 98.3217, 17.1101 ], [ 98.3008, 17.1052 ], [ 98.298, 17.1261 ], [ 98.2906, 17.1098 ], [ 98.2808, 17.113 ], [ 98.2853, 17.1417 ], [ 98.2989, 17.1422 ], [ 98.2936, 17.1526 ], [ 98.2711, 17.151 ], [ 98.2691, 17.1606 ], [ 98.2806, 17.1712 ], [ 98.2613, 17.1737 ], [ 98.2638, 17.1856 ], [ 98.251, 17.1799 ], [ 98.2449, 17.208 ], [ 98.2271, 17.2024 ], [ 98.2423, 17.2261 ], [ 98.2288, 17.2189 ], [ 98.2114, 17.2279 ], [ 98.2049, 17.2471 ], [ 98.173, 17.2584 ], [ 98.1624, 17.2771 ], [ 98.1361, 17.2913 ], [ 98.1246, 17.3191 ], [ 98.111, 17.32 ], [ 98.1059, 17.3527 ], [ 98.1192, 17.3718 ], [ 98.1106, 17.3749 ], [ 98.1112, 17.384 ], [ 98.0894, 17.394 ], [ 98.0811, 17.3896 ], [ 98.0466, 17.4285 ], [ 98.0561, 17.4408 ], [ 98.0368, 17.4519 ], [ 97.9937, 17.5086 ], [ 97.9727, 17.5071 ], [ 97.9624, 17.5269 ], [ 97.9251, 17.5375 ], [ 97.9075, 17.5818 ], [ 97.7954, 17.6777 ], [ 97.7649, 17.7216 ], [ 97.764, 17.7425 ], [ 97.7759, 17.7488 ], [ 97.7578, 17.7706 ], [ 97.7461, 17.7684 ], [ 97.7467, 17.7806 ], [ 97.7645, 17.7747 ], [ 97.7881, 17.783 ], [ 97.7963, 17.775 ], [ 97.8178, 17.785 ], [ 97.8495, 17.7782 ], [ 97.9055, 17.8106 ], [ 97.9, 17.8308 ], [ 97.9194, 17.857 ], [ 97.9722, 17.8655 ], [ 97.9713, 17.8466 ], [ 97.9834, 17.8334 ], [ 97.9768, 17.821 ], [ 97.9899, 17.8093 ], [ 97.9978, 17.7733 ], [ 98.0106, 17.7672 ], [ 98.0129, 17.7466 ], [ 98.0227, 17.7365 ], [ 98.0159, 17.7381 ], [ 98.0164, 17.7309 ], [ 98.0283, 17.7198 ], [ 98.0248, 17.7109 ], [ 98.0393, 17.694 ], [ 98.0416, 17.6735 ], [ 98.0589, 17.6607 ], [ 98.0636, 17.6465 ], [ 98.0922, 17.6354 ], [ 98.1071, 17.61 ], [ 98.1093, 17.5819 ], [ 98.1279, 17.5649 ], [ 98.1389, 17.5392 ], [ 98.1692, 17.5449 ], [ 98.1802, 17.5354 ], [ 98.2112, 17.5383 ], [ 98.2387, 17.5476 ], [ 98.2688, 17.5773 ], [ 98.298, 17.5739 ], [ 98.3303, 17.469 ], [ 98.3211, 17.4439 ], [ 98.3287, 17.4274 ], [ 98.3231, 17.4146 ], [ 98.2929, 17.4056 ], [ 98.3208, 17.3771 ], [ 98.3189, 17.3648 ], [ 98.3346, 17.3479 ], [ 98.3329, 17.3273 ], [ 98.3191, 17.3215 ], [ 98.3228, 17.31 ], [ 98.3627, 17.287 ], [ 98.3983, 17.3047 ], [ 98.4388, 17.3027 ], [ 98.4581, 17.3126 ], [ 98.4875, 17.3 ], [ 98.4837, 17.2907 ], [ 98.4941, 17.2998 ], [ 98.4884, 17.2896 ], [ 98.4979, 17.2737 ], [ 98.5188, 17.279 ], [ 98.5334, 17.2732 ], [ 98.5756, 17.2834 ], [ 98.5789, 17.2914 ], [ 98.5784, 17.2978 ], [ 98.5588, 17.2916 ], [ 98.5556, 17.336 ], [ 98.5628, 17.3496 ], [ 98.5386, 17.3615 ], [ 98.5562, 17.3939 ], [ 98.5598, 17.4304 ], [ 98.5276, 17.4565 ], [ 98.5203, 17.509 ], [ 98.5458, 17.5581 ], [ 98.5873, 17.5781 ], [ 98.5643, 17.6142 ], [ 98.5335, 17.6195 ], [ 98.5234, 17.6814 ], [ 98.5268, 17.7051 ], [ 98.5054, 17.7576 ], [ 98.5117, 17.7872 ], [ 98.4957, 17.7957 ], [ 98.4957, 17.8122 ], [ 98.512, 17.8113 ], [ 98.5207, 17.8229 ], [ 98.5612, 17.7944 ], [ 98.574, 17.8083 ], [ 98.5848, 17.7997 ], [ 98.5985, 17.8008 ], [ 98.6283, 17.7711 ], [ 98.6388, 17.7353 ], [ 98.6807, 17.7576 ], [ 98.693, 17.7751 ], [ 98.706, 17.7594 ], [ 98.7049, 17.7418 ], [ 98.7251, 17.7262 ], [ 98.7262, 17.7148 ], [ 98.7409, 17.7067 ], [ 98.7471, 17.691 ], [ 98.7244, 17.6744 ], [ 98.6851, 17.6635 ], [ 98.6933, 17.6292 ], [ 98.6836, 17.5955 ], [ 98.6945, 17.5855 ], [ 98.7034, 17.554 ], [ 98.6978, 17.513 ], [ 98.707, 17.5 ], [ 98.7061, 17.4841 ], [ 98.6839, 17.4597 ], [ 98.6916, 17.423 ], [ 98.7186, 17.4629 ], [ 98.7516, 17.467 ], [ 98.7616, 17.4809 ], [ 98.7978, 17.4984 ], [ 98.817, 17.4988 ], [ 98.8318, 17.5135 ], [ 98.8597, 17.5101 ], [ 98.8814, 17.49 ], [ 98.8839, 17.509 ], [ 98.9121, 17.5344 ], [ 98.9276, 17.5212 ], [ 98.9234, 17.5117 ], [ 98.9331, 17.4729 ], [ 98.9471, 17.4672 ], [ 98.9573, 17.4729 ], [ 98.9607, 17.4613 ], [ 98.9813, 17.4657 ], [ 99.0149, 17.4205 ], [ 99.0132, 17.4126 ], [ 99.0339, 17.4085 ], [ 99.0492, 17.3839 ], [ 99.0587, 17.386 ], [ 99.0775, 17.3708 ], [ 99.0891, 17.3748 ], [ 99.1102, 17.3568 ], [ 99.1147, 17.3689 ], [ 99.1429, 17.3589 ], [ 99.1549, 17.336 ], [ 99.1751, 17.3356 ], [ 99.1778, 17.3467 ], [ 99.2089, 17.3687 ], [ 99.2076, 17.3797 ], [ 99.2283, 17.4041 ], [ 99.2714, 17.3989 ], [ 99.2776, 17.3296 ], [ 99.2979, 17.3013 ], [ 99.3042, 17.2717 ], [ 99.3192, 17.26 ], [ 99.3211, 17.2241 ], [ 99.315, 17.2146 ], [ 99.3208, 17.2065 ], [ 99.3112, 17.1848 ], [ 99.3193, 17.162 ], [ 99.3155, 17.1399 ], [ 99.3311, 17.1336 ], [ 99.3222, 17.1243 ], [ 99.3223, 17.1091 ], [ 99.3406, 17.0895 ], [ 99.3711, 17.0937 ], [ 99.3943, 17.0804 ], [ 99.3878, 17.0597 ], [ 99.3952, 17.0232 ], [ 99.4335, 17.0092 ], [ 99.4127, 16.979 ], [ 99.4209, 16.9553 ], [ 99.4132, 16.9499 ], [ 99.4187, 16.9327 ], [ 99.4341, 16.9279 ], [ 99.4463, 16.907 ], [ 99.4222, 16.8757 ], [ 99.3835, 16.8651 ], [ 99.3761, 16.8428 ], [ 99.3879, 16.8247 ], [ 99.3858, 16.8071 ], [ 99.3711, 16.8018 ], [ 99.3249, 16.8116 ], [ 99.3164, 16.7932 ], [ 99.2937, 16.7839 ], [ 99.2961, 16.7711 ], [ 99.3061, 16.7654 ], [ 99.3043, 16.7375 ], [ 99.283, 16.7078 ], [ 99.283, 16.6878 ], [ 99.2735, 16.683 ], [ 99.2727, 16.6686 ], [ 99.247, 16.6614 ], [ 99.2455, 16.6216 ], [ 99.2573, 16.5657 ], [ 99.2415, 16.5321 ], [ 99.2202, 16.525 ], [ 99.1917, 16.5373 ], [ 99.1919, 16.529 ], [ 99.1812, 16.5308 ], [ 99.1717, 16.5199 ], [ 99.1688, 16.5095 ], [ 99.1751, 16.5089 ], [ 99.1415, 16.499 ], [ 99.1241, 16.4735 ], [ 99.1086, 16.4798 ], [ 99.0858, 16.4703 ], [ 99.0573, 16.4801 ], [ 99.0301, 16.4724 ], [ 99.0029, 16.4979 ], [ 98.9873, 16.4879 ], [ 98.9962, 16.4525 ], [ 99.0132, 16.4476 ], [ 99.0239, 16.4269 ], [ 99.0173, 16.385 ], [ 99.0364, 16.3828 ], [ 99.0424, 16.3732 ], [ 99.0429, 16.3383 ], [ 99.0534, 16.3272 ], [ 99.054, 16.3078 ], [ 99.0427, 16.2904 ], [ 99.0505, 16.2562 ], [ 99.0838, 16.2112 ], [ 99.0685, 16.1639 ], [ 99.0513, 16.1582 ], [ 99.0512, 16.1353 ], [ 99.0798, 16.1246 ], [ 99.0945, 16.1019 ], [ 99.1089, 16.0987 ], [ 99.1073, 16.0859 ], [ 99.1174, 16.0721 ], [ 99.1061, 16.0486 ], [ 99.0877, 16.0411 ], [ 99.0825, 16.0054 ], [ 99.0898, 15.9794 ], [ 99.0754, 15.9588 ], [ 99.098, 15.9293 ], [ 99.0863, 15.9076 ], [ 99.0863, 15.8835 ], [ 99.0973, 15.8698 ], [ 99.0954, 15.8354 ], [ 99.1036, 15.8203 ], [ 99.124, 15.8132 ], [ 99.1347, 15.7994 ], [ 99.1285, 15.7651 ], [ 99.1395, 15.7329 ], [ 99.1123, 15.6663 ], [ 99.1166, 15.6346 ], [ 99.0983, 15.6103 ], [ 99.0952, 15.5809 ], [ 99.0494, 15.5549 ], [ 99.0573, 15.5226 ], [ 99.0798, 15.496 ], [ 99.0565, 15.4423 ], [ 99.069, 15.4173 ], [ 99.0697, 15.3945 ], [ 99.0599, 15.3939 ], [ 99.0462, 15.3742 ], [ 99.044, 15.3441 ], [ 99.0317, 15.3352 ], [ 99.0317, 15.3018 ], [ 99.0393, 15.2887 ], [ 99.0169, 15.2629 ], [ 99.0198, 15.2445 ], [ 99.0068, 15.2379 ], [ 99.0033, 15.1833 ], [ 98.9841, 15.1799 ], [ 98.9733, 15.1892 ], [ 98.9568, 15.2457 ], [ 98.9434, 15.2508 ], [ 98.9249, 15.2451 ], [ 98.9139, 15.266 ], [ 98.887, 15.2742 ], [ 98.8914, 15.2906 ], [ 98.8716, 15.3234 ], [ 98.8418, 15.3465 ], [ 98.8344, 15.3444 ], [ 98.7775, 15.4239 ], [ 98.755, 15.4407 ], [ 98.7584, 15.4723 ], [ 98.7052, 15.4981 ], [ 98.7051, 15.5085 ], [ 98.7178, 15.5049 ], [ 98.7251, 15.5163 ], [ 98.6627, 15.5974 ], [ 98.6496, 15.6319 ], [ 98.6433, 15.6366 ], [ 98.6264, 15.6253 ], [ 98.6209, 15.6393 ], [ 98.5907, 15.6444 ], [ 98.5851, 15.6589 ], [ 98.56, 15.6504 ] ] ] ] } },
{ "type": "Feature", "properties": { "jurisdiction": "Trang", "total_segments": 167, "flagged_segments": 3, "mean_sss": 50.8, "flagged_pct": 1.8 }, "geometry": { "type": "MultiPolygon", "coordinates": [ [ [ [ 99.5308, 6.7958 ], [ 99.5256, 6.7947 ], [ 99.5264, 6.7969 ], [ 99.5308, 6.7958 ] ] ], [ [ [ 99.5052, 6.7991 ], [ 99.5073, 6.7989 ], [ 99.5055, 6.7982 ], [ 99.5052, 6.7991 ] ] ], [ [ [ 99.5252, 6.8271 ], [ 99.5442, 6.8319 ], [ 99.5375, 6.8241 ], [ 99.5252, 6.8271 ] ] ], [ [ [ 99.5906, 6.8339 ], [ 99.5873, 6.8284 ], [ 99.5844, 6.8328 ], [ 99.5906, 6.8339 ] ] ], [ [ [ 99.5955, 6.8561 ], [ 99.59, 6.8564 ], [ 99.5908, 6.8594 ], [ 99.5955, 6.8561 ] ] ], [ [ [ 99.5719, 6.8928 ], [ 99.5697, 6.8947 ], [ 99.572, 6.8933 ], [ 99.5719, 6.8928 ] ] ], [ [ [ 99.5458, 6.9086 ], [ 99.5464, 6.9125 ], [ 99.5469, 6.9078 ], [ 99.5458, 6.9086 ] ] ], [ [ [ 99.5433, 6.9133 ], [ 99.5456, 6.9136 ], [ 99.5444, 6.9122 ], [ 99.5433, 6.9133 ] ] ], [ [ [ 99.4736, 6.973345454545445 ], [ 99.4739, 6.9722 ], [ 99.4736, 6.9733 ], [ 99.4736, 6.973345454545445 ] ] ], [ [ [ 99.4736, 6.975 ], [ 99.4736, 6.973345454545445 ], [ 99.4728, 6.9764 ], [ 99.4736, 6.975 ] ] ], [ [ [ 99.4767, 6.9766 ], [ 99.4751, 6.9766 ], [ 99.4751, 6.9782 ], [ 99.4767, 6.9766 ] ] ], [ [ [ 99.5833, 6.9772 ], [ 99.5769, 6.9772 ], [ 99.5758, 6.9783 ], [ 99.5833, 6.9772 ] ] ], [ [ [ 99.4744, 7.0272 ], [ 99.4739, 7.0372 ], [ 99.4697, 7.0503 ], [ 99.4758, 7.0381 ], [ 99.4744, 7.0272 ] ] ], [ [ [ 99.0644, 7.2133 ], [ 99.0626, 7.1977 ], [ 99.0543, 7.1982 ], [ 99.0575, 7.2146 ], [ 99.0644, 7.2133 ] ] ], [ [ [ 99.0816, 7.2252 ], [ 99.0789, 7.2198 ], [ 99.0614, 7.2181 ], [ 99.0725, 7.2285 ], [ 99.0816, 7.2252 ] ] ], [ [ [ 99.2812, 7.547 ], [ 99.2784, 7.5488 ], [ 99.2796, 7.5493 ], [ 99.2812, 7.547 ] ] ], [ [ [ 99.29, 7.558 ], [ 99.2878, 7.5579 ], [ 99.2891, 7.5602 ], [ 99.29, 7.558 ] ] ], [ [ [ 99.2312, 7.4078 ], [ 99.2333, 7.4019 ], [ 99.2297, 7.4067 ], [ 99.2312, 7.4078 ] ] ], [ [ [ 99.5122, 7.4223 ], [ 99.507, 7.4268 ], [ 99.511, 7.4286 ], [ 99.5122, 7.4223 ] ] ], [ [ [ 99.3213, 7.471 ], [ 99.3199, 7.4696 ], [ 99.3191, 7.4705 ], [ 99.3213, 7.471 ] ] ], [ [ [ 99.3025, 7.4897 ], [ 99.3033, 7.4969 ], [ 99.305, 7.4969 ], [ 99.3025, 7.4897 ] ] ], [ [ [ 99.2992, 7.4958 ], [ 99.2986, 7.4933 ], [ 99.2975, 7.4956 ], [ 99.2992, 7.4958 ] ] ], [ [ [ 99.4506, 7.2428 ], [ 99.4533, 7.243 ], [ 99.4523, 7.2416 ], [ 99.4506, 7.2428 ] ] ], [ [ [ 99.4742, 7.2719 ], [ 99.4758, 7.2708 ], [ 99.4744, 7.2703 ], [ 99.4742, 7.2719 ] ] ], [ [ [ 99.4087, 7.3117 ], [ 99.4096, 7.3151 ], [ 99.4106, 7.3129 ], [ 99.4087, 7.3117 ] ] ], [ [ [ 99.2522, 7.3009 ], [ 99.2519, 7.3099 ], [ 99.2471, 7.333 ], [ 99.2597, 7.3087 ], [ 99.2522, 7.3009 ] ] ], [ [ [ 99.5386, 7.2978 ], [ 99.5494, 7.3056 ], [ 99.5517, 7.305 ], [ 99.548, 7.295 ], [ 99.5386, 7.2978 ] ] ], [ [ [ 99.58, 7.3631 ], [ 99.5761, 7.3636 ], [ 99.5806, 7.3658 ], [ 99.58, 7.3631 ] ] ], [ [ [ 99.5858, 7.3653 ], [ 99.5825, 7.3653 ], [ 99.585, 7.3678 ], [ 99.5858, 7.3653 ] ] ], [ [ [ 99.2469, 7.3811 ], [ 99.2492, 7.3778 ], [ 99.2475, 7.3769 ], [ 99.2469, 7.3811 ] ] ], [ [ [ 99.5056, 7.3642 ], [ 99.5076, 7.3608 ], [ 99.5058, 7.3569 ], [ 99.5056, 7.3642 ] ] ], [ [ [ 99.5002, 7.3806 ], [ 99.5043, 7.404 ], [ 99.5064, 7.4055 ], [ 99.5082, 7.3888 ], [ 99.5002, 7.3806 ] ] ], [ [ [ 99.4905, 7.3789 ], [ 99.4847, 7.3755 ], [ 99.4858, 7.3787 ], [ 99.4905, 7.3789 ] ] ], [ [ [ 99.5075, 7.3364 ], [ 99.5078, 7.3308 ], [ 99.5111, 7.3222 ], [ 99.5055, 7.3126 ], [ 99.5075, 7.3364 ] ] ], [ [ [ 99.5832, 7.3558 ], [ 99.5793, 7.3499 ], [ 99.5787, 7.3499 ], [ 99.5832, 7.3558 ] ] ], [ [ [ 99.2969, 7.3904 ], [ 99.3143, 7.3739 ], [ 99.301, 7.3528 ], [ 99.2839, 7.3653 ], [ 99.288, 7.3761 ], [ 99.2814, 7.3869 ], [ 99.2969, 7.3904 ] ] ], [ [ [ 99.4966, 7.3825 ], [ 99.4975, 7.3426 ], [ 99.4944, 7.3371 ], [ 99.4861, 7.3722 ], [ 99.4922, 7.3741 ], [ 99.4966, 7.3825 ] ] ], [ [ [ 99.3919, 7.0744 ], [ 99.3947, 7.0757 ], [ 99.3936, 7.0731 ], [ 99.3919, 7.0744 ] ] ], [ [ [ 99.4272, 7.1119 ], [ 99.4294, 7.1031 ], [ 99.4289, 7.1031 ], [ 99.4272, 7.1119 ] ] ], [ [ [ 99.7007, 7.1245 ], [ 99.6981, 7.1273 ], [ 99.7022, 7.1305 ], [ 99.7007, 7.1245 ] ] ], [ [ [ 99.5835, 7.1323 ], [ 99.5796, 7.1334 ], [ 99.584, 7.1334 ], [ 99.5835, 7.1323 ] ] ], [ [ [ 99.6528, 7.15 ], [ 99.6493, 7.1526 ], [ 99.6511, 7.1553 ], [ 99.6528, 7.15 ] ] ], [ [ [ 99.6009, 7.1924 ], [ 99.6228, 7.1815 ], [ 99.6205, 7.1659 ], [ 99.5984, 7.1559 ], [ 99.6061, 7.1769 ], [ 99.6003, 7.1847 ], [ 99.5956, 7.1861 ], [ 99.6009, 7.1924 ] ] ], [ [ [ 99.3583, 7.2235 ], [ 99.3601, 7.2231 ], [ 99.3585, 7.2221 ], [ 99.3583, 7.2235 ] ] ], [ [ [ 99.5544, 7.1258 ], [ 99.5974, 7.1035 ], [ 99.6158, 7.0811 ], [ 99.5654, 7.0932 ], [ 99.5544, 7.1258 ] ] ], [ [ [ 99.425, 7.1153 ], [ 99.4231, 7.1242 ], [ 99.4267, 7.1153 ], [ 99.425, 7.1153 ] ] ], [ [ [ 99.397, 7.2637 ], [ 99.4256, 7.2666 ], [ 99.4505, 7.2548 ], [ 99.4126, 7.2427 ], [ 99.3942, 7.2249 ], [ 99.3944, 7.2103 ], [ 99.3836, 7.2057 ], [ 99.3648, 7.224 ], [ 99.3717, 7.2431 ], [ 99.3683, 7.2661 ], [ 99.3852, 7.2813 ], [ 99.397, 7.2637 ] ] ], [ [ [ 99.6069, 7.2483 ], [ 99.5927, 7.1867 ], [ 99.6038, 7.1762 ], [ 99.5851, 7.1473 ], [ 99.5586, 7.2081 ], [ 99.5214, 7.2575 ], [ 99.5329, 7.2831 ], [ 99.563, 7.2856 ], [ 99.5851, 7.3549 ], [ 99.6044, 7.3461 ], [ 99.6125, 7.3503 ], [ 99.6219, 7.3433 ], [ 99.6152, 7.3545 ], [ 99.609, 7.3526 ], [ 99.6122, 7.3575 ], [ 99.5984, 7.3498 ], [ 99.5864, 7.3636 ], [ 99.615, 7.3789 ], [ 99.5864, 7.3729 ], [ 99.6047, 7.4014 ], [ 99.6181, 7.4369 ], [ 99.6178, 7.4405 ], [ 99.6039, 7.4078 ], [ 99.5964, 7.4085 ], [ 99.5961, 7.4187 ], [ 99.5911, 7.4225 ], [ 99.5953, 7.4078 ], [ 99.6036, 7.4039 ], [ 99.5706, 7.3634 ], [ 99.5613, 7.3204 ], [ 99.5416, 7.3054 ], [ 99.5253, 7.2961 ], [ 99.5092, 7.3065 ], [ 99.5121, 7.3233 ], [ 99.5083, 7.3375 ], [ 99.5028, 7.3477 ], [ 99.5082, 7.3596 ], [ 99.5131, 7.4292 ], [ 99.5203, 7.435 ], [ 99.5283, 7.4294 ], [ 99.5435, 7.4557 ], [ 99.5281, 7.4314 ], [ 99.5181, 7.4361 ], [ 99.5058, 7.4274 ], [ 99.5011, 7.3919 ], [ 99.4918, 7.3807 ], [ 99.4866, 7.3795 ], [ 99.4871, 7.3862 ], [ 99.4839, 7.3931 ], [ 99.4772, 7.3892 ], [ 99.4757, 7.3846 ], [ 99.4838, 7.3902 ], [ 99.4836, 7.3781 ], [ 99.4805, 7.3754 ], [ 99.4732, 7.3761 ], [ 99.469, 7.3735 ], [ 99.4693, 7.3642 ], [ 99.4704, 7.3743 ], [ 99.483, 7.3732 ], [ 99.4908, 7.3225 ], [ 99.4841, 7.2925 ], [ 99.4693, 7.2836 ], [ 99.4196, 7.2986 ], [ 99.4113, 7.3139 ], [ 99.4165, 7.313 ], [ 99.4065, 7.3173 ], [ 99.4154, 7.3467 ], [ 99.4017, 7.3338 ], [ 99.4078, 7.3264 ], [ 99.3989, 7.3039 ], [ 99.3606, 7.3522 ], [ 99.3649, 7.3599 ], [ 99.3697, 7.3506 ], [ 99.3769, 7.3544 ], [ 99.3699, 7.352 ], [ 99.3693, 7.3609 ], [ 99.3581, 7.3607 ], [ 99.3382, 7.3783 ], [ 99.3469, 7.4003 ], [ 99.351, 7.3892 ], [ 99.3558, 7.4035 ], [ 99.3378, 7.4103 ], [ 99.3456, 7.416 ], [ 99.3471, 7.443 ], [ 99.3276, 7.4942 ], [ 99.3109, 7.5082 ], [ 99.3242, 7.5138 ], [ 99.307, 7.5112 ], [ 99.2962, 7.4976 ], [ 99.2843, 7.5155 ], [ 99.305, 7.5189 ], [ 99.309, 7.5347 ], [ 99.3325, 7.5541 ], [ 99.3176, 7.5509 ], [ 99.3121, 7.5402 ], [ 99.2945, 7.5615 ], [ 99.3015, 7.5745 ], [ 99.2953, 7.5675 ], [ 99.2781, 7.6006 ], [ 99.2849, 7.6266 ], [ 99.2768, 7.6289 ], [ 99.2889, 7.6408 ], [ 99.2919, 7.6514 ], [ 99.2846, 7.6568 ], [ 99.2953, 7.6567 ], [ 99.2949, 7.6665 ], [ 99.2943, 7.6574 ], [ 99.284, 7.6581 ], [ 99.2856, 7.6677 ], [ 99.2817, 7.6599 ], [ 99.2869, 7.6424 ], [ 99.2625, 7.6167 ], [ 99.2324, 7.6324 ], [ 99.2539, 7.6289 ], [ 99.2542, 7.6484 ], [ 99.2666, 7.6469 ], [ 99.2633, 7.6625 ], [ 99.2868, 7.6883 ], [ 99.2977, 7.6881 ], [ 99.3095, 7.7063 ], [ 99.3068, 7.7548 ], [ 99.2927, 7.7586 ], [ 99.2886, 7.7698 ], [ 99.3022, 7.7891 ], [ 99.3042, 7.8079 ], [ 99.2889, 7.8093 ], [ 99.2949, 7.8242 ], [ 99.2779, 7.8481 ], [ 99.3179, 7.8861 ], [ 99.304, 7.8945 ], [ 99.3128, 7.9133 ], [ 99.3335, 7.9189 ], [ 99.3338, 7.9285 ], [ 99.3567, 7.9319 ], [ 99.3682, 7.9464 ], [ 99.3853, 7.9414 ], [ 99.3974, 7.956 ], [ 99.419, 7.9557 ], [ 99.4194, 7.8856 ], [ 99.4254, 7.8759 ], [ 99.4364, 7.8743 ], [ 99.4722, 7.9045 ], [ 99.4813, 7.8805 ], [ 99.4896, 7.8867 ], [ 99.514, 7.8752 ], [ 99.5314, 7.8779 ], [ 99.5391, 7.882 ], [ 99.5345, 7.897 ], [ 99.5464, 7.9172 ], [ 99.562, 7.9242 ], [ 99.5609, 7.936 ], [ 99.5823, 7.9465 ], [ 99.5839, 7.956 ], [ 99.5963, 7.9574 ], [ 99.5919, 7.9631 ], [ 99.6061, 7.9786 ], [ 99.6029, 7.9854 ], [ 99.6155, 7.988 ], [ 99.6312, 8.0099 ], [ 99.6571, 8.0134 ], [ 99.7038, 7.9903 ], [ 99.7297, 7.9976 ], [ 99.7531, 7.9782 ], [ 99.7571, 7.9584 ], [ 99.7335, 7.9437 ], [ 99.7425, 7.9289 ], [ 99.7359, 7.9139 ], [ 99.744, 7.9076 ], [ 99.7333, 7.8855 ], [ 99.743, 7.8714 ], [ 99.7324, 7.8486 ], [ 99.7499, 7.8351 ], [ 99.7586, 7.8036 ], [ 99.771, 7.7885 ], [ 99.7671, 7.7689 ], [ 99.7837, 7.7595 ], [ 99.7883, 7.7005 ], [ 99.8176, 7.6795 ], [ 99.8133, 7.6494 ], [ 99.7853, 7.6442 ], [ 99.8097, 7.6218 ], [ 99.7971, 7.5892 ], [ 99.8355, 7.5477 ], [ 99.8204, 7.5123 ], [ 99.851, 7.4851 ], [ 99.849, 7.464 ], [ 99.9015, 7.3879 ], [ 99.8952, 7.3649 ], [ 99.9047, 7.3522 ], [ 99.9044, 7.3295 ], [ 99.9388, 7.3171 ], [ 99.9464, 7.2658 ], [ 99.9331, 7.2409 ], [ 99.9481, 7.2042 ], [ 99.9594, 7.1971 ], [ 99.9603, 7.1694 ], [ 99.9982, 7.1135 ], [ 99.9826, 7.1122 ], [ 99.9803, 7.1022 ], [ 99.9648, 7.0983 ], [ 99.9533, 7.0965 ], [ 99.9407, 7.1065 ], [ 99.8998, 7.0963 ], [ 99.888, 7.0806 ], [ 99.8671, 7.0804 ], [ 99.8639, 7.0691 ], [ 99.8566, 7.069 ], [ 99.8348, 7.08 ], [ 99.8338, 7.0954 ], [ 99.8205, 7.0967 ], [ 99.788, 7.127 ], [ 99.7627, 7.1245 ], [ 99.7582, 7.1266 ], [ 99.7607, 7.1331 ], [ 99.7572, 7.1377 ], [ 99.7561, 7.1264 ], [ 99.7413, 7.1329 ], [ 99.7514, 7.1733 ], [ 99.7334, 7.1897 ], [ 99.749, 7.1725 ], [ 99.745, 7.1553 ], [ 99.7301, 7.1306 ], [ 99.71, 7.1303 ], [ 99.7095, 7.1617 ], [ 99.7231, 7.1603 ], [ 99.7266, 7.1657 ], [ 99.7248, 7.1735 ], [ 99.7307, 7.1779 ], [ 99.7228, 7.1941 ], [ 99.7295, 7.178 ], [ 99.7239, 7.1732 ], [ 99.7247, 7.1636 ], [ 99.7041, 7.1667 ], [ 99.7025, 7.1803 ], [ 99.7033, 7.1333 ], [ 99.6676, 7.1136 ], [ 99.659, 7.1749 ], [ 99.6769, 7.1872 ], [ 99.6733, 7.1741 ], [ 99.6793, 7.1851 ], [ 99.6665, 7.207 ], [ 99.6549, 7.2043 ], [ 99.6522, 7.2126 ], [ 99.6688, 7.2161 ], [ 99.6708, 7.2247 ], [ 99.6682, 7.2176 ], [ 99.6539, 7.2192 ], [ 99.6506, 7.2096 ], [ 99.6561, 7.2014 ], [ 99.6671, 7.202 ], [ 99.6716, 7.1885 ], [ 99.6458, 7.1667 ], [ 99.6312, 7.194 ], [ 99.6139, 7.208 ], [ 99.6415, 7.2464 ], [ 99.649, 7.2411 ], [ 99.6417, 7.255 ], [ 99.6431, 7.2828 ], [ 99.6386, 7.2478 ], [ 99.6109, 7.2086 ], [ 99.6381, 7.1653 ], [ 99.6139, 7.1389 ], [ 99.5999, 7.1389 ], [ 99.6007, 7.1538 ], [ 99.6192, 7.1609 ], [ 99.6248, 7.173 ], [ 99.6231, 7.185 ], [ 99.6023, 7.1942 ], [ 99.6139, 7.2345 ], [ 99.6069, 7.2483 ] ] ] ] } },
{ "type": "Feature", "properties": { "jurisdiction": "Trat", "total_segments": 56, "flagged_segments": 0, "mean_sss": 60.3, "flagged_pct": 0.0 }, "geometry": { "type": "MultiPolygon", "coordinates": [ [ [ [ 102.45, 11.8006 ], [ 102.4531, 11.7981 ], [ 102.4497, 11.795 ], [ 102.45, 11.8006 ] ] ], [ [ [ 102.4531, 11.8044 ], [ 102.4533, 11.8075 ], [ 102.4569, 11.8097 ], [ 102.4531, 11.8044 ] ] ], [ [ [ 102.4684, 11.8394 ], [ 102.5116, 11.8256 ], [ 102.5049, 11.812 ], [ 102.4884, 11.8126 ], [ 102.4872, 11.7895 ], [ 102.468, 11.8116 ], [ 102.444, 11.8116 ], [ 102.4453, 11.8206 ], [ 102.468, 11.823 ], [ 102.4684, 11.8394 ] ] ], [ [ [ 102.4608, 11.8322 ], [ 102.4592, 11.8361 ], [ 102.4606, 11.8372 ], [ 102.4608, 11.8322 ] ] ], [ [ [ 102.5125, 11.7253 ], [ 102.5261, 11.7164 ], [ 102.5211, 11.7083 ], [ 102.5125, 11.7253 ] ] ], [ [ [ 102.5205, 11.8358 ], [ 102.5258, 11.8542 ], [ 102.5267, 11.8542 ], [ 102.5306, 11.8344 ], [ 102.5205, 11.8358 ] ] ], [ [ [ 102.5136, 11.9612 ], [ 102.5135, 11.96 ], [ 102.5129, 11.9603 ], [ 102.5136, 11.9612 ] ] ], [ [ [ 102.5595, 12.0959 ], [ 102.584, 12.0694 ], [ 102.5894, 12.0544 ], [ 102.5839, 12.0431 ], [ 102.5472, 12.0589 ], [ 102.5508, 12.0837 ], [ 102.5316, 12.1136 ], [ 102.4678, 12.1503 ], [ 102.47, 12.16 ], [ 102.4981, 12.1586 ], [ 102.5005, 12.16 ], [ 102.5006, 12.1647 ], [ 102.4974, 12.1597 ], [ 102.4936, 12.1653 ], [ 102.4731, 12.1628 ], [ 102.4733, 12.17 ], [ 102.4669, 12.1633 ], [ 102.3966, 12.1687 ], [ 102.3685, 12.1929 ], [ 102.346, 12.1989 ], [ 102.3281, 12.1913 ], [ 102.3256, 12.1797 ], [ 102.2908, 12.1892 ], [ 102.2769, 12.2047 ], [ 102.2867, 12.2383 ], [ 102.2614, 12.2697 ], [ 102.2656, 12.2765 ], [ 102.2586, 12.2889 ], [ 102.2655, 12.2921 ], [ 102.2767, 12.2831 ], [ 102.3247, 12.3007 ], [ 102.3302, 12.3138 ], [ 102.3635, 12.3413 ], [ 102.3481, 12.3653 ], [ 102.3735, 12.3874 ], [ 102.3688, 12.4018 ], [ 102.3269, 12.4264 ], [ 102.3313, 12.4445 ], [ 102.3213, 12.4511 ], [ 102.3384, 12.4631 ], [ 102.3431, 12.4801 ], [ 102.3312, 12.5028 ], [ 102.3172, 12.5102 ], [ 102.3174, 12.5379 ], [ 102.3067, 12.5547 ], [ 102.34, 12.5683 ], [ 102.3493, 12.5902 ], [ 102.373, 12.5965 ], [ 102.3996, 12.5676 ], [ 102.424, 12.5685 ], [ 102.3888, 12.6032 ], [ 102.4023, 12.6145 ], [ 102.3918, 12.6312 ], [ 102.3858, 12.6776 ], [ 102.3949, 12.6787 ], [ 102.4019, 12.6982 ], [ 102.425, 12.7107 ], [ 102.4261, 12.7221 ], [ 102.4426, 12.7362 ], [ 102.4759, 12.7347 ], [ 102.4959, 12.7564 ], [ 102.5074, 12.7519 ], [ 102.497, 12.7053 ], [ 102.5096, 12.6916 ], [ 102.5102, 12.6704 ], [ 102.5333, 12.6529 ], [ 102.5796, 12.6533 ], [ 102.617, 12.6154 ], [ 102.6461, 12.6103 ], [ 102.6446, 12.5847 ], [ 102.6622, 12.5821 ], [ 102.6675, 12.5632 ], [ 102.6852, 12.548 ], [ 102.6779, 12.5385 ], [ 102.7115, 12.5082 ], [ 102.7284, 12.5124 ], [ 102.7203, 12.4866 ], [ 102.7338, 12.4892 ], [ 102.74, 12.4824 ], [ 102.7368, 12.466 ], [ 102.7464, 12.4573 ], [ 102.7655, 12.4561 ], [ 102.784, 12.4265 ], [ 102.7849, 12.4004 ], [ 102.7461, 12.3889 ], [ 102.7258, 12.3645 ], [ 102.7261, 12.3031 ], [ 102.7136, 12.2609 ], [ 102.7185, 12.2254 ], [ 102.7039, 12.1724 ], [ 102.7359, 12.1083 ], [ 102.7703, 12.0745 ], [ 102.78, 11.9909 ], [ 102.8161, 11.9332 ], [ 102.8198, 11.8924 ], [ 102.8339, 11.8558 ], [ 102.8531, 11.8264 ], [ 102.8624, 11.824 ], [ 102.8666, 11.8063 ], [ 102.8859, 11.7996 ], [ 102.8816, 11.7903 ], [ 102.8925, 11.787 ], [ 102.9043, 11.7688 ], [ 102.9141, 11.6507 ], [ 102.9056, 11.6559 ], [ 102.9006, 11.6878 ], [ 102.9061, 11.7136 ], [ 102.8933, 11.7319 ], [ 102.8917, 11.7517 ], [ 102.7731, 11.9147 ], [ 102.7844, 11.9461 ], [ 102.766, 11.9818 ], [ 102.7708, 11.9912 ], [ 102.7611, 12.0308 ], [ 102.7285, 12.066 ], [ 102.6275, 12.1463 ], [ 102.6278, 12.1561 ], [ 102.6439, 12.1561 ], [ 102.6444, 12.1753 ], [ 102.5961, 12.2061 ], [ 102.5961, 12.22 ], [ 102.58, 12.2028 ], [ 102.5671, 12.2059 ], [ 102.5756, 12.2037 ], [ 102.5661, 12.1975 ], [ 102.5725, 12.1911 ], [ 102.5625, 12.1969 ], [ 102.5597, 12.2142 ], [ 102.5525, 12.2317 ], [ 102.5233, 12.2689 ], [ 102.5261, 12.2761 ], [ 102.525, 12.2911 ], [ 102.5139, 12.3014 ], [ 102.5147, 12.3133 ], [ 102.5133, 12.3006 ], [ 102.5239, 12.2908 ], [ 102.5222, 12.2692 ], [ 102.5497, 12.2317 ], [ 102.5581, 12.1997 ], [ 102.5667, 12.1931 ], [ 102.5578, 12.1836 ], [ 102.5753, 12.167 ], [ 102.5559, 12.1622 ], [ 102.557, 12.1312 ], [ 102.5665, 12.1177 ], [ 102.5595, 12.0959 ] ] ], [ [ [ 102.4511, 11.8944 ], [ 102.4467, 11.9 ], [ 102.4478, 11.9014 ], [ 102.4536, 11.8997 ], [ 102.4511, 11.8944 ] ] ], [ [ [ 102.4719, 11.9169 ], [ 102.4744, 11.9175 ], [ 102.4728, 11.9128 ], [ 102.4719, 11.9169 ] ] ], [ [ [ 102.4775, 11.96 ], [ 102.4803, 11.9378 ], [ 102.4686, 11.9308 ], [ 102.4697, 11.9533 ], [ 102.4775, 11.96 ] ] ], [ [ [ 102.4983, 11.9589 ], [ 102.4897, 11.9489 ], [ 102.4878, 11.9528 ], [ 102.4983, 11.9589 ] ] ], [ [ [ 102.4486, 11.9607 ], [ 102.4471, 11.9618 ], [ 102.4486, 11.9618 ], [ 102.4486, 11.9607 ] ] ], [ [ [ 102.49, 11.9667 ], [ 102.4905, 11.965 ], [ 102.4894, 11.965 ], [ 102.49, 11.9667 ] ] ], [ [ [ 102.5283, 11.6367 ], [ 102.53, 11.635 ], [ 102.5292, 11.635 ], [ 102.5283, 11.6367 ] ] ], [ [ [ 102.5319, 11.645 ], [ 102.5328, 11.6483 ], [ 102.5342, 11.6483 ], [ 102.5319, 11.645 ] ] ], [ [ [ 102.5707, 11.7322 ], [ 102.565, 11.7008 ], [ 102.5807, 11.7117 ], [ 102.5901, 11.6959 ], [ 102.6008, 11.7 ], [ 102.6086, 11.6894 ], [ 102.6008, 11.6769 ], [ 102.6089, 11.6511 ], [ 102.5971, 11.6281 ], [ 102.6035, 11.626 ], [ 102.5886, 11.611 ], [ 102.6015, 11.6075 ], [ 102.5925, 11.5614 ], [ 102.5686, 11.5761 ], [ 102.567, 11.5936 ], [ 102.5481, 11.5903 ], [ 102.541, 11.6018 ], [ 102.5259, 11.6054 ], [ 102.5361, 11.6119 ], [ 102.5331, 11.6189 ], [ 102.5453, 11.6231 ], [ 102.5447, 11.6378 ], [ 102.5403, 11.6369 ], [ 102.5342, 11.6514 ], [ 102.524, 11.6571 ], [ 102.5339, 11.6669 ], [ 102.5273, 11.6961 ], [ 102.5406, 11.7031 ], [ 102.5345, 11.7242 ], [ 102.5527, 11.7622 ], [ 102.5707, 11.7322 ] ] ], [ [ [ 102.5219, 11.6833 ], [ 102.5236, 11.6858 ], [ 102.5214, 11.6794 ], [ 102.5219, 11.6833 ] ] ], [ [ [ 102.9124, 11.6454 ], [ 102.9119, 11.6458 ], [ 102.9119, 11.6459 ], [ 102.9124, 11.6454 ] ] ], [ [ [ 102.3953, 11.7719 ], [ 102.3881, 11.7746 ], [ 102.393, 11.7769 ], [ 102.3953, 11.7719 ] ] ], [ [ [ 102.3855, 11.7781 ], [ 102.3806, 11.802 ], [ 102.3842, 11.8113 ], [ 102.393, 11.7961 ], [ 102.3855, 11.7781 ] ] ], [ [ [ 102.3931, 11.9059 ], [ 102.4044, 11.9022 ], [ 102.4169, 11.9017 ], [ 102.408, 11.8934 ], [ 102.399, 11.8959 ], [ 102.3931, 11.9059 ] ] ], [ [ [ 102.4106, 11.9291 ], [ 102.4097, 11.9337 ], [ 102.4118, 11.9307 ], [ 102.4106, 11.9291 ] ] ], [ [ [ 102.3769, 11.8083 ], [ 102.3792, 11.8081 ], [ 102.3783, 11.8069 ], [ 102.3769, 11.8083 ] ] ], [ [ [ 102.3764, 11.8092 ], [ 102.3767, 11.8108 ], [ 102.3775, 11.8092 ], [ 102.3764, 11.8092 ] ] ], [ [ [ 102.3847, 11.8219 ], [ 102.3869, 11.8228 ], [ 102.3867, 11.8211 ], [ 102.3847, 11.8219 ] ] ], [ [ [ 102.3453, 11.9019 ], [ 102.3461, 11.9139 ], [ 102.3658, 11.9289 ], [ 102.3622, 11.9178 ], [ 102.3453, 11.9019 ] ] ], [ [ [ 102.4073, 11.9361 ], [ 102.4093, 11.9398 ], [ 102.4094, 11.9367 ], [ 102.4073, 11.9361 ] ] ], [ [ [ 102.4074, 11.9439 ], [ 102.4019, 11.9437 ], [ 102.4032, 11.947 ], [ 102.4074, 11.9439 ] ] ], [ [ [ 102.4433, 11.9431 ], [ 102.4389, 11.945 ], [ 102.4372, 11.9506 ], [ 102.4433, 11.9431 ] ] ], [ [ [ 102.4452, 11.9503 ], [ 102.439, 11.9516 ], [ 102.4396, 11.9541 ], [ 102.4452, 11.9503 ] ] ], [ [ [ 102.2824, 12.0162 ], [ 102.285, 12.0167 ], [ 102.2846, 12.0148 ], [ 102.2824, 12.0162 ] ] ], [ [ [ 102.2625, 12.0242 ], [ 102.2611, 12.0225 ], [ 102.2606, 12.025 ], [ 102.2625, 12.0242 ] ] ], [ [ [ 102.2506, 12.1536 ], [ 102.2772, 12.1422 ], [ 102.3242, 12.1356 ], [ 102.3531, 12.1133 ], [ 102.3664, 12.0839 ], [ 102.3828, 12.0683 ], [ 102.3861, 12.0489 ], [ 102.398, 12.0489 ], [ 102.3919, 12.0292 ], [ 102.3978, 12.0356 ], [ 102.4064, 12.0308 ], [ 102.4299, 11.9899 ], [ 102.4467, 11.9764 ], [ 102.4356, 11.9517 ], [ 102.3821, 12.0005 ], [ 102.3697, 11.9936 ], [ 102.377, 11.9639 ], [ 102.3169, 11.9739 ], [ 102.3108, 11.9669 ], [ 102.3194, 11.9578 ], [ 102.314, 11.9575 ], [ 102.2917, 11.985 ], [ 102.2981, 11.9933 ], [ 102.2878, 12.0147 ], [ 102.2942, 12.0428 ], [ 102.2744, 12.0722 ], [ 102.2733, 12.1028 ], [ 102.2493, 12.1366 ], [ 102.2689, 12.1342 ], [ 102.2683, 12.1442 ], [ 102.2506, 12.1536 ] ] ], [ [ [ 102.2472, 12.1406 ], [ 102.2475, 12.1378 ], [ 102.2458, 12.1406 ], [ 102.2472, 12.1406 ] ] ], [ [ [ 102.393, 11.9708 ], [ 102.39, 11.9745 ], [ 102.3925, 11.9755 ], [ 102.393, 11.9708 ] ] ], [ [ [ 102.3891, 11.9884 ], [ 102.3877, 11.9771 ], [ 102.3879, 11.9889 ], [ 102.3891, 11.9884 ] ] ], [ [ [ 102.426, 12.0501 ], [ 102.4267, 12.0476 ], [ 102.4239, 12.0522 ], [ 102.426, 12.0501 ] ] ], [ [ [ 102.2444, 12.1631 ], [ 102.2481, 12.1575 ], [ 102.2436, 12.1597 ], [ 102.2444, 12.1631 ] ] ], [ [ [ 102.3808, 12.1778 ], [ 102.3822, 12.1764 ], [ 102.3811, 12.1756 ], [ 102.3808, 12.1778 ] ] ], [ [ [ 102.3387, 12.1886 ], [ 102.3388, 12.1858 ], [ 102.3379, 12.1879 ], [ 102.3387, 12.1886 ] ] ], [ [ [ 102.5572, 12.2156 ], [ 102.5579, 12.2105 ], [ 102.5573, 12.21 ], [ 102.5572, 12.2156 ] ] ] ] } },
{ "type": "Feature", "properties": { "jurisdiction": "UbonRatchathani", "total_segments": 209, "flagged_segments": 1, "mean_sss": 40.4, "flagged_pct": 0.5 }, "geometry": { "type": "MultiPolygon", "coordinates": [ [ [ [ 104.9564, 14.3839 ], [ 104.9448, 14.3831 ], [ 104.9221, 14.4015 ], [ 104.9094, 14.3995 ], [ 104.9081, 14.4112 ], [ 104.8788, 14.4353 ], [ 104.8505, 14.4232 ], [ 104.8322, 14.4376 ], [ 104.8608, 14.4702 ], [ 104.8641, 14.4949 ], [ 104.8192, 14.5492 ], [ 104.8309, 14.5776 ], [ 104.8291, 14.6045 ], [ 104.8398, 14.6151 ], [ 104.8392, 14.6338 ], [ 104.8514, 14.6562 ], [ 104.8688, 14.6612 ], [ 104.8921, 14.651 ], [ 104.8788, 14.6697 ], [ 104.8779, 14.6979 ], [ 104.851, 14.7163 ], [ 104.8453, 14.7338 ], [ 104.8233, 14.751 ], [ 104.8182, 14.7873 ], [ 104.7996, 14.8082 ], [ 104.8087, 14.8275 ], [ 104.8301, 14.8353 ], [ 104.8069, 14.8941 ], [ 104.7425, 14.9256 ], [ 104.7022, 14.9337 ], [ 104.6858, 14.9501 ], [ 104.6912, 14.9667 ], [ 104.6864, 15.0026 ], [ 104.6719, 15.031 ], [ 104.6878, 15.0415 ], [ 104.6821, 15.0474 ], [ 104.6952, 15.0811 ], [ 104.6791, 15.0828 ], [ 104.6906, 15.0978 ], [ 104.6785, 15.0909 ], [ 104.6729, 15.0978 ], [ 104.6825, 15.1064 ], [ 104.6818, 15.1213 ], [ 104.7061, 15.1288 ], [ 104.738, 15.1638 ], [ 104.7285, 15.1687 ], [ 104.7002, 15.1568 ], [ 104.7006, 15.1691 ], [ 104.7207, 15.1891 ], [ 104.705, 15.1835 ], [ 104.7069, 15.1978 ], [ 104.6849, 15.1984 ], [ 104.6919, 15.2052 ], [ 104.6843, 15.2151 ], [ 104.699, 15.2211 ], [ 104.6814, 15.224 ], [ 104.6678, 15.2555 ], [ 104.6602, 15.2562 ], [ 104.654, 15.2445 ], [ 104.6641, 15.2397 ], [ 104.6666, 15.2298 ], [ 104.6479, 15.2382 ], [ 104.6468, 15.2537 ], [ 104.6099, 15.2582 ], [ 104.6084, 15.2717 ], [ 104.5923, 15.2669 ], [ 104.5804, 15.2515 ], [ 104.5291, 15.2506 ], [ 104.5049, 15.2657 ], [ 104.4699, 15.2668 ], [ 104.4071, 15.2883 ], [ 104.4212, 15.3614 ], [ 104.4106, 15.385 ], [ 104.3849, 15.3916 ], [ 104.384, 15.3998 ], [ 104.394, 15.4058 ], [ 104.3873, 15.4432 ], [ 104.3748, 15.4571 ], [ 104.391, 15.4886 ], [ 104.3863, 15.5033 ], [ 104.4017, 15.5437 ], [ 104.4162, 15.5343 ], [ 104.4816, 15.5353 ], [ 104.5124, 15.5614 ], [ 104.5495, 15.5406 ], [ 104.5573, 15.5547 ], [ 104.5882, 15.5652 ], [ 104.5802, 15.6013 ], [ 104.607, 15.6111 ], [ 104.6187, 15.622 ], [ 104.6171, 15.6374 ], [ 104.6403, 15.6454 ], [ 104.6318, 15.6615 ], [ 104.6142, 15.6617 ], [ 104.6038, 15.6709 ], [ 104.6276, 15.6872 ], [ 104.687, 15.6688 ], [ 104.6996, 15.6561 ], [ 104.7164, 15.6587 ], [ 104.7315, 15.6459 ], [ 104.7446, 15.6564 ], [ 104.7486, 15.6406 ], [ 104.7898, 15.6189 ], [ 104.7989, 15.5929 ], [ 104.8137, 15.6043 ], [ 104.8261, 15.5835 ], [ 104.8393, 15.59 ], [ 104.8389, 15.5792 ], [ 104.8476, 15.5817 ], [ 104.8495, 15.5723 ], [ 104.8643, 15.5778 ], [ 104.8792, 15.5609 ], [ 104.8676, 15.5595 ], [ 104.867, 15.5474 ], [ 104.876, 15.5453 ], [ 104.873, 15.5367 ], [ 104.8832, 15.5361 ], [ 104.8977, 15.5618 ], [ 104.8876, 15.5719 ], [ 104.9104, 15.5947 ], [ 104.929, 15.6012 ], [ 104.9261, 15.6127 ], [ 104.9356, 15.6358 ], [ 104.8971, 15.6521 ], [ 104.8935, 15.687 ], [ 104.9089, 15.7258 ], [ 104.9075, 15.7537 ], [ 104.9615, 15.7871 ], [ 104.9657, 15.8586 ], [ 104.9921, 15.9096 ], [ 104.9743, 15.9121 ], [ 104.9765, 15.9279 ], [ 105.0116, 15.9633 ], [ 105.0078, 16.0265 ], [ 105.0431, 16.0909 ], [ 105.0637, 16.096 ], [ 105.0867, 16.0837 ], [ 105.1042, 16.0892 ], [ 105.1231, 16.0747 ], [ 105.1371, 16.0777 ], [ 105.2145, 16.0477 ], [ 105.4142, 16.013 ], [ 105.4253, 16.0038 ], [ 105.4271, 15.988 ], [ 105.3807, 15.9826 ], [ 105.3451, 15.9207 ], [ 105.3912, 15.8281 ], [ 105.3956, 15.8014 ], [ 105.4215, 15.7872 ], [ 105.4221, 15.7722 ], [ 105.436, 15.7534 ], [ 105.4624, 15.7439 ], [ 105.5008, 15.7646 ], [ 105.5345, 15.7466 ], [ 105.5576, 15.7468 ], [ 105.5644, 15.7361 ], [ 105.6033, 15.7191 ], [ 105.6146, 15.6885 ], [ 105.6339, 15.6676 ], [ 105.6391, 15.6276 ], [ 105.6288, 15.5642 ], [ 105.6116, 15.5445 ], [ 105.5956, 15.5059 ], [ 105.605, 15.4717 ], [ 105.5938, 15.4224 ], [ 105.5668, 15.3976 ], [ 105.4956, 15.3843 ], [ 105.4696, 15.3472 ], [ 105.4747, 15.3343 ], [ 105.5073, 15.3139 ], [ 105.5761, 15.3234 ], [ 105.584, 15.3132 ], [ 105.5925, 15.2676 ], [ 105.5848, 15.2596 ], [ 105.563, 15.2611 ], [ 105.5423, 15.251 ], [ 105.4781, 15.1784 ], [ 105.4716, 15.1562 ], [ 105.4806, 15.1469 ], [ 105.4698, 15.1335 ], [ 105.467, 15.113 ], [ 105.4746, 15.0985 ], [ 105.5131, 15.0844 ], [ 105.5164, 15.061 ], [ 105.5543, 15.059 ], [ 105.5494, 15.0368 ], [ 105.5736, 15.02 ], [ 105.5758, 14.9969 ], [ 105.6119, 14.988 ], [ 105.6223, 14.9746 ], [ 105.5863, 14.9442 ], [ 105.5711, 14.9526 ], [ 105.5554, 14.9494 ], [ 105.5488, 14.924 ], [ 105.5766, 14.8998 ], [ 105.5797, 14.8795 ], [ 105.5385, 14.8666 ], [ 105.5556, 14.8353 ], [ 105.5317, 14.8206 ], [ 105.5235, 14.8229 ], [ 105.5138, 14.7982 ], [ 105.5223, 14.7746 ], [ 105.5154, 14.7527 ], [ 105.5423, 14.7301 ], [ 105.5228, 14.7257 ], [ 105.5272, 14.7047 ], [ 105.518, 14.694 ], [ 105.5261, 14.6753 ], [ 105.519, 14.6574 ], [ 105.532, 14.6397 ], [ 105.5273, 14.6317 ], [ 105.5449, 14.6192 ], [ 105.5313, 14.5959 ], [ 105.5416, 14.5821 ], [ 105.5318, 14.5715 ], [ 105.536, 14.5523 ], [ 105.5263, 14.5497 ], [ 105.5278, 14.5367 ], [ 105.5182, 14.5361 ], [ 105.5036, 14.511 ], [ 105.4825, 14.5041 ], [ 105.4898, 14.4982 ], [ 105.4319, 14.4132 ], [ 105.4126, 14.4276 ], [ 105.3993, 14.4061 ], [ 105.3893, 14.4085 ], [ 105.3899, 14.3948 ], [ 105.3754, 14.3983 ], [ 105.3626, 14.3852 ], [ 105.3445, 14.3831 ], [ 105.3228, 14.3958 ], [ 105.3064, 14.3641 ], [ 105.2865, 14.3652 ], [ 105.2796, 14.3516 ], [ 105.2559, 14.3611 ], [ 105.2298, 14.3316 ], [ 105.2001, 14.3485 ], [ 105.1758, 14.3455 ], [ 105.1672, 14.3284 ], [ 105.1767, 14.3147 ], [ 105.1514, 14.2849 ], [ 105.1533, 14.269 ], [ 105.1436, 14.2595 ], [ 105.1541, 14.2547 ], [ 105.1465, 14.2422 ], [ 105.1091, 14.2142 ], [ 105.0847, 14.2097 ], [ 105.0502, 14.2149 ], [ 105.0462, 14.2272 ], [ 105.0228, 14.2413 ], [ 105.0266, 14.2648 ], [ 105.0201, 14.2639 ], [ 105.0028, 14.3027 ], [ 104.9845, 14.3183 ], [ 104.9925, 14.3248 ], [ 105.0022, 14.3646 ], [ 104.9944, 14.3797 ], [ 104.9738, 14.392 ], [ 104.958, 14.3913 ], [ 104.9564, 14.3839 ] ] ] ] } },
{ "type": "Feature", "properties": { "jurisdiction": "UdonThani", "total_segments": 162, "flagged_segments": 1, "mean_sss": 51.3, "flagged_pct": 0.6 }, "geometry": { "type": "MultiPolygon", "coordinates": [ [ [ [ 102.9198, 16.8331 ], [ 102.8849, 16.8729 ], [ 102.8617, 16.8817 ], [ 102.8426, 16.8669 ], [ 102.8231, 16.8643 ], [ 102.8109, 16.913 ], [ 102.8218, 16.936 ], [ 102.8061, 16.9532 ], [ 102.827, 16.9707 ], [ 102.8037, 16.9846 ], [ 102.7897, 17.0128 ], [ 102.752, 17.0389 ], [ 102.7248, 17.0463 ], [ 102.7086, 17.0861 ], [ 102.7022, 17.0869 ], [ 102.701, 17.069 ], [ 102.6799, 17.0431 ], [ 102.6816, 17.0133 ], [ 102.6714, 16.9911 ], [ 102.5749, 17.041 ], [ 102.5318, 17.0828 ], [ 102.4748, 17.199 ], [ 102.5232, 17.2074 ], [ 102.5749, 17.2282 ], [ 102.5963, 17.2641 ], [ 102.5101, 17.2857 ], [ 102.442, 17.2792 ], [ 102.4404, 17.3375 ], [ 102.397, 17.4223 ], [ 102.3703, 17.4991 ], [ 102.3351, 17.5494 ], [ 102.3199, 17.6767 ], [ 102.2811, 17.6707 ], [ 102.2646, 17.6583 ], [ 102.1519, 17.6619 ], [ 102.1227, 17.6314 ], [ 102.1062, 17.645 ], [ 102.0868, 17.6339 ], [ 102.0598, 17.6558 ], [ 102.0366, 17.6489 ], [ 102.032, 17.657 ], [ 102.0405, 17.6611 ], [ 102.0278, 17.6775 ], [ 102.0182, 17.7463 ], [ 102.031, 17.7831 ], [ 102.0467, 17.787 ], [ 102.0376, 17.8036 ], [ 102.0525, 17.8305 ], [ 102.053, 17.8669 ], [ 102.0401, 17.8825 ], [ 102.0278, 17.9734 ], [ 102.0206, 17.9804 ], [ 102.0291, 17.9891 ], [ 102.0449, 17.9871 ], [ 102.0412, 18.02 ], [ 102.0585, 18.0375 ], [ 102.058, 18.0829 ], [ 102.0917, 18.0539 ], [ 102.1091, 18.0603 ], [ 102.1143, 18.0476 ], [ 102.1089, 18.0237 ], [ 102.1446, 18.0329 ], [ 102.1414, 18.0053 ], [ 102.1561, 17.987 ], [ 102.1746, 18.0156 ], [ 102.1883, 18.0105 ], [ 102.2052, 18.02 ], [ 102.2063, 18.0065 ], [ 102.2351, 18.0018 ], [ 102.2638, 17.9821 ], [ 102.2764, 17.9783 ], [ 102.2892, 17.988 ], [ 102.3108, 17.9465 ], [ 102.359, 17.9237 ], [ 102.3591, 17.9152 ], [ 102.3701, 17.9108 ], [ 102.3669, 17.9048 ], [ 102.3918, 17.893 ], [ 102.4029, 17.873 ], [ 102.4022, 17.8418 ], [ 102.4267, 17.8186 ], [ 102.4437, 17.818 ], [ 102.4308, 17.7918 ], [ 102.4444, 17.7815 ], [ 102.4422, 17.7656 ], [ 102.4522, 17.7692 ], [ 102.4553, 17.7588 ], [ 102.47, 17.751 ], [ 102.531, 17.7595 ], [ 102.5421, 17.7401 ], [ 102.6161, 17.6849 ], [ 102.5972, 17.6702 ], [ 102.6045, 17.6487 ], [ 102.5978, 17.6208 ], [ 102.6483, 17.6127 ], [ 102.6509, 17.5909 ], [ 102.6695, 17.5937 ], [ 102.6967, 17.6186 ], [ 102.7167, 17.6031 ], [ 102.7339, 17.602 ], [ 102.7432, 17.6182 ], [ 102.7683, 17.6175 ], [ 102.762, 17.6398 ], [ 102.7765, 17.6453 ], [ 102.7863, 17.6798 ], [ 102.8323, 17.6909 ], [ 102.8358, 17.7124 ], [ 102.8529, 17.7255 ], [ 102.8457, 17.7407 ], [ 102.8573, 17.7726 ], [ 102.8416, 17.79 ], [ 102.8456, 17.8021 ], [ 102.8293, 17.8088 ], [ 102.8423, 17.8073 ], [ 102.8389, 17.818 ], [ 102.8544, 17.8229 ], [ 102.8477, 17.8326 ], [ 102.8717, 17.8407 ], [ 102.8689, 17.8515 ], [ 102.8782, 17.8603 ], [ 102.8735, 17.8836 ], [ 102.8874, 17.8941 ], [ 102.901, 17.8836 ], [ 102.9318, 17.8879 ], [ 102.973, 17.8192 ], [ 103.0133, 17.8606 ], [ 103.0158, 17.8732 ], [ 103.0404, 17.875 ], [ 103.0405, 17.8906 ], [ 103.0612, 17.8743 ], [ 103.0807, 17.8811 ], [ 103.0964, 17.8644 ], [ 103.102, 17.8676 ], [ 103.1032, 17.8542 ], [ 103.1166, 17.8589 ], [ 103.119, 17.8431 ], [ 103.1304, 17.8409 ], [ 103.1263, 17.8283 ], [ 103.1378, 17.8235 ], [ 103.1342, 17.8145 ], [ 103.1512, 17.8016 ], [ 103.1696, 17.8075 ], [ 103.173, 17.8383 ], [ 103.1897, 17.8659 ], [ 103.2041, 17.8656 ], [ 103.2296, 17.885 ], [ 103.2435, 17.8874 ], [ 103.2726, 17.8472 ], [ 103.3053, 17.8258 ], [ 103.3143, 17.8397 ], [ 103.3043, 17.8659 ], [ 103.3361, 17.8825 ], [ 103.3501, 17.8747 ], [ 103.3714, 17.8797 ], [ 103.399, 17.9023 ], [ 103.4159, 17.8983 ], [ 103.42, 17.8781 ], [ 103.4091, 17.8765 ], [ 103.4102, 17.8582 ], [ 103.3972, 17.8536 ], [ 103.4012, 17.8442 ], [ 103.4251, 17.8395 ], [ 103.4153, 17.8325 ], [ 103.4047, 17.8408 ], [ 103.4027, 17.8291 ], [ 103.3997, 17.8409 ], [ 103.385, 17.8393 ], [ 103.3927, 17.8266 ], [ 103.3781, 17.8113 ], [ 103.3835, 17.8108 ], [ 103.3848, 17.8071 ], [ 103.377, 17.8008 ], [ 103.3789, 17.7908 ], [ 103.3699, 17.7886 ], [ 103.3858, 17.7521 ], [ 103.4032, 17.7557 ], [ 103.4134, 17.7269 ], [ 103.4041, 17.7158 ], [ 103.4106, 17.6658 ], [ 103.4013, 17.649 ], [ 103.3997, 17.6152 ], [ 103.4127, 17.5939 ], [ 103.379, 17.5906 ], [ 103.3767, 17.5773 ], [ 103.3626, 17.5889 ], [ 103.3528, 17.5851 ], [ 103.3394, 17.574 ], [ 103.3431, 17.5671 ], [ 103.333, 17.5483 ], [ 103.3244, 17.5508 ], [ 103.3196, 17.5213 ], [ 103.289, 17.4953 ], [ 103.2924, 17.4657 ], [ 103.2761, 17.4389 ], [ 103.2853, 17.4277 ], [ 103.2837, 17.4142 ], [ 103.3043, 17.3885 ], [ 103.275, 17.3475 ], [ 103.2738, 17.3306 ], [ 103.2578, 17.3239 ], [ 103.2534, 17.3115 ], [ 103.2831, 17.2655 ], [ 103.3098, 17.2688 ], [ 103.3535, 17.2534 ], [ 103.3636, 17.2343 ], [ 103.3795, 17.2342 ], [ 103.4189, 17.211 ], [ 103.4305, 17.2187 ], [ 103.454, 17.2109 ], [ 103.4724, 17.2282 ], [ 103.4768, 17.216 ], [ 103.5727, 17.1558 ], [ 103.5934, 17.1702 ], [ 103.6023, 17.1667 ], [ 103.6234, 17.1465 ], [ 103.6399, 17.1106 ], [ 103.6574, 17.1139 ], [ 103.6694, 17.104 ], [ 103.6573, 17.0747 ], [ 103.667, 17.0536 ], [ 103.6646, 17.0175 ], [ 103.649, 17.022 ], [ 103.6543, 17.0452 ], [ 103.6223, 17.091 ], [ 103.5806, 17.0997 ], [ 103.5766, 17.0898 ], [ 103.5506, 17.0866 ], [ 103.539, 17.0634 ], [ 103.5099, 17.0422 ], [ 103.5205, 17.0318 ], [ 103.5218, 16.9963 ], [ 103.4963, 16.9679 ], [ 103.4887, 16.9388 ], [ 103.4957, 16.9255 ], [ 103.4933, 16.9016 ], [ 103.4581, 16.8653 ], [ 103.4451, 16.8452 ], [ 103.4513, 16.8314 ], [ 103.4231, 16.8003 ], [ 103.4124, 16.8071 ], [ 103.4254, 16.8209 ], [ 103.412, 16.8484 ], [ 103.4025, 16.8517 ], [ 103.4141, 16.8636 ], [ 103.3974, 16.8933 ], [ 103.3436, 16.9223 ], [ 103.2891, 16.9239 ], [ 103.254, 16.9594 ], [ 103.2309, 16.9566 ], [ 103.2224, 16.966 ], [ 103.2012, 16.9472 ], [ 103.1867, 16.9457 ], [ 103.1775, 16.9539 ], [ 103.1615, 16.9447 ], [ 103.1194, 16.9604 ], [ 103.1138, 16.9394 ], [ 103.1022, 16.9324 ], [ 103.1001, 16.9095 ], [ 103.0105, 16.8644 ], [ 103.0011, 16.8684 ], [ 102.9779, 16.8454 ], [ 102.9198, 16.8331 ] ] ] ] } },
{ "type": "Feature", "properties": { "jurisdiction": "UthaiThani", "total_segments": 54, "flagged_segments": 2, "mean_sss": 49.4, "flagged_pct": 3.7 }, "geometry": { "type": "MultiPolygon", "coordinates": [ [ [ [ 99.5266, 14.9793 ], [ 99.4833, 14.9886 ], [ 99.4408, 14.9849 ], [ 99.4194, 15.0292 ], [ 99.4199, 15.0479 ], [ 99.3662, 15.0477 ], [ 99.3375, 15.0805 ], [ 99.3206, 15.0798 ], [ 99.3203, 15.0683 ], [ 99.3026, 15.0544 ], [ 99.2969, 15.0379 ], [ 99.3081, 15.0241 ], [ 99.3023, 15.0133 ], [ 99.2856, 15.0057 ], [ 99.2854, 14.9934 ], [ 99.2592, 14.9866 ], [ 99.2337, 15.0113 ], [ 99.2047, 15.013 ], [ 99.1919, 15.0257 ], [ 99.1831, 15.0168 ], [ 99.1623, 15.0148 ], [ 99.1362, 15.0371 ], [ 99.1476, 15.0461 ], [ 99.1431, 15.0508 ], [ 99.12, 15.0538 ], [ 99.1153, 15.0444 ], [ 99.078, 15.0378 ], [ 99.0694, 15.0462 ], [ 99.0304, 15.0481 ], [ 99.002, 15.0717 ], [ 99.011, 15.0865 ], [ 98.999, 15.1053 ], [ 99.0073, 15.1441 ], [ 98.9846, 15.1806 ], [ 99.0033, 15.1833 ], [ 99.0068, 15.2379 ], [ 99.0198, 15.2445 ], [ 99.0169, 15.2629 ], [ 99.0388, 15.2862 ], [ 99.0317, 15.3352 ], [ 99.044, 15.3441 ], [ 99.0462, 15.3742 ], [ 99.0599, 15.3939 ], [ 99.0697, 15.3945 ], [ 99.069, 15.4173 ], [ 99.0565, 15.4423 ], [ 99.0798, 15.496 ], [ 99.0573, 15.5226 ], [ 99.0494, 15.5549 ], [ 99.0952, 15.5809 ], [ 99.0983, 15.6103 ], [ 99.1144, 15.6278 ], [ 99.1123, 15.6663 ], [ 99.1395, 15.7329 ], [ 99.1285, 15.7651 ], [ 99.1363, 15.7954 ], [ 99.1649, 15.7884 ], [ 99.1659, 15.7768 ], [ 99.1878, 15.7819 ], [ 99.2041, 15.7653 ], [ 99.2171, 15.7648 ], [ 99.2374, 15.7454 ], [ 99.2489, 15.7205 ], [ 99.2773, 15.7153 ], [ 99.2967, 15.6922 ], [ 99.3315, 15.6903 ], [ 99.3554, 15.6793 ], [ 99.3717, 15.6623 ], [ 99.3676, 15.6517 ], [ 99.3793, 15.6237 ], [ 99.4219, 15.613 ], [ 99.4543, 15.5811 ], [ 99.4655, 15.5865 ], [ 99.4726, 15.5628 ], [ 99.4956, 15.5686 ], [ 99.5144, 15.5616 ], [ 99.5646, 15.5909 ], [ 99.5963, 15.6281 ], [ 99.6293, 15.6395 ], [ 99.6613, 15.6691 ], [ 99.7067, 15.686 ], [ 99.7362, 15.6875 ], [ 99.7965, 15.6424 ], [ 99.8632, 15.6172 ], [ 99.8672, 15.6546 ], [ 99.9324, 15.6742 ], [ 99.944, 15.6236 ], [ 99.9393, 15.5958 ], [ 99.9475, 15.4991 ], [ 99.9591, 15.5055 ], [ 99.9995, 15.4819 ], [ 100.0117, 15.4907 ], [ 100.0087, 15.5033 ], [ 100.0254, 15.5066 ], [ 100.0335, 15.4724 ], [ 100.0684, 15.4557 ], [ 100.0562, 15.424 ], [ 100.1033, 15.4166 ], [ 100.0907, 15.4115 ], [ 100.0882, 15.4017 ], [ 100.106, 15.374 ], [ 100.0819, 15.3792 ], [ 100.0752, 15.3691 ], [ 100.0984, 15.3497 ], [ 100.1006, 15.336 ], [ 100.0796, 15.3179 ], [ 100.0789, 15.2953 ], [ 100.0576, 15.2738 ], [ 100.055, 15.2868 ], [ 100.0416, 15.2945 ], [ 100.025, 15.2895 ], [ 100.0057, 15.3002 ], [ 99.966, 15.2981 ], [ 99.9582, 15.3041 ], [ 99.8847, 15.2862 ], [ 99.8764, 15.302 ], [ 99.8093, 15.3164 ], [ 99.7888, 15.317 ], [ 99.7683, 15.3 ], [ 99.7368, 15.29 ], [ 99.7207, 15.2732 ], [ 99.7327, 15.2445 ], [ 99.723, 15.2346 ], [ 99.7241, 15.2219 ], [ 99.7606, 15.1738 ], [ 99.7489, 15.163 ], [ 99.8071, 15.0933 ], [ 99.7739, 15.0546 ], [ 99.785, 15.0412 ], [ 99.7791, 15.0246 ], [ 99.7306, 15.0008 ], [ 99.7239, 14.9776 ], [ 99.6909, 14.9739 ], [ 99.661, 14.9875 ], [ 99.6329, 14.9876 ], [ 99.6279, 14.9774 ], [ 99.635, 14.9385 ], [ 99.5886, 14.945 ], [ 99.5654, 14.9609 ], [ 99.5324, 14.968 ], [ 99.5266, 14.9793 ] ] ] ] } },
{ "type": "Feature", "properties": { "jurisdiction": "Uttaradit", "total_segments": 121, "flagged_segments": 1, "mean_sss": 59.2, "flagged_pct": 0.8 }, "geometry": { "type": "MultiPolygon", "coordinates": [ [ [ [ 100.074, 17.1791 ], [ 100.0385, 17.1784 ], [ 100.0318, 17.1625 ], [ 100.0073, 17.1736 ], [ 100.0017, 17.1847 ], [ 99.981, 17.1716 ], [ 99.9746, 17.1968 ], [ 99.9834, 17.2133 ], [ 99.9602, 17.2289 ], [ 99.9778, 17.2432 ], [ 99.957, 17.2397 ], [ 99.9668, 17.2498 ], [ 99.9681, 17.2791 ], [ 99.9752, 17.2872 ], [ 99.9986, 17.2903 ], [ 100.0158, 17.3253 ], [ 100.002, 17.3519 ], [ 100.0091, 17.357 ], [ 100.0014, 17.3669 ], [ 100.0106, 17.3804 ], [ 99.9907, 17.4005 ], [ 100.0052, 17.4173 ], [ 99.9979, 17.4403 ], [ 100.0046, 17.456 ], [ 99.9896, 17.4671 ], [ 99.9829, 17.4854 ], [ 99.9278, 17.5194 ], [ 99.9433, 17.5419 ], [ 99.9275, 17.5655 ], [ 99.9252, 17.5843 ], [ 99.9761, 17.6199 ], [ 99.9671, 17.6305 ], [ 99.9785, 17.6561 ], [ 99.9657, 17.7093 ], [ 99.9215, 17.7476 ], [ 99.9143, 17.7625 ], [ 99.9275, 17.7726 ], [ 99.924, 17.7842 ], [ 99.9019, 17.7955 ], [ 99.8984, 17.8051 ], [ 99.9385, 17.7811 ], [ 99.9591, 17.7782 ], [ 99.965, 17.7968 ], [ 99.9817, 17.7982 ], [ 99.9948, 17.8104 ], [ 99.9886, 17.8325 ], [ 99.9987, 17.8273 ], [ 100.047, 17.8458 ], [ 100.0592, 17.8318 ], [ 100.1304, 17.8551 ], [ 100.1618, 17.8878 ], [ 100.2162, 17.919 ], [ 100.2273, 17.9473 ], [ 100.2483, 17.9601 ], [ 100.2658, 17.9513 ], [ 100.2815, 17.9559 ], [ 100.2889, 17.9352 ], [ 100.3086, 17.9309 ], [ 100.3148, 17.9076 ], [ 100.3278, 17.89 ], [ 100.3376, 17.889 ], [ 100.3612, 17.9246 ], [ 100.3518, 17.9816 ], [ 100.3939, 18.0198 ], [ 100.4092, 18.0228 ], [ 100.4245, 18.0115 ], [ 100.4456, 18.0238 ], [ 100.5276, 18.0215 ], [ 100.5438, 18.0148 ], [ 100.5505, 18.0316 ], [ 100.6114, 18.0482 ], [ 100.6566, 18.0372 ], [ 100.67, 18.0406 ], [ 100.6942, 18.023 ], [ 100.727, 18.0306 ], [ 100.7717, 18.0237 ], [ 100.8029, 18.0526 ], [ 100.813, 18.0765 ], [ 100.8519, 18.0809 ], [ 100.8591, 18.1018 ], [ 100.8769, 18.1168 ], [ 100.8734, 18.133 ], [ 100.885, 18.149 ], [ 100.8917, 18.1455 ], [ 100.9149, 18.1564 ], [ 100.9099, 18.1917 ], [ 100.9273, 18.2092 ], [ 100.9145, 18.2256 ], [ 100.9211, 18.2418 ], [ 100.9537, 18.2642 ], [ 100.9823, 18.3043 ], [ 101.0009, 18.302 ], [ 101.0072, 18.316 ], [ 101.0598, 18.3544 ], [ 101.077, 18.3552 ], [ 101.0889, 18.3785 ], [ 101.1256, 18.3682 ], [ 101.15, 18.3455 ], [ 101.1818, 18.3398 ], [ 101.1822, 18.3257 ], [ 101.1507, 18.2948 ], [ 101.161, 18.2735 ], [ 101.146, 18.2589 ], [ 101.1613, 18.244 ], [ 101.1672, 18.216 ], [ 101.182, 18.2172 ], [ 101.193, 18.2086 ], [ 101.1627, 18.1216 ], [ 101.1741, 18.0754 ], [ 101.186, 18.0636 ], [ 101.163, 18.0289 ], [ 101.1526, 18.035 ], [ 101.1238, 17.9982 ], [ 101.1193, 17.95 ], [ 101.1051, 17.9447 ], [ 101.0905, 17.9236 ], [ 101.0493, 17.9119 ], [ 101.0208, 17.89 ], [ 101.0188, 17.8765 ], [ 101.0331, 17.8539 ], [ 101.032, 17.8325 ], [ 101.0002, 17.8179 ], [ 100.9943, 17.8029 ], [ 101.008, 17.7834 ], [ 100.9794, 17.7609 ], [ 100.9902, 17.7416 ], [ 100.9743, 17.709 ], [ 100.9264, 17.6944 ], [ 100.9108, 17.6998 ], [ 100.9063, 17.7134 ], [ 100.8764, 17.7096 ], [ 100.8459, 17.6532 ], [ 100.8039, 17.6367 ], [ 100.7777, 17.5987 ], [ 100.7758, 17.5819 ], [ 100.7402, 17.5395 ], [ 100.7044, 17.528 ], [ 100.6715, 17.4993 ], [ 100.6443, 17.492 ], [ 100.6469, 17.4721 ], [ 100.6155, 17.4637 ], [ 100.5995, 17.4214 ], [ 100.5321, 17.4154 ], [ 100.5158, 17.4023 ], [ 100.5026, 17.4268 ], [ 100.4856, 17.4164 ], [ 100.4285, 17.4198 ], [ 100.423, 17.4108 ], [ 100.369, 17.387 ], [ 100.3309, 17.385 ], [ 100.326, 17.3673 ], [ 100.3055, 17.3777 ], [ 100.2804, 17.3704 ], [ 100.2404, 17.3429 ], [ 100.2389, 17.3151 ], [ 100.2546, 17.2471 ], [ 100.2483, 17.2349 ], [ 100.1882, 17.1907 ], [ 100.1769, 17.1889 ], [ 100.1594, 17.2102 ], [ 100.1075, 17.1976 ], [ 100.074, 17.1791 ] ] ] ] } },
{ "type": "Feature", "properties": { "jurisdiction": "Yala", "total_segments": 99, "flagged_segments": 2, "mean_sss": 37.3, "flagged_pct": 2.0 }, "geometry": { "type": "MultiPolygon", "coordinates": [ [ [ [ 101.1234, 5.661 ], [ 101.0574, 5.7473 ], [ 101.0301, 5.7477 ], [ 101.016, 5.7731 ], [ 100.9899, 5.7913 ], [ 100.9861, 5.8065 ], [ 101.0155, 5.8354 ], [ 101.0061, 5.8505 ], [ 101.0095, 5.8736 ], [ 101.0291, 5.9014 ], [ 101.0256, 5.9128 ], [ 101.0362, 5.9179 ], [ 101.052, 5.9103 ], [ 101.0639, 5.9192 ], [ 101.0857, 5.9109 ], [ 101.0957, 5.951 ], [ 101.1271, 5.9783 ], [ 101.1064, 5.9991 ], [ 101.1132, 6.0351 ], [ 101.1027, 6.0549 ], [ 101.1321, 6.1021 ], [ 101.1187, 6.1137 ], [ 101.1063, 6.1131 ], [ 101.1048, 6.1239 ], [ 101.0897, 6.1341 ], [ 101.0587, 6.1428 ], [ 101.0858, 6.1786 ], [ 101.1078, 6.1795 ], [ 101.1266, 6.1953 ], [ 101.1152, 6.2043 ], [ 101.1188, 6.2122 ], [ 101.1053, 6.2379 ], [ 101.1118, 6.2489 ], [ 101.0932, 6.2611 ], [ 101.0194, 6.2537 ], [ 100.9778, 6.2896 ], [ 100.9402, 6.2499 ], [ 100.9051, 6.2453 ], [ 100.8793, 6.262 ], [ 100.8607, 6.24 ], [ 100.8358, 6.2951 ], [ 100.843, 6.3068 ], [ 100.849, 6.2887 ], [ 100.8645, 6.2972 ], [ 100.8885, 6.2964 ], [ 100.9288, 6.3208 ], [ 100.9197, 6.3541 ], [ 100.9269, 6.3693 ], [ 100.917, 6.3975 ], [ 100.9271, 6.436 ], [ 100.9339, 6.4451 ], [ 100.9486, 6.4424 ], [ 100.9608, 6.4513 ], [ 100.9772, 6.4862 ], [ 101.0003, 6.4822 ], [ 101.0238, 6.4989 ], [ 101.0382, 6.5182 ], [ 101.0416, 6.5412 ], [ 101.0698, 6.5451 ], [ 101.0845, 6.5699 ], [ 101.1119, 6.5868 ], [ 101.0892, 6.6083 ], [ 101.1023, 6.6269 ], [ 101.1141, 6.627 ], [ 101.1334, 6.6092 ], [ 101.215, 6.5957 ], [ 101.2401, 6.6346 ], [ 101.276, 6.6576 ], [ 101.2901, 6.6828 ], [ 101.2973, 6.6768 ], [ 101.2881, 6.6727 ], [ 101.3035, 6.6203 ], [ 101.2929, 6.6159 ], [ 101.2934, 6.6014 ], [ 101.3056, 6.5679 ], [ 101.3194, 6.5684 ], [ 101.3403, 6.5542 ], [ 101.3443, 6.5619 ], [ 101.3903, 6.5681 ], [ 101.4259, 6.5949 ], [ 101.4526, 6.5765 ], [ 101.4584, 6.5975 ], [ 101.4765, 6.5942 ], [ 101.5043, 6.6047 ], [ 101.5199, 6.5917 ], [ 101.5179, 6.5767 ], [ 101.5357, 6.556 ], [ 101.5655, 6.5496 ], [ 101.5931, 6.5654 ], [ 101.6091, 6.5441 ], [ 101.5756, 6.4994 ], [ 101.5336, 6.4686 ], [ 101.5503, 6.4552 ], [ 101.5487, 6.4442 ], [ 101.4639, 6.4655 ], [ 101.4695, 6.4253 ], [ 101.457, 6.4316 ], [ 101.4243, 6.4216 ], [ 101.4121, 6.3965 ], [ 101.4197, 6.3903 ], [ 101.4174, 6.372 ], [ 101.3979, 6.3585 ], [ 101.388, 6.3366 ], [ 101.4, 6.3177 ], [ 101.3938, 6.3003 ], [ 101.4029, 6.2704 ], [ 101.3957, 6.2449 ], [ 101.4036, 6.2392 ], [ 101.3962, 6.2238 ], [ 101.3715, 6.2077 ], [ 101.3884, 6.1659 ], [ 101.4113, 6.1573 ], [ 101.4157, 6.1429 ], [ 101.4267, 6.142 ], [ 101.4353, 6.1289 ], [ 101.4378, 6.0964 ], [ 101.4469, 6.082 ], [ 101.4669, 6.0801 ], [ 101.4754, 6.0658 ], [ 101.4827, 6.0125 ], [ 101.4732, 5.9885 ], [ 101.4845, 5.9777 ], [ 101.4865, 5.9562 ], [ 101.4974, 5.9484 ], [ 101.4905, 5.9375 ], [ 101.4902, 5.9016 ], [ 101.5007, 5.8927 ], [ 101.471, 5.8742 ], [ 101.3915, 5.8757 ], [ 101.3721, 5.8382 ], [ 101.3466, 5.8204 ], [ 101.3158, 5.808 ], [ 101.2884, 5.8218 ], [ 101.2751, 5.8134 ], [ 101.25, 5.762 ], [ 101.2598, 5.7324 ], [ 101.2571, 5.715 ], [ 101.2182, 5.6878 ], [ 101.2058, 5.6622 ], [ 101.1742, 5.6504 ], [ 101.1391, 5.6174 ], [ 101.1234, 5.661 ] ] ] ] } },
{ "type": "Feature", "properties": { "jurisdiction": "Yasothon", "total_segments": 41, "flagged_segments": 2, "mean_sss": 53.1, "flagged_pct": 4.9 }, "geometry": { "type": "MultiPolygon", "coordinates": [ [ [ [ 104.3517, 15.3421 ], [ 104.307, 15.3409 ], [ 104.2655, 15.3703 ], [ 104.2491, 15.3718 ], [ 104.2334, 15.414 ], [ 104.1838, 15.477 ], [ 104.1368, 15.5088 ], [ 104.1399, 15.5345 ], [ 104.1239, 15.5754 ], [ 104.1629, 15.6011 ], [ 104.2112, 15.6074 ], [ 104.2143, 15.615 ], [ 104.1877, 15.608 ], [ 104.1841, 15.6202 ], [ 104.1929, 15.6301 ], [ 104.1713, 15.6331 ], [ 104.1802, 15.6384 ], [ 104.1739, 15.6587 ], [ 104.1868, 15.6559 ], [ 104.189, 15.6648 ], [ 104.1772, 15.6632 ], [ 104.1778, 15.6706 ], [ 104.1541, 15.6898 ], [ 104.1441, 15.7054 ], [ 104.1493, 15.712 ], [ 104.1298, 15.6949 ], [ 104.1199, 15.7019 ], [ 104.1323, 15.704 ], [ 104.1302, 15.7225 ], [ 104.1436, 15.7272 ], [ 104.1343, 15.7405 ], [ 104.143, 15.7517 ], [ 104.1344, 15.7529 ], [ 104.1288, 15.7676 ], [ 104.14, 15.783 ], [ 104.135, 15.7986 ], [ 104.1137, 15.805 ], [ 104.0766, 15.8378 ], [ 104.0723, 15.8257 ], [ 104.0818, 15.8215 ], [ 104.0709, 15.8128 ], [ 104.0369, 15.7951 ], [ 104.0021, 15.7952 ], [ 103.9994, 15.8126 ], [ 104.0153, 15.8154 ], [ 104.0094, 15.8294 ], [ 104.0196, 15.8293 ], [ 104.0144, 15.8426 ], [ 104.0228, 15.8376 ], [ 104.021, 15.8464 ], [ 104.0295, 15.8499 ], [ 104.0309, 15.8581 ], [ 104.0217, 15.8648 ], [ 104.0388, 15.8662 ], [ 104.0263, 15.8682 ], [ 104.0343, 15.8731 ], [ 104.0173, 15.8842 ], [ 104.0231, 15.8896 ], [ 104.0171, 15.8912 ], [ 104.0165, 15.9091 ], [ 104.0257, 15.9102 ], [ 104.0383, 15.9386 ], [ 104.0291, 15.9589 ], [ 104.0176, 15.9473 ], [ 104.0137, 15.9569 ], [ 104.0307, 15.9819 ], [ 104.0638, 15.9862 ], [ 104.0946, 15.9752 ], [ 104.1053, 15.9823 ], [ 104.1094, 15.9918 ], [ 104.1031, 16.0028 ], [ 104.1158, 16.0382 ], [ 104.1041, 16.0482 ], [ 104.0976, 16.0724 ], [ 104.1113, 16.1049 ], [ 104.1207, 16.1129 ], [ 104.1417, 16.1087 ], [ 104.1763, 16.1459 ], [ 104.1912, 16.1451 ], [ 104.2068, 16.1611 ], [ 104.2181, 16.1553 ], [ 104.2297, 16.1644 ], [ 104.253, 16.2172 ], [ 104.2799, 16.2241 ], [ 104.3007, 16.2383 ], [ 104.3, 16.2515 ], [ 104.3346, 16.2715 ], [ 104.3533, 16.3232 ], [ 104.3697, 16.3392 ], [ 104.4001, 16.3477 ], [ 104.503, 16.3404 ], [ 104.5131, 16.315 ], [ 104.5534, 16.3097 ], [ 104.5796, 16.2449 ], [ 104.5878, 16.2365 ], [ 104.6019, 16.2381 ], [ 104.6155, 16.2148 ], [ 104.6304, 16.2089 ], [ 104.6458, 16.2133 ], [ 104.6607, 16.2235 ], [ 104.6688, 16.2418 ], [ 104.674, 16.2291 ], [ 104.6932, 16.224 ], [ 104.7058, 16.2057 ], [ 104.7639, 16.1985 ], [ 104.7817, 16.1817 ], [ 104.7933, 16.1547 ], [ 104.8226, 16.1563 ], [ 104.8273, 16.1408 ], [ 104.8192, 16.1292 ], [ 104.819, 16.0964 ], [ 104.8097, 16.0926 ], [ 104.7871, 16.1084 ], [ 104.7652, 16.0966 ], [ 104.7434, 16.0972 ], [ 104.6665, 16.1207 ], [ 104.6255, 16.1212 ], [ 104.6043, 16.1033 ], [ 104.5637, 16.0965 ], [ 104.5329, 16.0363 ], [ 104.5182, 16.024 ], [ 104.5332, 15.9969 ], [ 104.528, 15.9986 ], [ 104.52, 15.982 ], [ 104.5065, 15.9803 ], [ 104.5056, 15.9488 ], [ 104.471, 15.9164 ], [ 104.4695, 15.9011 ], [ 104.4563, 15.8995 ], [ 104.4591, 15.8736 ], [ 104.4502, 15.866 ], [ 104.4627, 15.842 ], [ 104.4374, 15.8118 ], [ 104.4423, 15.8046 ], [ 104.4278, 15.7704 ], [ 104.4361, 15.7515 ], [ 104.421, 15.745 ], [ 104.4333, 15.7365 ], [ 104.422, 15.6961 ], [ 104.4438, 15.6981 ], [ 104.439, 15.6852 ], [ 104.4481, 15.6697 ], [ 104.4388, 15.6655 ], [ 104.4486, 15.654 ], [ 104.4405, 15.6472 ], [ 104.4499, 15.6342 ], [ 104.4418, 15.6167 ], [ 104.4665, 15.6263 ], [ 104.4692, 15.5996 ], [ 104.4613, 15.5916 ], [ 104.484, 15.5833 ], [ 104.4914, 15.5927 ], [ 104.494, 15.5848 ], [ 104.5067, 15.585 ], [ 104.5124, 15.5614 ], [ 104.4816, 15.5353 ], [ 104.4162, 15.5343 ], [ 104.4017, 15.5437 ], [ 104.3863, 15.5033 ], [ 104.391, 15.4886 ], [ 104.3748, 15.4564 ], [ 104.3873, 15.4432 ], [ 104.394, 15.4058 ], [ 104.384, 15.3998 ], [ 104.3849, 15.3916 ], [ 104.4106, 15.385 ], [ 104.4212, 15.3614 ], [ 104.4071, 15.2883 ], [ 104.3853, 15.2925 ], [ 104.3767, 15.3189 ], [ 104.3517, 15.3421 ] ] ] ] } }
]
}
